{"frames": {

"scrollAnimation_000.png":
{
	"frame": {"x":344,"y":1,"w":174,"h":174},
	"rotated": false,
	"trimmed": true,
	"spriteSourceSize": {"x":42,"y":32,"w":174,"h":174},
	"sourceSize": {"w":295,"h":210},
	"pivot": {"x":0.5,"y":0.5}
},
"scrollAnimation_001.png":
{
	"frame": {"x":1,"y":1,"w":165,"h":176},
	"rotated": false,
	"trimmed": true,
	"spriteSourceSize": {"x":46,"y":33,"w":165,"h":176},
	"sourceSize": {"w":295,"h":210},
	"pivot": {"x":0.5,"y":0.5}
},
"scrollAnimation_002.png":
{
	"frame": {"x":550,"y":181,"w":184,"h":175},
	"rotated": false,
	"trimmed": true,
	"spriteSourceSize": {"x":31,"y":34,"w":184,"h":175},
	"sourceSize": {"w":295,"h":210},
	"pivot": {"x":0.5,"y":0.5}
},
"scrollAnimation_003.png":
{
	"frame": {"x":1316,"y":181,"w":207,"h":170},
	"rotated": false,
	"trimmed": true,
	"spriteSourceSize": {"x":12,"y":35,"w":207,"h":170},
	"sourceSize": {"w":295,"h":210},
	"pivot": {"x":0.5,"y":0.5}
},
"scrollAnimation_004.png":
{
	"frame": {"x":446,"y":545,"w":222,"h":161},
	"rotated": false,
	"trimmed": true,
	"spriteSourceSize": {"x":2,"y":35,"w":222,"h":161},
	"sourceSize": {"w":295,"h":210},
	"pivot": {"x":0.5,"y":0.5}
},
"scrollAnimation_005.png":
{
	"frame": {"x":670,"y":545,"w":227,"h":154},
	"rotated": false,
	"trimmed": true,
	"spriteSourceSize": {"x":2,"y":34,"w":227,"h":154},
	"sourceSize": {"w":295,"h":210},
	"pivot": {"x":0.5,"y":0.5}
},
"scrollAnimation_006.png":
{
	"frame": {"x":1,"y":545,"w":219,"h":164},
	"rotated": false,
	"trimmed": true,
	"spriteSourceSize": {"x":15,"y":34,"w":219,"h":164},
	"sourceSize": {"w":295,"h":210},
	"pivot": {"x":0.5,"y":0.5}
},
"scrollAnimation_007.png":
{
	"frame": {"x":1120,"y":181,"w":194,"h":171},
	"rotated": false,
	"trimmed": true,
	"spriteSourceSize": {"x":39,"y":38,"w":194,"h":171},
	"sourceSize": {"w":295,"h":210},
	"pivot": {"x":0.5,"y":0.5}
},
"scrollAnimation_008.png":
{
	"frame": {"x":736,"y":181,"w":186,"h":166},
	"rotated": false,
	"trimmed": true,
	"spriteSourceSize": {"x":66,"y":42,"w":186,"h":166},
	"sourceSize": {"w":295,"h":210},
	"pivot": {"x":0.5,"y":0.5}
},
"scrollAnimation_009.png":
{
	"frame": {"x":899,"y":545,"w":230,"h":146},
	"rotated": false,
	"trimmed": true,
	"spriteSourceSize": {"x":62,"y":46,"w":230,"h":146},
	"sourceSize": {"w":295,"h":210},
	"pivot": {"x":0.5,"y":0.5}
},
"scrollAnimation_010.png":
{
	"frame": {"x":1364,"y":545,"w":233,"h":118},
	"rotated": false,
	"trimmed": true,
	"spriteSourceSize": {"x":60,"y":46,"w":233,"h":118},
	"sourceSize": {"w":295,"h":210},
	"pivot": {"x":0.5,"y":0.5}
},
"scrollAnimation_011.png":
{
	"frame": {"x":222,"y":545,"w":222,"h":130},
	"rotated": false,
	"trimmed": true,
	"spriteSourceSize": {"x":59,"y":36,"w":222,"h":130},
	"sourceSize": {"w":295,"h":210},
	"pivot": {"x":0.5,"y":0.5}
},
"scrollAnimation_012.png":
{
	"frame": {"x":1488,"y":364,"w":216,"h":137},
	"rotated": false,
	"trimmed": true,
	"spriteSourceSize": {"x":57,"y":34,"w":216,"h":137},
	"sourceSize": {"w":295,"h":210},
	"pivot": {"x":0.5,"y":0.5}
},
"scrollAnimation_013.png":
{
	"frame": {"x":632,"y":364,"w":210,"h":144},
	"rotated": false,
	"trimmed": true,
	"spriteSourceSize": {"x":58,"y":26,"w":210,"h":144},
	"sourceSize": {"w":295,"h":210},
	"pivot": {"x":0.5,"y":0.5}
},
"scrollAnimation_014.png":
{
	"frame": {"x":1525,"y":181,"w":207,"h":147},
	"rotated": false,
	"trimmed": true,
	"spriteSourceSize": {"x":57,"y":26,"w":207,"h":147},
	"sourceSize": {"w":295,"h":210},
	"pivot": {"x":0.5,"y":0.5}
},
"scrollAnimation_015.png":
{
	"frame": {"x":1734,"y":181,"w":207,"h":148},
	"rotated": false,
	"trimmed": true,
	"spriteSourceSize": {"x":54,"y":27,"w":207,"h":148},
	"sourceSize": {"w":295,"h":210},
	"pivot": {"x":0.5,"y":0.5}
},
"scrollAnimation_016.png":
{
	"frame": {"x":421,"y":364,"w":209,"h":154},
	"rotated": false,
	"trimmed": true,
	"spriteSourceSize": {"x":51,"y":24,"w":209,"h":154},
	"sourceSize": {"w":295,"h":210},
	"pivot": {"x":0.5,"y":0.5}
},
"scrollAnimation_017.png":
{
	"frame": {"x":1,"y":364,"w":208,"h":160},
	"rotated": false,
	"trimmed": true,
	"spriteSourceSize": {"x":51,"y":18,"w":208,"h":160},
	"sourceSize": {"w":295,"h":210},
	"pivot": {"x":0.5,"y":0.5}
},
"scrollAnimation_018.png":
{
	"frame": {"x":211,"y":364,"w":208,"h":168},
	"rotated": false,
	"trimmed": true,
	"spriteSourceSize": {"x":51,"y":11,"w":208,"h":168},
	"sourceSize": {"w":295,"h":210},
	"pivot": {"x":0.5,"y":0.5}
},
"scrollAnimation_019.png":
{
	"frame": {"x":844,"y":364,"w":211,"h":177},
	"rotated": false,
	"trimmed": true,
	"spriteSourceSize": {"x":44,"y":2,"w":211,"h":177},
	"sourceSize": {"w":295,"h":210},
	"pivot": {"x":0.5,"y":0.5}
},
"scrollAnimation_020.png":
{
	"frame": {"x":1057,"y":364,"w":213,"h":179},
	"rotated": false,
	"trimmed": true,
	"spriteSourceSize": {"x":39,"y":0,"w":213,"h":179},
	"sourceSize": {"w":295,"h":210},
	"pivot": {"x":0.5,"y":0.5}
},
"scrollAnimation_021.png":
{
	"frame": {"x":1706,"y":364,"w":218,"h":178},
	"rotated": false,
	"trimmed": true,
	"spriteSourceSize": {"x":33,"y":0,"w":218,"h":178},
	"sourceSize": {"w":295,"h":210},
	"pivot": {"x":0.5,"y":0.5}
},
"scrollAnimation_022.png":
{
	"frame": {"x":1131,"y":545,"w":231,"h":159},
	"rotated": false,
	"trimmed": true,
	"spriteSourceSize": {"x":29,"y":18,"w":231,"h":159},
	"sourceSize": {"w":295,"h":210},
	"pivot": {"x":0.5,"y":0.5}
},
"scrollAnimation_023.png":
{
	"frame": {"x":1,"y":711,"w":244,"h":137},
	"rotated": false,
	"trimmed": true,
	"spriteSourceSize": {"x":28,"y":51,"w":244,"h":137},
	"sourceSize": {"w":295,"h":210},
	"pivot": {"x":0.5,"y":0.5}
},
"scrollAnimation_024.png":
{
	"frame": {"x":497,"y":711,"w":252,"h":143},
	"rotated": false,
	"trimmed": true,
	"spriteSourceSize": {"x":25,"y":52,"w":252,"h":143},
	"sourceSize": {"w":295,"h":210},
	"pivot": {"x":0.5,"y":0.5}
},
"scrollAnimation_025.png":
{
	"frame": {"x":247,"y":711,"w":248,"h":150},
	"rotated": false,
	"trimmed": true,
	"spriteSourceSize": {"x":30,"y":50,"w":248,"h":150},
	"sourceSize": {"w":295,"h":210},
	"pivot": {"x":0.5,"y":0.5}
},
"scrollAnimation_026.png":
{
	"frame": {"x":1599,"y":545,"w":234,"h":159},
	"rotated": false,
	"trimmed": true,
	"spriteSourceSize": {"x":32,"y":45,"w":234,"h":159},
	"sourceSize": {"w":295,"h":210},
	"pivot": {"x":0.5,"y":0.5}
},
"scrollAnimation_027.png":
{
	"frame": {"x":1272,"y":364,"w":214,"h":165},
	"rotated": false,
	"trimmed": true,
	"spriteSourceSize": {"x":36,"y":42,"w":214,"h":165},
	"sourceSize": {"w":295,"h":210},
	"pivot": {"x":0.5,"y":0.5}
},
"scrollAnimation_028.png":
{
	"frame": {"x":924,"y":181,"w":194,"h":169},
	"rotated": false,
	"trimmed": true,
	"spriteSourceSize": {"x":39,"y":37,"w":194,"h":169},
	"sourceSize": {"w":295,"h":210},
	"pivot": {"x":0.5,"y":0.5}
},
"scrollAnimation_029.png":
{
	"frame": {"x":1596,"y":1,"w":180,"h":171},
	"rotated": false,
	"trimmed": true,
	"spriteSourceSize": {"x":41,"y":34,"w":180,"h":171},
	"sourceSize": {"w":295,"h":210},
	"pivot": {"x":0.5,"y":0.5}
},
"scrollAnimation_030.png":
{
	"frame": {"x":168,"y":1,"w":174,"h":173},
	"rotated": false,
	"trimmed": true,
	"spriteSourceSize": {"x":49,"y":23,"w":174,"h":173},
	"sourceSize": {"w":295,"h":210},
	"pivot": {"x":0.5,"y":0.5}
},
"scrollAnimation_031.png":
{
	"frame": {"x":520,"y":1,"w":176,"h":174},
	"rotated": false,
	"trimmed": true,
	"spriteSourceSize": {"x":48,"y":22,"w":176,"h":174},
	"sourceSize": {"w":295,"h":210},
	"pivot": {"x":0.5,"y":0.5}
},
"scrollAnimation_032.png":
{
	"frame": {"x":698,"y":1,"w":176,"h":174},
	"rotated": false,
	"trimmed": true,
	"spriteSourceSize": {"x":48,"y":22,"w":176,"h":174},
	"sourceSize": {"w":295,"h":210},
	"pivot": {"x":0.5,"y":0.5}
},
"scrollAnimation_033.png":
{
	"frame": {"x":1234,"y":1,"w":178,"h":176},
	"rotated": false,
	"trimmed": true,
	"spriteSourceSize": {"x":47,"y":21,"w":178,"h":176},
	"sourceSize": {"w":295,"h":210},
	"pivot": {"x":0.5,"y":0.5}
},
"scrollAnimation_034.png":
{
	"frame": {"x":1414,"y":1,"w":180,"h":178},
	"rotated": false,
	"trimmed": true,
	"spriteSourceSize": {"x":46,"y":20,"w":180,"h":178},
	"sourceSize": {"w":295,"h":210},
	"pivot": {"x":0.5,"y":0.5}
},
"scrollAnimation_035.png":
{
	"frame": {"x":183,"y":181,"w":180,"h":178},
	"rotated": false,
	"trimmed": true,
	"spriteSourceSize": {"x":46,"y":20,"w":180,"h":178},
	"sourceSize": {"w":295,"h":210},
	"pivot": {"x":0.5,"y":0.5}
},
"scrollAnimation_036.png":
{
	"frame": {"x":365,"y":181,"w":183,"h":181},
	"rotated": false,
	"trimmed": true,
	"spriteSourceSize": {"x":45,"y":18,"w":183,"h":181},
	"sourceSize": {"w":295,"h":210},
	"pivot": {"x":0.5,"y":0.5}
},
"scrollAnimation_037.png":
{
	"frame": {"x":1,"y":181,"w":180,"h":178},
	"rotated": false,
	"trimmed": true,
	"spriteSourceSize": {"x":46,"y":20,"w":180,"h":178},
	"sourceSize": {"w":295,"h":210},
	"pivot": {"x":0.5,"y":0.5}
},
"scrollAnimation_038.png":
{
	"frame": {"x":1778,"y":1,"w":180,"h":178},
	"rotated": false,
	"trimmed": true,
	"spriteSourceSize": {"x":46,"y":20,"w":180,"h":178},
	"sourceSize": {"w":295,"h":210},
	"pivot": {"x":0.5,"y":0.5}
},
"scrollAnimation_039.png":
{
	"frame": {"x":1054,"y":1,"w":178,"h":176},
	"rotated": false,
	"trimmed": true,
	"spriteSourceSize": {"x":47,"y":21,"w":178,"h":176},
	"sourceSize": {"w":295,"h":210},
	"pivot": {"x":0.5,"y":0.5}
},
"scrollAnimation_040.png":
{
	"frame": {"x":876,"y":1,"w":176,"h":174},
	"rotated": false,
	"trimmed": true,
	"spriteSourceSize": {"x":48,"y":22,"w":176,"h":174},
	"sourceSize": {"w":295,"h":210},
	"pivot": {"x":0.5,"y":0.5}
}},
"meta": {
	"app": "http://www.codeandweb.com/texturepacker",
	"version": "1.0",
	"image": "scrollAnimation.png",
	"format": "RGBA8888",
	"size": {"w":2048,"h":2048},
	"scale": "1",
	"smartupdate": "$TexturePacker:SmartUpdate:f843e7293bb5b9f152bf82f042fe31e9:fb2303d56aa9e725ae904326a9235267:1b2e64cab143ca392f5d8d64f25fa503$"
}
}
