{"frames": {

"00_000.png":
{
	"frame": {"x":1,"y":1,"w":172,"h":172},
	"rotated": false,
	"trimmed": false,
	"spriteSourceSize": {"x":0,"y":0,"w":172,"h":172},
	"sourceSize": {"w":172,"h":172},
	"pivot": {"x":0.5,"y":0.5}
},
"00_001.png":
{
	"frame": {"x":175,"y":1,"w":172,"h":172},
	"rotated": false,
	"trimmed": false,
	"spriteSourceSize": {"x":0,"y":0,"w":172,"h":172},
	"sourceSize": {"w":172,"h":172},
	"pivot": {"x":0.5,"y":0.5}
},
"00_002.png":
{
	"frame": {"x":349,"y":1,"w":172,"h":172},
	"rotated": false,
	"trimmed": false,
	"spriteSourceSize": {"x":0,"y":0,"w":172,"h":172},
	"sourceSize": {"w":172,"h":172},
	"pivot": {"x":0.5,"y":0.5}
},
"00_003.png":
{
	"frame": {"x":523,"y":1,"w":172,"h":172},
	"rotated": false,
	"trimmed": false,
	"spriteSourceSize": {"x":0,"y":0,"w":172,"h":172},
	"sourceSize": {"w":172,"h":172},
	"pivot": {"x":0.5,"y":0.5}
},
"00_004.png":
{
	"frame": {"x":697,"y":1,"w":172,"h":172},
	"rotated": false,
	"trimmed": false,
	"spriteSourceSize": {"x":0,"y":0,"w":172,"h":172},
	"sourceSize": {"w":172,"h":172},
	"pivot": {"x":0.5,"y":0.5}
},
"00_005.png":
{
	"frame": {"x":1,"y":175,"w":172,"h":172},
	"rotated": false,
	"trimmed": false,
	"spriteSourceSize": {"x":0,"y":0,"w":172,"h":172},
	"sourceSize": {"w":172,"h":172},
	"pivot": {"x":0.5,"y":0.5}
},
"00_006.png":
{
	"frame": {"x":175,"y":175,"w":172,"h":172},
	"rotated": false,
	"trimmed": false,
	"spriteSourceSize": {"x":0,"y":0,"w":172,"h":172},
	"sourceSize": {"w":172,"h":172},
	"pivot": {"x":0.5,"y":0.5}
},
"00_007.png":
{
	"frame": {"x":349,"y":175,"w":172,"h":172},
	"rotated": false,
	"trimmed": false,
	"spriteSourceSize": {"x":0,"y":0,"w":172,"h":172},
	"sourceSize": {"w":172,"h":172},
	"pivot": {"x":0.5,"y":0.5}
},
"00_008.png":
{
	"frame": {"x":523,"y":175,"w":172,"h":172},
	"rotated": false,
	"trimmed": false,
	"spriteSourceSize": {"x":0,"y":0,"w":172,"h":172},
	"sourceSize": {"w":172,"h":172},
	"pivot": {"x":0.5,"y":0.5}
},
"00_009.png":
{
	"frame": {"x":697,"y":175,"w":172,"h":172},
	"rotated": false,
	"trimmed": false,
	"spriteSourceSize": {"x":0,"y":0,"w":172,"h":172},
	"sourceSize": {"w":172,"h":172},
	"pivot": {"x":0.5,"y":0.5}
},
"00_010.png":
{
	"frame": {"x":1,"y":349,"w":172,"h":172},
	"rotated": false,
	"trimmed": false,
	"spriteSourceSize": {"x":0,"y":0,"w":172,"h":172},
	"sourceSize": {"w":172,"h":172},
	"pivot": {"x":0.5,"y":0.5}
},
"00_011.png":
{
	"frame": {"x":175,"y":349,"w":172,"h":172},
	"rotated": false,
	"trimmed": false,
	"spriteSourceSize": {"x":0,"y":0,"w":172,"h":172},
	"sourceSize": {"w":172,"h":172},
	"pivot": {"x":0.5,"y":0.5}
},
"00_012.png":
{
	"frame": {"x":349,"y":349,"w":172,"h":172},
	"rotated": false,
	"trimmed": false,
	"spriteSourceSize": {"x":0,"y":0,"w":172,"h":172},
	"sourceSize": {"w":172,"h":172},
	"pivot": {"x":0.5,"y":0.5}
},
"00_013.png":
{
	"frame": {"x":523,"y":349,"w":172,"h":172},
	"rotated": false,
	"trimmed": false,
	"spriteSourceSize": {"x":0,"y":0,"w":172,"h":172},
	"sourceSize": {"w":172,"h":172},
	"pivot": {"x":0.5,"y":0.5}
},
"00_014.png":
{
	"frame": {"x":697,"y":349,"w":172,"h":172},
	"rotated": false,
	"trimmed": false,
	"spriteSourceSize": {"x":0,"y":0,"w":172,"h":172},
	"sourceSize": {"w":172,"h":172},
	"pivot": {"x":0.5,"y":0.5}
},
"00_015.png":
{
	"frame": {"x":1,"y":523,"w":172,"h":172},
	"rotated": false,
	"trimmed": false,
	"spriteSourceSize": {"x":0,"y":0,"w":172,"h":172},
	"sourceSize": {"w":172,"h":172},
	"pivot": {"x":0.5,"y":0.5}
},
"00_016.png":
{
	"frame": {"x":175,"y":523,"w":172,"h":172},
	"rotated": false,
	"trimmed": false,
	"spriteSourceSize": {"x":0,"y":0,"w":172,"h":172},
	"sourceSize": {"w":172,"h":172},
	"pivot": {"x":0.5,"y":0.5}
},
"00_017.png":
{
	"frame": {"x":349,"y":523,"w":172,"h":172},
	"rotated": false,
	"trimmed": false,
	"spriteSourceSize": {"x":0,"y":0,"w":172,"h":172},
	"sourceSize": {"w":172,"h":172},
	"pivot": {"x":0.5,"y":0.5}
},
"00_018.png":
{
	"frame": {"x":523,"y":523,"w":172,"h":172},
	"rotated": false,
	"trimmed": false,
	"spriteSourceSize": {"x":0,"y":0,"w":172,"h":172},
	"sourceSize": {"w":172,"h":172},
	"pivot": {"x":0.5,"y":0.5}
},
"00_019.png":
{
	"frame": {"x":697,"y":523,"w":172,"h":172},
	"rotated": false,
	"trimmed": false,
	"spriteSourceSize": {"x":0,"y":0,"w":172,"h":172},
	"sourceSize": {"w":172,"h":172},
	"pivot": {"x":0.5,"y":0.5}
},
"00_020.png":
{
	"frame": {"x":1,"y":697,"w":172,"h":172},
	"rotated": false,
	"trimmed": false,
	"spriteSourceSize": {"x":0,"y":0,"w":172,"h":172},
	"sourceSize": {"w":172,"h":172},
	"pivot": {"x":0.5,"y":0.5}
},
"00_021.png":
{
	"frame": {"x":175,"y":697,"w":172,"h":172},
	"rotated": false,
	"trimmed": false,
	"spriteSourceSize": {"x":0,"y":0,"w":172,"h":172},
	"sourceSize": {"w":172,"h":172},
	"pivot": {"x":0.5,"y":0.5}
},
"00_022.png":
{
	"frame": {"x":349,"y":697,"w":172,"h":172},
	"rotated": false,
	"trimmed": false,
	"spriteSourceSize": {"x":0,"y":0,"w":172,"h":172},
	"sourceSize": {"w":172,"h":172},
	"pivot": {"x":0.5,"y":0.5}
},
"00_023.png":
{
	"frame": {"x":523,"y":697,"w":172,"h":172},
	"rotated": false,
	"trimmed": false,
	"spriteSourceSize": {"x":0,"y":0,"w":172,"h":172},
	"sourceSize": {"w":172,"h":172},
	"pivot": {"x":0.5,"y":0.5}
},
"00_024.png":
{
	"frame": {"x":697,"y":697,"w":172,"h":172},
	"rotated": false,
	"trimmed": false,
	"spriteSourceSize": {"x":0,"y":0,"w":172,"h":172},
	"sourceSize": {"w":172,"h":172},
	"pivot": {"x":0.5,"y":0.5}
}},
"meta": {
	"app": "http://www.codeandweb.com/texturepacker",
	"version": "1.0",
	"image": "00-0.jpg",
	"format": "RGB8888",
	"size": {"w":1024,"h":1024},
	"scale": "1",
	"smartupdate": "$TexturePacker:SmartUpdate:68e6ffad6786a4eebadbc0d988c18512:eeced71179e7847720b0f9ece74b9f0b:94936e9a28e1bc5e32edb50fdb5b7ba5$"
}
}
