{"frames": {

"01_075.png":
{
	"frame": {"x":1,"y":1,"w":172,"h":172},
	"rotated": false,
	"trimmed": false,
	"spriteSourceSize": {"x":0,"y":0,"w":172,"h":172},
	"sourceSize": {"w":172,"h":172},
	"pivot": {"x":0.5,"y":0.5}
},
"01_076.png":
{
	"frame": {"x":175,"y":1,"w":172,"h":172},
	"rotated": false,
	"trimmed": false,
	"spriteSourceSize": {"x":0,"y":0,"w":172,"h":172},
	"sourceSize": {"w":172,"h":172},
	"pivot": {"x":0.5,"y":0.5}
},
"01_077.png":
{
	"frame": {"x":349,"y":1,"w":172,"h":172},
	"rotated": false,
	"trimmed": false,
	"spriteSourceSize": {"x":0,"y":0,"w":172,"h":172},
	"sourceSize": {"w":172,"h":172},
	"pivot": {"x":0.5,"y":0.5}
},
"01_078.png":
{
	"frame": {"x":523,"y":1,"w":172,"h":172},
	"rotated": false,
	"trimmed": false,
	"spriteSourceSize": {"x":0,"y":0,"w":172,"h":172},
	"sourceSize": {"w":172,"h":172},
	"pivot": {"x":0.5,"y":0.5}
},
"01_079.png":
{
	"frame": {"x":697,"y":1,"w":172,"h":172},
	"rotated": false,
	"trimmed": false,
	"spriteSourceSize": {"x":0,"y":0,"w":172,"h":172},
	"sourceSize": {"w":172,"h":172},
	"pivot": {"x":0.5,"y":0.5}
},
"01_080.png":
{
	"frame": {"x":1,"y":175,"w":172,"h":172},
	"rotated": false,
	"trimmed": false,
	"spriteSourceSize": {"x":0,"y":0,"w":172,"h":172},
	"sourceSize": {"w":172,"h":172},
	"pivot": {"x":0.5,"y":0.5}
},
"01_081.png":
{
	"frame": {"x":175,"y":175,"w":172,"h":172},
	"rotated": false,
	"trimmed": false,
	"spriteSourceSize": {"x":0,"y":0,"w":172,"h":172},
	"sourceSize": {"w":172,"h":172},
	"pivot": {"x":0.5,"y":0.5}
},
"01_082.png":
{
	"frame": {"x":349,"y":175,"w":172,"h":172},
	"rotated": false,
	"trimmed": false,
	"spriteSourceSize": {"x":0,"y":0,"w":172,"h":172},
	"sourceSize": {"w":172,"h":172},
	"pivot": {"x":0.5,"y":0.5}
},
"01_083.png":
{
	"frame": {"x":523,"y":175,"w":172,"h":172},
	"rotated": false,
	"trimmed": false,
	"spriteSourceSize": {"x":0,"y":0,"w":172,"h":172},
	"sourceSize": {"w":172,"h":172},
	"pivot": {"x":0.5,"y":0.5}
},
"01_084.png":
{
	"frame": {"x":697,"y":175,"w":172,"h":172},
	"rotated": false,
	"trimmed": false,
	"spriteSourceSize": {"x":0,"y":0,"w":172,"h":172},
	"sourceSize": {"w":172,"h":172},
	"pivot": {"x":0.5,"y":0.5}
},
"01_085.png":
{
	"frame": {"x":1,"y":349,"w":172,"h":172},
	"rotated": false,
	"trimmed": false,
	"spriteSourceSize": {"x":0,"y":0,"w":172,"h":172},
	"sourceSize": {"w":172,"h":172},
	"pivot": {"x":0.5,"y":0.5}
},
"01_086.png":
{
	"frame": {"x":175,"y":349,"w":172,"h":172},
	"rotated": false,
	"trimmed": false,
	"spriteSourceSize": {"x":0,"y":0,"w":172,"h":172},
	"sourceSize": {"w":172,"h":172},
	"pivot": {"x":0.5,"y":0.5}
},
"01_087.png":
{
	"frame": {"x":349,"y":349,"w":172,"h":172},
	"rotated": false,
	"trimmed": false,
	"spriteSourceSize": {"x":0,"y":0,"w":172,"h":172},
	"sourceSize": {"w":172,"h":172},
	"pivot": {"x":0.5,"y":0.5}
},
"01_088.png":
{
	"frame": {"x":523,"y":349,"w":172,"h":172},
	"rotated": false,
	"trimmed": false,
	"spriteSourceSize": {"x":0,"y":0,"w":172,"h":172},
	"sourceSize": {"w":172,"h":172},
	"pivot": {"x":0.5,"y":0.5}
},
"01_089.png":
{
	"frame": {"x":697,"y":349,"w":172,"h":172},
	"rotated": false,
	"trimmed": false,
	"spriteSourceSize": {"x":0,"y":0,"w":172,"h":172},
	"sourceSize": {"w":172,"h":172},
	"pivot": {"x":0.5,"y":0.5}
},
"01_090.png":
{
	"frame": {"x":1,"y":523,"w":172,"h":172},
	"rotated": false,
	"trimmed": false,
	"spriteSourceSize": {"x":0,"y":0,"w":172,"h":172},
	"sourceSize": {"w":172,"h":172},
	"pivot": {"x":0.5,"y":0.5}
},
"01_091.png":
{
	"frame": {"x":175,"y":523,"w":172,"h":172},
	"rotated": false,
	"trimmed": false,
	"spriteSourceSize": {"x":0,"y":0,"w":172,"h":172},
	"sourceSize": {"w":172,"h":172},
	"pivot": {"x":0.5,"y":0.5}
},
"01_092.png":
{
	"frame": {"x":349,"y":523,"w":172,"h":172},
	"rotated": false,
	"trimmed": false,
	"spriteSourceSize": {"x":0,"y":0,"w":172,"h":172},
	"sourceSize": {"w":172,"h":172},
	"pivot": {"x":0.5,"y":0.5}
},
"01_093.png":
{
	"frame": {"x":523,"y":523,"w":172,"h":172},
	"rotated": false,
	"trimmed": false,
	"spriteSourceSize": {"x":0,"y":0,"w":172,"h":172},
	"sourceSize": {"w":172,"h":172},
	"pivot": {"x":0.5,"y":0.5}
},
"01_094.png":
{
	"frame": {"x":697,"y":523,"w":172,"h":172},
	"rotated": false,
	"trimmed": false,
	"spriteSourceSize": {"x":0,"y":0,"w":172,"h":172},
	"sourceSize": {"w":172,"h":172},
	"pivot": {"x":0.5,"y":0.5}
},
"01_095.png":
{
	"frame": {"x":1,"y":697,"w":172,"h":172},
	"rotated": false,
	"trimmed": false,
	"spriteSourceSize": {"x":0,"y":0,"w":172,"h":172},
	"sourceSize": {"w":172,"h":172},
	"pivot": {"x":0.5,"y":0.5}
},
"01_096.png":
{
	"frame": {"x":175,"y":697,"w":172,"h":172},
	"rotated": false,
	"trimmed": false,
	"spriteSourceSize": {"x":0,"y":0,"w":172,"h":172},
	"sourceSize": {"w":172,"h":172},
	"pivot": {"x":0.5,"y":0.5}
},
"01_097.png":
{
	"frame": {"x":349,"y":697,"w":172,"h":172},
	"rotated": false,
	"trimmed": false,
	"spriteSourceSize": {"x":0,"y":0,"w":172,"h":172},
	"sourceSize": {"w":172,"h":172},
	"pivot": {"x":0.5,"y":0.5}
},
"01_098.png":
{
	"frame": {"x":523,"y":697,"w":172,"h":172},
	"rotated": false,
	"trimmed": false,
	"spriteSourceSize": {"x":0,"y":0,"w":172,"h":172},
	"sourceSize": {"w":172,"h":172},
	"pivot": {"x":0.5,"y":0.5}
},
"01_099.png":
{
	"frame": {"x":697,"y":697,"w":172,"h":172},
	"rotated": false,
	"trimmed": false,
	"spriteSourceSize": {"x":0,"y":0,"w":172,"h":172},
	"sourceSize": {"w":172,"h":172},
	"pivot": {"x":0.5,"y":0.5}
}},
"meta": {
	"app": "http://www.codeandweb.com/texturepacker",
	"version": "1.0",
	"image": "01-3.jpg",
	"format": "RGB8888",
	"size": {"w":1024,"h":1024},
	"scale": "1",
	"smartupdate": "$TexturePacker:SmartUpdate:a90c2834a75c2b42f7e62c2e3e2a9bb9:cb05c1bb0a4027787f7964b4234ebb1c:1ab2e51a796476c850321005e70a6b1d$"
}
}
