{"frames": {

"02_075.png":
{
	"frame": {"x":1,"y":1,"w":172,"h":172},
	"rotated": false,
	"trimmed": false,
	"spriteSourceSize": {"x":0,"y":0,"w":172,"h":172},
	"sourceSize": {"w":172,"h":172},
	"pivot": {"x":0.5,"y":0.5}
},
"02_076.png":
{
	"frame": {"x":175,"y":1,"w":172,"h":172},
	"rotated": false,
	"trimmed": false,
	"spriteSourceSize": {"x":0,"y":0,"w":172,"h":172},
	"sourceSize": {"w":172,"h":172},
	"pivot": {"x":0.5,"y":0.5}
},
"02_077.png":
{
	"frame": {"x":349,"y":1,"w":172,"h":172},
	"rotated": false,
	"trimmed": false,
	"spriteSourceSize": {"x":0,"y":0,"w":172,"h":172},
	"sourceSize": {"w":172,"h":172},
	"pivot": {"x":0.5,"y":0.5}
},
"02_078.png":
{
	"frame": {"x":523,"y":1,"w":172,"h":172},
	"rotated": false,
	"trimmed": false,
	"spriteSourceSize": {"x":0,"y":0,"w":172,"h":172},
	"sourceSize": {"w":172,"h":172},
	"pivot": {"x":0.5,"y":0.5}
},
"02_079.png":
{
	"frame": {"x":697,"y":1,"w":172,"h":172},
	"rotated": false,
	"trimmed": false,
	"spriteSourceSize": {"x":0,"y":0,"w":172,"h":172},
	"sourceSize": {"w":172,"h":172},
	"pivot": {"x":0.5,"y":0.5}
},
"02_080.png":
{
	"frame": {"x":1,"y":175,"w":172,"h":172},
	"rotated": false,
	"trimmed": false,
	"spriteSourceSize": {"x":0,"y":0,"w":172,"h":172},
	"sourceSize": {"w":172,"h":172},
	"pivot": {"x":0.5,"y":0.5}
},
"02_081.png":
{
	"frame": {"x":175,"y":175,"w":172,"h":172},
	"rotated": false,
	"trimmed": false,
	"spriteSourceSize": {"x":0,"y":0,"w":172,"h":172},
	"sourceSize": {"w":172,"h":172},
	"pivot": {"x":0.5,"y":0.5}
}},
"meta": {
	"app": "http://www.codeandweb.com/texturepacker",
	"version": "1.0",
	"image": "02-3.jpg",
	"format": "RGB8888",
	"size": {"w":1024,"h":1024},
	"scale": "1",
	"smartupdate": "$TexturePacker:SmartUpdate:608f0dc558f9e72fa8a4fd643b937333:4811c4b7ec2f0d4e8ba5a3805d4eb870:154b88b02ee6c269fd5c03cf909a8cea$"
}
}
