{"frames": {

"jackpotGameName.png":
{
	"frame": {"x":530,"y":177,"w":363,"h":85},
	"rotated": false,
	"trimmed": true,
	"spriteSourceSize": {"x":460,"y":314,"w":363,"h":85},
	"sourceSize": {"w":1280,"h":720},
	"pivot": {"x":0.5,"y":0.5}
},
"jackpotPanelScarab_01.png":
{
	"frame": {"x":1,"y":51,"w":108,"h":48},
	"rotated": false,
	"trimmed": false,
	"spriteSourceSize": {"x":0,"y":0,"w":108,"h":48},
	"sourceSize": {"w":108,"h":48},
	"pivot": {"x":0.5,"y":0.5}
},
"jackpotPanelScarab_02.png":
{
	"frame": {"x":835,"y":1,"w":128,"h":48},
	"rotated": false,
	"trimmed": false,
	"spriteSourceSize": {"x":0,"y":0,"w":128,"h":48},
	"sourceSize": {"w":128,"h":48},
	"pivot": {"x":0.5,"y":0.5}
},
"jackpotPanelScarab_03.png":
{
	"frame": {"x":111,"y":51,"w":148,"h":48},
	"rotated": false,
	"trimmed": false,
	"spriteSourceSize": {"x":0,"y":0,"w":148,"h":48},
	"sourceSize": {"w":148,"h":48},
	"pivot": {"x":0.5,"y":0.5}
},
"jackpotPanelScarab_04.png":
{
	"frame": {"x":473,"y":51,"w":178,"h":48},
	"rotated": false,
	"trimmed": false,
	"spriteSourceSize": {"x":0,"y":0,"w":178,"h":48},
	"sourceSize": {"w":178,"h":48},
	"pivot": {"x":0.5,"y":0.5}
},
"jackpotPanelScarab_05.png":
{
	"frame": {"x":261,"y":51,"w":210,"h":48},
	"rotated": false,
	"trimmed": false,
	"spriteSourceSize": {"x":0,"y":0,"w":210,"h":48},
	"sourceSize": {"w":210,"h":48},
	"pivot": {"x":0.5,"y":0.5}
},
"jackpotWin_en.png":
{
	"frame": {"x":1,"y":177,"w":527,"h":80},
	"rotated": false,
	"trimmed": true,
	"spriteSourceSize": {"x":377,"y":123,"w":527,"h":80},
	"sourceSize": {"w":1280,"h":720},
	"pivot": {"x":0.5,"y":0.5}
},
"panelScarabGlow_01.png":
{
	"frame": {"x":206,"y":114,"w":132,"h":61},
	"rotated": false,
	"trimmed": true,
	"spriteSourceSize": {"x":3,"y":0,"w":132,"h":61},
	"sourceSize": {"w":138,"h":61},
	"pivot": {"x":0.5,"y":0.5}
},
"panelScarabGlow_02.png":
{
	"frame": {"x":580,"y":114,"w":153,"h":61},
	"rotated": false,
	"trimmed": true,
	"spriteSourceSize": {"x":2,"y":0,"w":153,"h":61},
	"sourceSize": {"w":158,"h":61},
	"pivot": {"x":0.5,"y":0.5}
},
"panelScarabGlow_03.png":
{
	"frame": {"x":653,"y":51,"w":173,"h":61},
	"rotated": false,
	"trimmed": true,
	"spriteSourceSize": {"x":2,"y":0,"w":173,"h":61},
	"sourceSize": {"w":178,"h":61},
	"pivot": {"x":0.5,"y":0.5}
},
"panelScarabGlow_04.png":
{
	"frame": {"x":1,"y":114,"w":203,"h":61},
	"rotated": false,
	"trimmed": true,
	"spriteSourceSize": {"x":2,"y":0,"w":203,"h":61},
	"sourceSize": {"w":208,"h":61},
	"pivot": {"x":0.5,"y":0.5}
},
"panelScarabGlow_05.png":
{
	"frame": {"x":340,"y":114,"w":238,"h":61},
	"rotated": false,
	"trimmed": true,
	"spriteSourceSize": {"x":1,"y":0,"w":238,"h":61},
	"sourceSize": {"w":240,"h":61},
	"pivot": {"x":0.5,"y":0.5}
},
"panelScarabInactive_01.png":
{
	"frame": {"x":333,"y":1,"w":108,"h":48},
	"rotated": false,
	"trimmed": false,
	"spriteSourceSize": {"x":0,"y":0,"w":108,"h":48},
	"sourceSize": {"w":108,"h":48},
	"pivot": {"x":0.5,"y":0.5}
},
"panelScarabInactive_02.png":
{
	"frame": {"x":203,"y":1,"w":128,"h":48},
	"rotated": false,
	"trimmed": false,
	"spriteSourceSize": {"x":0,"y":0,"w":128,"h":48},
	"sourceSize": {"w":128,"h":48},
	"pivot": {"x":0.5,"y":0.5}
},
"panelScarabInactive_03.png":
{
	"frame": {"x":53,"y":1,"w":148,"h":48},
	"rotated": false,
	"trimmed": false,
	"spriteSourceSize": {"x":0,"y":0,"w":148,"h":48},
	"sourceSize": {"w":148,"h":48},
	"pivot": {"x":0.5,"y":0.5}
},
"panelScarabInactive_04.png":
{
	"frame": {"x":443,"y":1,"w":178,"h":48},
	"rotated": false,
	"trimmed": false,
	"spriteSourceSize": {"x":0,"y":0,"w":178,"h":48},
	"sourceSize": {"w":178,"h":48},
	"pivot": {"x":0.5,"y":0.5}
},
"panelScarabInactive_05.png":
{
	"frame": {"x":623,"y":1,"w":210,"h":48},
	"rotated": false,
	"trimmed": false,
	"spriteSourceSize": {"x":0,"y":0,"w":210,"h":48},
	"sourceSize": {"w":210,"h":48},
	"pivot": {"x":0.5,"y":0.5}
},
"scarabGameName.png":
{
	"frame": {"x":1,"y":264,"w":524,"h":118},
	"rotated": false,
	"trimmed": true,
	"spriteSourceSize": {"x":378,"y":211,"w":524,"h":118},
	"sourceSize": {"w":1280,"h":720},
	"pivot": {"x":0.5,"y":0.5}
},
"stoneGlow.png":
{
	"frame": {"x":527,"y":264,"w":184,"h":184},
	"rotated": false,
	"trimmed": false,
	"spriteSourceSize": {"x":0,"y":0,"w":184,"h":184},
	"sourceSize": {"w":184,"h":184},
	"pivot": {"x":0.5,"y":0.5}
},
"symbol.png":
{
	"frame": {"x":27,"y":1,"w":24,"h":24},
	"rotated": false,
	"trimmed": false,
	"spriteSourceSize": {"x":0,"y":0,"w":24,"h":24},
	"sourceSize": {"w":24,"h":24},
	"pivot": {"x":0.5,"y":0.5}
},
"symbolEmpty.png":
{
	"frame": {"x":1,"y":1,"w":24,"h":24},
	"rotated": false,
	"trimmed": false,
	"spriteSourceSize": {"x":0,"y":0,"w":24,"h":24},
	"sourceSize": {"w":24,"h":24},
	"pivot": {"x":0.5,"y":0.5}
},
"winPanel.png":
{
	"frame": {"x":1,"y":450,"w":658,"h":287},
	"rotated": false,
	"trimmed": true,
	"spriteSourceSize": {"x":286,"y":91,"w":658,"h":287},
	"sourceSize": {"w":1280,"h":720},
	"pivot": {"x":0.5,"y":0.5}
}},
"meta": {
	"app": "https://www.codeandweb.com/texturepacker",
	"version": "1.0",
	"image": "scarabResources.png",
	"format": "RGBA8888",
	"size": {"w":1024,"h":1024},
	"scale": "1",
	"smartupdate": "$TexturePacker:SmartUpdate:64ea478d37ddb5224d1041008ee53747:3ed501bb0f3ae537e6303c28d3f04de8:adb02aa1af80a313a6221b3261113c0e$"
}
}
