{"frames": {

"crack_000.png":
{
	"frame": {"x":453,"y":406,"w":126,"h":131},
	"rotated": false,
	"trimmed": true,
	"spriteSourceSize": {"x":56,"y":51,"w":126,"h":131},
	"sourceSize": {"w":234,"h":234}
},
"crack_001.png":
{
	"frame": {"x":320,"y":406,"w":131,"h":133},
	"rotated": false,
	"trimmed": true,
	"spriteSourceSize": {"x":51,"y":50,"w":131,"h":133},
	"sourceSize": {"w":234,"h":234}
},
"crack_002.png":
{
	"frame": {"x":321,"y":161,"w":134,"h":134},
	"rotated": false,
	"trimmed": true,
	"spriteSourceSize": {"x":50,"y":50,"w":134,"h":134},
	"sourceSize": {"w":234,"h":234}
},
"crack_003.png":
{
	"frame": {"x":1,"y":1,"w":158,"h":158},
	"rotated": false,
	"trimmed": true,
	"spriteSourceSize": {"x":38,"y":38,"w":158,"h":158},
	"sourceSize": {"w":234,"h":234}
},
"crack_004.png":
{
	"frame": {"x":1,"y":161,"w":158,"h":158},
	"rotated": false,
	"trimmed": true,
	"spriteSourceSize": {"x":38,"y":38,"w":158,"h":158},
	"sourceSize": {"w":234,"h":234}
},
"crack_005.png":
{
	"frame": {"x":161,"y":1,"w":158,"h":158},
	"rotated": false,
	"trimmed": true,
	"spriteSourceSize": {"x":38,"y":38,"w":158,"h":158},
	"sourceSize": {"w":234,"h":234}
},
"crack_006.png":
{
	"frame": {"x":1,"y":321,"w":158,"h":158},
	"rotated": false,
	"trimmed": true,
	"spriteSourceSize": {"x":38,"y":38,"w":158,"h":158},
	"sourceSize": {"w":234,"h":234}
},
"crack_007.png":
{
	"frame": {"x":161,"y":161,"w":158,"h":158},
	"rotated": false,
	"trimmed": true,
	"spriteSourceSize": {"x":38,"y":38,"w":158,"h":158},
	"sourceSize": {"w":234,"h":234}
},
"crack_008.png":
{
	"frame": {"x":321,"y":1,"w":158,"h":158},
	"rotated": false,
	"trimmed": true,
	"spriteSourceSize": {"x":38,"y":38,"w":158,"h":158},
	"sourceSize": {"w":234,"h":234}
},
"crack_009.png":
{
	"frame": {"x":161,"y":321,"w":157,"h":157},
	"rotated": false,
	"trimmed": true,
	"spriteSourceSize": {"x":38,"y":38,"w":157,"h":157},
	"sourceSize": {"w":234,"h":234}
},
"crack_010.png":
{
	"frame": {"x":321,"y":297,"w":134,"h":107},
	"rotated": false,
	"trimmed": true,
	"spriteSourceSize": {"x":50,"y":63,"w":134,"h":107},
	"sourceSize": {"w":234,"h":234}
}},
"meta": {
	"app": "https://www.codeandweb.com/texturepacker",
	"version": "1.0",
	"image": "scarabCrack.png",
	"format": "RGBA8888",
	"size": {"w":580,"h":580},
	"scale": "1",
	"smartupdate": "$TexturePacker:SmartUpdate:73c95769e43ba8cb379da2501d1a42e5:c99130e8682f9ce946f4180d2173028e:0b285f7e7d062b357de55e268874be63$"
}
}
