{"frames": {

"crackPos_000.png":
{
	"frame": {"x":119,"y":105,"w":113,"h":102},
	"rotated": false,
	"trimmed": true,
	"spriteSourceSize": {"x":60,"y":66,"w":113,"h":102},
	"sourceSize": {"w":234,"h":234}
},
"crackPos_001.png":
{
	"frame": {"x":1,"y":209,"w":115,"h":102},
	"rotated": false,
	"trimmed": true,
	"spriteSourceSize": {"x":59,"y":66,"w":115,"h":102},
	"sourceSize": {"w":234,"h":234}
},
"crackPos_002.png":
{
	"frame": {"x":1,"y":105,"w":116,"h":102},
	"rotated": false,
	"trimmed": true,
	"spriteSourceSize": {"x":58,"y":66,"w":116,"h":102},
	"sourceSize": {"w":234,"h":234}
},
"crackPos_003.png":
{
	"frame": {"x":1,"y":1,"w":117,"h":102},
	"rotated": false,
	"trimmed": true,
	"spriteSourceSize": {"x":58,"y":66,"w":117,"h":102},
	"sourceSize": {"w":234,"h":234}
},
"crackPos_004.png":
{
	"frame": {"x":120,"y":1,"w":117,"h":102},
	"rotated": false,
	"trimmed": true,
	"spriteSourceSize": {"x":58,"y":66,"w":117,"h":102},
	"sourceSize": {"w":234,"h":234}
},
"crackPos_005.png":
{
	"frame": {"x":239,"y":1,"w":117,"h":102},
	"rotated": false,
	"trimmed": true,
	"spriteSourceSize": {"x":58,"y":66,"w":117,"h":102},
	"sourceSize": {"w":234,"h":234}
},
"crackPos_006.png":
{
	"frame": {"x":1,"y":313,"w":115,"h":102},
	"rotated": false,
	"trimmed": true,
	"spriteSourceSize": {"x":59,"y":66,"w":115,"h":102},
	"sourceSize": {"w":234,"h":234}
},
"crackPos_007.png":
{
	"frame": {"x":118,"y":209,"w":115,"h":102},
	"rotated": false,
	"trimmed": true,
	"spriteSourceSize": {"x":59,"y":66,"w":115,"h":102},
	"sourceSize": {"w":234,"h":234}
},
"crackPos_008.png":
{
	"frame": {"x":234,"y":105,"w":111,"h":102},
	"rotated": false,
	"trimmed": true,
	"spriteSourceSize": {"x":61,"y":66,"w":111,"h":102},
	"sourceSize": {"w":234,"h":234}
},
"crackPos_009.png":
{
	"frame": {"x":118,"y":313,"w":108,"h":102},
	"rotated": false,
	"trimmed": true,
	"spriteSourceSize": {"x":63,"y":66,"w":108,"h":102},
	"sourceSize": {"w":234,"h":234}
},
"crackPos_010.png":
{
	"frame": {"x":228,"y":313,"w":102,"h":102},
	"rotated": false,
	"trimmed": true,
	"spriteSourceSize": {"x":66,"y":66,"w":102,"h":102},
	"sourceSize": {"w":234,"h":234}
},
"crackPos_011.png":
{
	"frame": {"x":235,"y":209,"w":102,"h":102},
	"rotated": false,
	"trimmed": true,
	"spriteSourceSize": {"x":66,"y":66,"w":102,"h":102},
	"sourceSize": {"w":234,"h":234}
}},
"meta": {
	"app": "https://www.codeandweb.com/texturepacker",
	"version": "1.0",
	"image": "scarabFlutter.png",
	"format": "RGBA8888",
	"size": {"w":416,"h":416},
	"scale": "1",
	"smartupdate": "$TexturePacker:SmartUpdate:0f8b993f08138f2fd5812f3a62f73251:2c7fd55e4d8f7eafdfd1523b2bb2efb4:40a3c7f1f3075353e03b7a03044e3a56$"
}
}
