{"frames": {

"scarabPortraitSunrise_000.png":
{
	"frame": {"x":1,"y":1,"w":142,"h":135},
	"rotated": false,
	"trimmed": false,
	"spriteSourceSize": {"x":0,"y":0,"w":142,"h":135},
	"sourceSize": {"w":142,"h":135}
},
"scarabPortraitSunrise_001.png":
{
	"frame": {"x":145,"y":1,"w":142,"h":135},
	"rotated": false,
	"trimmed": false,
	"spriteSourceSize": {"x":0,"y":0,"w":142,"h":135},
	"sourceSize": {"w":142,"h":135}
},
"scarabPortraitSunrise_002.png":
{
	"frame": {"x":289,"y":1,"w":142,"h":135},
	"rotated": false,
	"trimmed": false,
	"spriteSourceSize": {"x":0,"y":0,"w":142,"h":135},
	"sourceSize": {"w":142,"h":135}
},
"scarabPortraitSunrise_003.png":
{
	"frame": {"x":433,"y":1,"w":142,"h":135},
	"rotated": false,
	"trimmed": false,
	"spriteSourceSize": {"x":0,"y":0,"w":142,"h":135},
	"sourceSize": {"w":142,"h":135}
},
"scarabPortraitSunrise_004.png":
{
	"frame": {"x":577,"y":1,"w":142,"h":135},
	"rotated": false,
	"trimmed": false,
	"spriteSourceSize": {"x":0,"y":0,"w":142,"h":135},
	"sourceSize": {"w":142,"h":135}
},
"scarabPortraitSunrise_005.png":
{
	"frame": {"x":721,"y":1,"w":142,"h":135},
	"rotated": false,
	"trimmed": false,
	"spriteSourceSize": {"x":0,"y":0,"w":142,"h":135},
	"sourceSize": {"w":142,"h":135}
},
"scarabPortraitSunrise_006.png":
{
	"frame": {"x":865,"y":1,"w":142,"h":135},
	"rotated": false,
	"trimmed": false,
	"spriteSourceSize": {"x":0,"y":0,"w":142,"h":135},
	"sourceSize": {"w":142,"h":135}
},
"scarabPortraitSunrise_007.png":
{
	"frame": {"x":1,"y":138,"w":142,"h":135},
	"rotated": false,
	"trimmed": false,
	"spriteSourceSize": {"x":0,"y":0,"w":142,"h":135},
	"sourceSize": {"w":142,"h":135}
},
"scarabPortraitSunrise_008.png":
{
	"frame": {"x":145,"y":138,"w":142,"h":135},
	"rotated": false,
	"trimmed": false,
	"spriteSourceSize": {"x":0,"y":0,"w":142,"h":135},
	"sourceSize": {"w":142,"h":135}
},
"scarabPortraitSunrise_009.png":
{
	"frame": {"x":289,"y":138,"w":142,"h":135},
	"rotated": false,
	"trimmed": false,
	"spriteSourceSize": {"x":0,"y":0,"w":142,"h":135},
	"sourceSize": {"w":142,"h":135}
},
"scarabPortraitSunrise_010.png":
{
	"frame": {"x":433,"y":138,"w":142,"h":135},
	"rotated": false,
	"trimmed": false,
	"spriteSourceSize": {"x":0,"y":0,"w":142,"h":135},
	"sourceSize": {"w":142,"h":135}
},
"scarabPortraitSunrise_011.png":
{
	"frame": {"x":577,"y":138,"w":142,"h":135},
	"rotated": false,
	"trimmed": false,
	"spriteSourceSize": {"x":0,"y":0,"w":142,"h":135},
	"sourceSize": {"w":142,"h":135}
}},
"meta": {
	"app": "https://www.codeandweb.com/texturepacker",
	"version": "1.0",
	"image": "scarabPortraitSunrise.png",
	"format": "RGBA8888",
	"size": {"w":1024,"h":1024},
	"scale": "1",
	"smartupdate": "$TexturePacker:SmartUpdate:a06c21e8968563e07b90639e56db6d7f:eeee2c151ae13edd15ed645da4dcf005:58d57c45d5aade54e44560233ab4ccf6$"
}
}
