{"frames": {

"scarabWalkStart_000.png":
{
	"frame": {"x":249,"y":213,"w":128,"h":104},
	"rotated": false,
	"trimmed": true,
	"spriteSourceSize": {"x":11,"y":22,"w":128,"h":104},
	"sourceSize": {"w":152,"h":152}
},
"scarabWalkStart_001.png":
{
	"frame": {"x":379,"y":213,"w":131,"h":104},
	"rotated": false,
	"trimmed": true,
	"spriteSourceSize": {"x":10,"y":22,"w":131,"h":104},
	"sourceSize": {"w":152,"h":152}
},
"scarabWalkStart_002.png":
{
	"frame": {"x":1,"y":319,"w":133,"h":104},
	"rotated": false,
	"trimmed": true,
	"spriteSourceSize": {"x":9,"y":22,"w":133,"h":104},
	"sourceSize": {"w":152,"h":152}
},
"scarabWalkStart_003.png":
{
	"frame": {"x":136,"y":319,"w":136,"h":103},
	"rotated": false,
	"trimmed": true,
	"spriteSourceSize": {"x":8,"y":23,"w":136,"h":103},
	"sourceSize": {"w":152,"h":152}
},
"scarabWalkStart_004.png":
{
	"frame": {"x":274,"y":319,"w":141,"h":104},
	"rotated": false,
	"trimmed": true,
	"spriteSourceSize": {"x":5,"y":24,"w":141,"h":104},
	"sourceSize": {"w":152,"h":152}
},
"scarabWalkStart_005.png":
{
	"frame": {"x":119,"y":213,"w":128,"h":101},
	"rotated": false,
	"trimmed": true,
	"spriteSourceSize": {"x":12,"y":25,"w":128,"h":101},
	"sourceSize": {"w":152,"h":152}
},
"scarabWalkStart_006.png":
{
	"frame": {"x":1,"y":213,"w":116,"h":100},
	"rotated": false,
	"trimmed": true,
	"spriteSourceSize": {"x":18,"y":26,"w":116,"h":100},
	"sourceSize": {"w":152,"h":152}
},
"scarabWalkStart_007.png":
{
	"frame": {"x":396,"y":107,"w":98,"h":100},
	"rotated": false,
	"trimmed": true,
	"spriteSourceSize": {"x":27,"y":26,"w":98,"h":100},
	"sourceSize": {"w":152,"h":152}
},
"scarabWalkStart_008.png":
{
	"frame": {"x":314,"y":107,"w":80,"h":99},
	"rotated": false,
	"trimmed": true,
	"spriteSourceSize": {"x":36,"y":27,"w":80,"h":99},
	"sourceSize": {"w":152,"h":152}
},
"scarabWalkStart_009.png":
{
	"frame": {"x":1,"y":107,"w":75,"h":98},
	"rotated": false,
	"trimmed": true,
	"spriteSourceSize": {"x":37,"y":27,"w":75,"h":98},
	"sourceSize": {"w":152,"h":152}
},
"scarabWalkStart_010.png":
{
	"frame": {"x":365,"y":1,"w":73,"h":98},
	"rotated": false,
	"trimmed": true,
	"spriteSourceSize": {"x":38,"y":27,"w":73,"h":98},
	"sourceSize": {"w":152,"h":152}
},
"scarabWalkStart_011.png":
{
	"frame": {"x":290,"y":1,"w":73,"h":101},
	"rotated": false,
	"trimmed": true,
	"spriteSourceSize": {"x":38,"y":27,"w":73,"h":101},
	"sourceSize": {"w":152,"h":152}
},
"scarabWalkStart_012.png":
{
	"frame": {"x":144,"y":1,"w":70,"h":103},
	"rotated": false,
	"trimmed": true,
	"spriteSourceSize": {"x":39,"y":27,"w":70,"h":103},
	"sourceSize": {"w":152,"h":152}
},
"scarabWalkStart_013.png":
{
	"frame": {"x":440,"y":1,"w":74,"h":104},
	"rotated": false,
	"trimmed": true,
	"spriteSourceSize": {"x":37,"y":27,"w":74,"h":104},
	"sourceSize": {"w":152,"h":152}
},
"scarabWalkStart_014.png":
{
	"frame": {"x":156,"y":107,"w":77,"h":104},
	"rotated": false,
	"trimmed": true,
	"spriteSourceSize": {"x":36,"y":27,"w":77,"h":104},
	"sourceSize": {"w":152,"h":152}
},
"scarabWalkStart_015.png":
{
	"frame": {"x":235,"y":107,"w":77,"h":103},
	"rotated": false,
	"trimmed": true,
	"spriteSourceSize": {"x":36,"y":27,"w":77,"h":103},
	"sourceSize": {"w":152,"h":152}
},
"scarabWalkStart_016.png":
{
	"frame": {"x":78,"y":107,"w":76,"h":98},
	"rotated": false,
	"trimmed": true,
	"spriteSourceSize": {"x":37,"y":27,"w":76,"h":98},
	"sourceSize": {"w":152,"h":152}
},
"scarabWalkStart_017.png":
{
	"frame": {"x":216,"y":1,"w":72,"h":97},
	"rotated": false,
	"trimmed": true,
	"spriteSourceSize": {"x":40,"y":27,"w":72,"h":97},
	"sourceSize": {"w":152,"h":152}
},
"scarabWalkStart_018.png":
{
	"frame": {"x":72,"y":1,"w":70,"h":100},
	"rotated": false,
	"trimmed": true,
	"spriteSourceSize": {"x":42,"y":27,"w":70,"h":100},
	"sourceSize": {"w":152,"h":152}
},
"scarabWalkStart_019.png":
{
	"frame": {"x":1,"y":1,"w":69,"h":103},
	"rotated": false,
	"trimmed": true,
	"spriteSourceSize": {"x":43,"y":27,"w":69,"h":103},
	"sourceSize": {"w":152,"h":152}
}},
"meta": {
	"app": "https://www.codeandweb.com/texturepacker",
	"version": "1.0",
	"image": "scarabWalkStart.png",
	"format": "RGBA8888",
	"size": {"w":515,"h":515},
	"scale": "1",
	"smartupdate": "$TexturePacker:SmartUpdate:9346be8e6a9aa0190e965abbee48ec2c:8e824774d08bc2cb4b8d5aecfbe8cf31:cb02c7db8388314291c408b6cac33f8d$"
}
}
