{"frames": {

"scarabIntro_000.png":
{
	"frame": {"x":1,"y":1,"w":850,"h":409},
	"rotated": false,
	"trimmed": false,
	"spriteSourceSize": {"x":0,"y":0,"w":850,"h":409},
	"sourceSize": {"w":850,"h":409}
},
"scarabIntro_001.png":
{
	"frame": {"x":853,"y":1,"w":850,"h":409},
	"rotated": false,
	"trimmed": false,
	"spriteSourceSize": {"x":0,"y":0,"w":850,"h":409},
	"sourceSize": {"w":850,"h":409}
},
"scarabIntro_002.png":
{
	"frame": {"x":1705,"y":1,"w":850,"h":409},
	"rotated": false,
	"trimmed": false,
	"spriteSourceSize": {"x":0,"y":0,"w":850,"h":409},
	"sourceSize": {"w":850,"h":409}
},
"scarabIntro_003.png":
{
	"frame": {"x":2557,"y":1,"w":850,"h":409},
	"rotated": false,
	"trimmed": false,
	"spriteSourceSize": {"x":0,"y":0,"w":850,"h":409},
	"sourceSize": {"w":850,"h":409}
},
"scarabIntro_004.png":
{
	"frame": {"x":1,"y":412,"w":850,"h":409},
	"rotated": false,
	"trimmed": false,
	"spriteSourceSize": {"x":0,"y":0,"w":850,"h":409},
	"sourceSize": {"w":850,"h":409}
},
"scarabIntro_005.png":
{
	"frame": {"x":853,"y":412,"w":850,"h":409},
	"rotated": false,
	"trimmed": false,
	"spriteSourceSize": {"x":0,"y":0,"w":850,"h":409},
	"sourceSize": {"w":850,"h":409}
},
"scarabIntro_006.png":
{
	"frame": {"x":1705,"y":412,"w":850,"h":409},
	"rotated": false,
	"trimmed": false,
	"spriteSourceSize": {"x":0,"y":0,"w":850,"h":409},
	"sourceSize": {"w":850,"h":409}
},
"scarabIntro_007.png":
{
	"frame": {"x":2557,"y":412,"w":850,"h":409},
	"rotated": false,
	"trimmed": false,
	"spriteSourceSize": {"x":0,"y":0,"w":850,"h":409},
	"sourceSize": {"w":850,"h":409}
},
"scarabIntro_008.png":
{
	"frame": {"x":1,"y":823,"w":850,"h":409},
	"rotated": false,
	"trimmed": false,
	"spriteSourceSize": {"x":0,"y":0,"w":850,"h":409},
	"sourceSize": {"w":850,"h":409}
},
"scarabIntro_009.png":
{
	"frame": {"x":853,"y":823,"w":850,"h":409},
	"rotated": false,
	"trimmed": false,
	"spriteSourceSize": {"x":0,"y":0,"w":850,"h":409},
	"sourceSize": {"w":850,"h":409}
},
"scarabIntro_010.png":
{
	"frame": {"x":853,"y":823,"w":850,"h":409},
	"rotated": false,
	"trimmed": false,
	"spriteSourceSize": {"x":0,"y":0,"w":850,"h":409},
	"sourceSize": {"w":850,"h":409}
},
"scarabIntro_011.png":
{
	"frame": {"x":1705,"y":823,"w":850,"h":409},
	"rotated": false,
	"trimmed": false,
	"spriteSourceSize": {"x":0,"y":0,"w":850,"h":409},
	"sourceSize": {"w":850,"h":409}
},
"scarabIntro_012.png":
{
	"frame": {"x":2557,"y":823,"w":850,"h":409},
	"rotated": false,
	"trimmed": false,
	"spriteSourceSize": {"x":0,"y":0,"w":850,"h":409},
	"sourceSize": {"w":850,"h":409}
},
"scarabIntro_013.png":
{
	"frame": {"x":1,"y":1234,"w":850,"h":409},
	"rotated": false,
	"trimmed": false,
	"spriteSourceSize": {"x":0,"y":0,"w":850,"h":409},
	"sourceSize": {"w":850,"h":409}
},
"scarabIntro_014.png":
{
	"frame": {"x":853,"y":1234,"w":850,"h":409},
	"rotated": false,
	"trimmed": false,
	"spriteSourceSize": {"x":0,"y":0,"w":850,"h":409},
	"sourceSize": {"w":850,"h":409}
},
"scarabIntro_015.png":
{
	"frame": {"x":1705,"y":1234,"w":850,"h":409},
	"rotated": false,
	"trimmed": false,
	"spriteSourceSize": {"x":0,"y":0,"w":850,"h":409},
	"sourceSize": {"w":850,"h":409}
},
"scarabIntro_016.png":
{
	"frame": {"x":2557,"y":1234,"w":850,"h":409},
	"rotated": false,
	"trimmed": false,
	"spriteSourceSize": {"x":0,"y":0,"w":850,"h":409},
	"sourceSize": {"w":850,"h":409}
},
"scarabIntro_017.png":
{
	"frame": {"x":1,"y":1645,"w":850,"h":409},
	"rotated": false,
	"trimmed": false,
	"spriteSourceSize": {"x":0,"y":0,"w":850,"h":409},
	"sourceSize": {"w":850,"h":409}
},
"scarabIntro_018.png":
{
	"frame": {"x":853,"y":1645,"w":850,"h":409},
	"rotated": false,
	"trimmed": false,
	"spriteSourceSize": {"x":0,"y":0,"w":850,"h":409},
	"sourceSize": {"w":850,"h":409}
},
"scarabIntro_019.png":
{
	"frame": {"x":1705,"y":1645,"w":850,"h":409},
	"rotated": false,
	"trimmed": false,
	"spriteSourceSize": {"x":0,"y":0,"w":850,"h":409},
	"sourceSize": {"w":850,"h":409}
},
"scarabIntro_020.png":
{
	"frame": {"x":2557,"y":1645,"w":850,"h":409},
	"rotated": false,
	"trimmed": false,
	"spriteSourceSize": {"x":0,"y":0,"w":850,"h":409},
	"sourceSize": {"w":850,"h":409}
}},
"meta": {
	"app": "https://www.codeandweb.com/texturepacker",
	"version": "1.0",
	"image": "scarabIntro-1.1.jpg",
	"format": "RGB888",
	"size": {"w":3408,"h":2055},
	"scale": "1",
	"smartupdate": "$TexturePacker:SmartUpdate:db30f175f319f17d20af2ffe1e61c014:ac5baf5ac178b90ab8ea3d32c9520616:5c92d91c2bb4dd7f3067002a4e2ff83d$"
}
}
