{"frames": {

"jackpotGameName.png":
{
	"frame": {"x":1,"y":189,"w":271,"h":63},
	"rotated": false,
	"trimmed": false,
	"spriteSourceSize": {"x":0,"y":0,"w":271,"h":63},
	"sourceSize": {"w":271,"h":63}
},
"jackpotWin.png":
{
	"frame": {"x":1,"y":322,"w":513,"h":222},
	"rotated": false,
	"trimmed": false,
	"spriteSourceSize": {"x":0,"y":0,"w":513,"h":222},
	"sourceSize": {"w":513,"h":222}
},
"jackpotWin_bg.png":
{
	"frame": {"x":1,"y":131,"w":459,"h":49},
	"rotated": false,
	"trimmed": false,
	"spriteSourceSize": {"x":0,"y":0,"w":459,"h":49},
	"sourceSize": {"w":459,"h":49}
},
"jackpotWin_en.png":
{
	"frame": {"x":462,"y":131,"w":392,"h":56},
	"rotated": false,
	"trimmed": false,
	"spriteSourceSize": {"x":0,"y":0,"w":392,"h":56},
	"sourceSize": {"w":392,"h":56}
},
"landscape/glowPanelScarab_01.png":
{
	"frame": {"x":1,"y":43,"w":87,"h":40},
	"rotated": false,
	"trimmed": false,
	"spriteSourceSize": {"x":0,"y":0,"w":87,"h":40},
	"sourceSize": {"w":87,"h":40}
},
"landscape/glowPanelScarab_02.png":
{
	"frame": {"x":90,"y":43,"w":102,"h":40},
	"rotated": false,
	"trimmed": false,
	"spriteSourceSize": {"x":0,"y":0,"w":102,"h":40},
	"sourceSize": {"w":102,"h":40}
},
"landscape/glowPanelScarab_03.png":
{
	"frame": {"x":351,"y":1,"w":121,"h":39},
	"rotated": false,
	"trimmed": false,
	"spriteSourceSize": {"x":0,"y":0,"w":121,"h":39},
	"sourceSize": {"w":121,"h":39}
},
"landscape/glowPanelScarab_04.png":
{
	"frame": {"x":194,"y":43,"w":142,"h":40},
	"rotated": false,
	"trimmed": false,
	"spriteSourceSize": {"x":0,"y":0,"w":142,"h":40},
	"sourceSize": {"w":142,"h":40}
},
"landscape/glowPanelScarab_05.png":
{
	"frame": {"x":338,"y":43,"w":167,"h":40},
	"rotated": false,
	"trimmed": false,
	"spriteSourceSize": {"x":0,"y":0,"w":167,"h":40},
	"sourceSize": {"w":167,"h":40}
},
"landscape/jackpotPanelScarab_01.png":
{
	"frame": {"x":891,"y":1,"w":87,"h":40},
	"rotated": false,
	"trimmed": false,
	"spriteSourceSize": {"x":0,"y":0,"w":87,"h":40},
	"sourceSize": {"w":87,"h":40}
},
"landscape/jackpotPanelScarab_02.png":
{
	"frame": {"x":643,"y":1,"w":102,"h":40},
	"rotated": false,
	"trimmed": false,
	"spriteSourceSize": {"x":0,"y":0,"w":102,"h":40},
	"sourceSize": {"w":102,"h":40}
},
"landscape/jackpotPanelScarab_03.png":
{
	"frame": {"x":228,"y":1,"w":121,"h":39},
	"rotated": false,
	"trimmed": false,
	"spriteSourceSize": {"x":0,"y":0,"w":121,"h":39},
	"sourceSize": {"w":121,"h":39}
},
"landscape/jackpotPanelScarab_04.png":
{
	"frame": {"x":747,"y":1,"w":142,"h":40},
	"rotated": false,
	"trimmed": false,
	"spriteSourceSize": {"x":0,"y":0,"w":142,"h":40},
	"sourceSize": {"w":142,"h":40}
},
"landscape/jackpotPanelScarab_05.png":
{
	"frame": {"x":474,"y":1,"w":167,"h":40},
	"rotated": false,
	"trimmed": false,
	"spriteSourceSize": {"x":0,"y":0,"w":167,"h":40},
	"sourceSize": {"w":167,"h":40}
},
"portrait/glowPanelScarab_01.png":
{
	"frame": {"x":339,"y":87,"w":96,"h":42},
	"rotated": false,
	"trimmed": false,
	"spriteSourceSize": {"x":0,"y":0,"w":96,"h":42},
	"sourceSize": {"w":96,"h":42}
},
"portrait/glowPanelScarab_02.png":
{
	"frame": {"x":221,"y":87,"w":116,"h":42},
	"rotated": false,
	"trimmed": false,
	"spriteSourceSize": {"x":0,"y":0,"w":116,"h":42},
	"sourceSize": {"w":116,"h":42}
},
"portrait/glowPanelScarab_03.png":
{
	"frame": {"x":657,"y":87,"w":218,"h":42},
	"rotated": false,
	"trimmed": false,
	"spriteSourceSize": {"x":0,"y":0,"w":218,"h":42},
	"sourceSize": {"w":218,"h":42}
},
"portrait/glowPanelScarab_04.png":
{
	"frame": {"x":437,"y":87,"w":218,"h":42},
	"rotated": false,
	"trimmed": false,
	"spriteSourceSize": {"x":0,"y":0,"w":218,"h":42},
	"sourceSize": {"w":218,"h":42}
},
"portrait/glowPanelScarab_05.png":
{
	"frame": {"x":437,"y":87,"w":218,"h":42},
	"rotated": false,
	"trimmed": false,
	"spriteSourceSize": {"x":0,"y":0,"w":218,"h":42},
	"sourceSize": {"w":218,"h":42}
},
"portrait/jackpotPanelScarab_01.png":
{
	"frame": {"x":845,"y":43,"w":96,"h":42},
	"rotated": false,
	"trimmed": false,
	"spriteSourceSize": {"x":0,"y":0,"w":96,"h":42},
	"sourceSize": {"w":96,"h":42}
},
"portrait/jackpotPanelScarab_02.png":
{
	"frame": {"x":507,"y":43,"w":116,"h":42},
	"rotated": false,
	"trimmed": false,
	"spriteSourceSize": {"x":0,"y":0,"w":116,"h":42},
	"sourceSize": {"w":116,"h":42}
},
"portrait/jackpotPanelScarab_03.png":
{
	"frame": {"x":1,"y":87,"w":218,"h":42},
	"rotated": false,
	"trimmed": false,
	"spriteSourceSize": {"x":0,"y":0,"w":218,"h":42},
	"sourceSize": {"w":218,"h":42}
},
"portrait/jackpotPanelScarab_04.png":
{
	"frame": {"x":625,"y":43,"w":218,"h":42},
	"rotated": false,
	"trimmed": false,
	"spriteSourceSize": {"x":0,"y":0,"w":218,"h":42},
	"sourceSize": {"w":218,"h":42}
},
"portrait/jackpotPanelScarab_05.png":
{
	"frame": {"x":625,"y":43,"w":218,"h":42},
	"rotated": false,
	"trimmed": false,
	"spriteSourceSize": {"x":0,"y":0,"w":218,"h":42},
	"sourceSize": {"w":218,"h":42}
},
"scarabBg-landscape.png":
{
	"frame": {"x":1,"y":620,"w":850,"h":409},
	"rotated": false,
	"trimmed": false,
	"spriteSourceSize": {"x":0,"y":0,"w":850,"h":409},
	"sourceSize": {"w":850,"h":409}
},
"scarabBg-portrait.png":
{
	"frame": {"x":516,"y":322,"w":540,"h":296},
	"rotated": false,
	"trimmed": false,
	"spriteSourceSize": {"x":0,"y":0,"w":540,"h":296},
	"sourceSize": {"w":540,"h":296}
},
"scarabGameName.png":
{
	"frame": {"x":274,"y":189,"w":391,"h":87},
	"rotated": false,
	"trimmed": false,
	"spriteSourceSize": {"x":0,"y":0,"w":391,"h":87},
	"sourceSize": {"w":391,"h":87}
},
"scarabHeaderLogoNeutral.png":
{
	"frame": {"x":130,"y":1,"w":96,"h":22},
	"rotated": false,
	"trimmed": false,
	"spriteSourceSize": {"x":0,"y":0,"w":96,"h":22},
	"sourceSize": {"w":96,"h":22}
},
"scarabLogoNeutral.png":
{
	"frame": {"x":1,"y":1,"w":87,"h":18},
	"rotated": false,
	"trimmed": false,
	"spriteSourceSize": {"x":0,"y":0,"w":87,"h":18},
	"sourceSize": {"w":87,"h":18}
},
"stoneGlow.png":
{
	"frame": {"x":667,"y":189,"w":131,"h":131},
	"rotated": false,
	"trimmed": false,
	"spriteSourceSize": {"x":0,"y":0,"w":131,"h":131},
	"sourceSize": {"w":131,"h":131}
},
"symbol.png":
{
	"frame": {"x":90,"y":1,"w":18,"h":19},
	"rotated": false,
	"trimmed": false,
	"spriteSourceSize": {"x":0,"y":0,"w":18,"h":19},
	"sourceSize": {"w":18,"h":19}
},
"symbolEmpty.png":
{
	"frame": {"x":110,"y":1,"w":18,"h":19},
	"rotated": false,
	"trimmed": false,
	"spriteSourceSize": {"x":0,"y":0,"w":18,"h":19},
	"sourceSize": {"w":18,"h":19}
}},
"meta": {
	"app": "https://www.codeandweb.com/texturepacker",
	"version": "1.0",
	"image": "scarabResources.png",
	"format": "RGBA8888",
	"size": {"w":1057,"h":1057},
	"scale": "1",
	"smartupdate": "$TexturePacker:SmartUpdate:d76e80b94952f3727dd1ca2c6e0cb48a:90c81475fd31badc1ce4cbb3b596f446:adb02aa1af80a313a6221b3261113c0e$"
}
}
