{"frames": {

"scarabIntro_021.png":
{
	"frame": {"x":1,"y":1,"w":850,"h":409},
	"rotated": false,
	"trimmed": false,
	"spriteSourceSize": {"x":0,"y":0,"w":850,"h":409},
	"sourceSize": {"w":850,"h":409}
},
"scarabIntro_022.png":
{
	"frame": {"x":853,"y":1,"w":850,"h":409},
	"rotated": false,
	"trimmed": false,
	"spriteSourceSize": {"x":0,"y":0,"w":850,"h":409},
	"sourceSize": {"w":850,"h":409}
},
"scarabIntro_023.png":
{
	"frame": {"x":1,"y":412,"w":850,"h":409},
	"rotated": false,
	"trimmed": false,
	"spriteSourceSize": {"x":0,"y":0,"w":850,"h":409},
	"sourceSize": {"w":850,"h":409}
},
"scarabIntro_024.png":
{
	"frame": {"x":853,"y":412,"w":850,"h":409},
	"rotated": false,
	"trimmed": false,
	"spriteSourceSize": {"x":0,"y":0,"w":850,"h":409},
	"sourceSize": {"w":850,"h":409}
},
"scarabIntro_025.png":
{
	"frame": {"x":1,"y":823,"w":850,"h":409},
	"rotated": false,
	"trimmed": false,
	"spriteSourceSize": {"x":0,"y":0,"w":850,"h":409},
	"sourceSize": {"w":850,"h":409}
},
"scarabIntro_026.png":
{
	"frame": {"x":853,"y":823,"w":850,"h":409},
	"rotated": false,
	"trimmed": false,
	"spriteSourceSize": {"x":0,"y":0,"w":850,"h":409},
	"sourceSize": {"w":850,"h":409}
},
"scarabIntro_027.png":
{
	"frame": {"x":1,"y":1234,"w":850,"h":409},
	"rotated": false,
	"trimmed": false,
	"spriteSourceSize": {"x":0,"y":0,"w":850,"h":409},
	"sourceSize": {"w":850,"h":409}
},
"scarabIntro_028.png":
{
	"frame": {"x":853,"y":1234,"w":850,"h":409},
	"rotated": false,
	"trimmed": false,
	"spriteSourceSize": {"x":0,"y":0,"w":850,"h":409},
	"sourceSize": {"w":850,"h":409}
},
"scarabIntro_029.png":
{
	"frame": {"x":1,"y":1645,"w":850,"h":409},
	"rotated": false,
	"trimmed": false,
	"spriteSourceSize": {"x":0,"y":0,"w":850,"h":409},
	"sourceSize": {"w":850,"h":409}
},
"scarabIntro_030.png":
{
	"frame": {"x":853,"y":1645,"w":850,"h":409},
	"rotated": false,
	"trimmed": false,
	"spriteSourceSize": {"x":0,"y":0,"w":850,"h":409},
	"sourceSize": {"w":850,"h":409}
},
"scarabIntro_031.png":
{
	"frame": {"x":1,"y":2056,"w":850,"h":409},
	"rotated": false,
	"trimmed": false,
	"spriteSourceSize": {"x":0,"y":0,"w":850,"h":409},
	"sourceSize": {"w":850,"h":409}
},
"scarabIntro_032.png":
{
	"frame": {"x":853,"y":2056,"w":850,"h":409},
	"rotated": false,
	"trimmed": false,
	"spriteSourceSize": {"x":0,"y":0,"w":850,"h":409},
	"sourceSize": {"w":850,"h":409}
}},
"meta": {
	"app": "https://www.codeandweb.com/texturepacker",
	"version": "1.0",
	"image": "scarabIntro-2.1.jpg",
	"format": "RGB888",
	"size": {"w":1704,"h":2466},
	"scale": "1",
	"smartupdate": "$TexturePacker:SmartUpdate:b38bf7aa4a617a1540a84a0c4f27056f:ee80f20caa0679b706301c8bf7a4c9ff:b58e688f4f3cda962f165444720a7297$"
}
}
