{"frames": {

"crackNeg_000.png":
{
	"frame": {"x":1,"y":108,"w":103,"h":105},
	"rotated": false,
	"trimmed": true,
	"spriteSourceSize": {"x":27,"y":26,"w":103,"h":105},
	"sourceSize": {"w":156,"h":156}
},
"crackNeg_001.png":
{
	"frame": {"x":342,"y":1,"w":105,"h":105},
	"rotated": false,
	"trimmed": true,
	"spriteSourceSize": {"x":27,"y":26,"w":105,"h":105},
	"sourceSize": {"w":156,"h":156}
},
"crackNeg_002.png":
{
	"frame": {"x":116,"y":1,"w":109,"h":105},
	"rotated": false,
	"trimmed": true,
	"spriteSourceSize": {"x":24,"y":26,"w":109,"h":105},
	"sourceSize": {"w":156,"h":156}
},
"crackNeg_003.png":
{
	"frame": {"x":227,"y":1,"w":113,"h":105},
	"rotated": false,
	"trimmed": true,
	"spriteSourceSize": {"x":22,"y":26,"w":113,"h":105},
	"sourceSize": {"w":156,"h":156}
},
"crackNeg_004.png":
{
	"frame": {"x":1,"y":1,"w":113,"h":105},
	"rotated": false,
	"trimmed": true,
	"spriteSourceSize": {"x":22,"y":26,"w":113,"h":105},
	"sourceSize": {"w":156,"h":156}
},
"crackNeg_005.png":
{
	"frame": {"x":147,"y":432,"w":113,"h":112},
	"rotated": false,
	"trimmed": true,
	"spriteSourceSize": {"x":22,"y":22,"w":113,"h":112},
	"sourceSize": {"w":156,"h":156}
},
"crackNeg_006.png":
{
	"frame": {"x":262,"y":432,"w":113,"h":112},
	"rotated": false,
	"trimmed": true,
	"spriteSourceSize": {"x":22,"y":22,"w":113,"h":112},
	"sourceSize": {"w":156,"h":156}
},
"crackNeg_007.png":
{
	"frame": {"x":377,"y":432,"w":148,"h":118},
	"rotated": false,
	"trimmed": true,
	"spriteSourceSize": {"x":3,"y":19,"w":148,"h":118},
	"sourceSize": {"w":156,"h":156}
},
"crackNeg_008.png":
{
	"frame": {"x":159,"y":324,"w":156,"h":106},
	"rotated": false,
	"trimmed": true,
	"spriteSourceSize": {"x":0,"y":25,"w":156,"h":106},
	"sourceSize": {"w":156,"h":156}
},
"crackNeg_009.png":
{
	"frame": {"x":1,"y":324,"w":156,"h":106},
	"rotated": false,
	"trimmed": true,
	"spriteSourceSize": {"x":0,"y":25,"w":156,"h":106},
	"sourceSize": {"w":156,"h":156}
},
"crackNeg_010.png":
{
	"frame": {"x":317,"y":324,"w":153,"h":106},
	"rotated": false,
	"trimmed": true,
	"spriteSourceSize": {"x":1,"y":25,"w":153,"h":106},
	"sourceSize": {"w":156,"h":156}
},
"crackNeg_011.png":
{
	"frame": {"x":147,"y":216,"w":147,"h":106},
	"rotated": false,
	"trimmed": true,
	"spriteSourceSize": {"x":4,"y":25,"w":147,"h":106},
	"sourceSize": {"w":156,"h":156}
},
"crackNeg_012.png":
{
	"frame": {"x":106,"y":108,"w":144,"h":106},
	"rotated": false,
	"trimmed": true,
	"spriteSourceSize": {"x":6,"y":25,"w":144,"h":106},
	"sourceSize": {"w":156,"h":156}
},
"crackNeg_013.png":
{
	"frame": {"x":252,"y":108,"w":144,"h":106},
	"rotated": false,
	"trimmed": true,
	"spriteSourceSize": {"x":6,"y":25,"w":144,"h":106},
	"sourceSize": {"w":156,"h":156}
},
"crackNeg_014.png":
{
	"frame": {"x":296,"y":216,"w":144,"h":106},
	"rotated": false,
	"trimmed": true,
	"spriteSourceSize": {"x":6,"y":25,"w":144,"h":106},
	"sourceSize": {"w":156,"h":156}
},
"crackNeg_015.png":
{
	"frame": {"x":1,"y":216,"w":144,"h":106},
	"rotated": false,
	"trimmed": true,
	"spriteSourceSize": {"x":6,"y":25,"w":144,"h":106},
	"sourceSize": {"w":156,"h":156}
},
"crackNeg_016.png":
{
	"frame": {"x":398,"y":108,"w":144,"h":106},
	"rotated": false,
	"trimmed": true,
	"spriteSourceSize": {"x":6,"y":25,"w":144,"h":106},
	"sourceSize": {"w":156,"h":156}
},
"crackNeg_017.png":
{
	"frame": {"x":1,"y":432,"w":144,"h":106},
	"rotated": false,
	"trimmed": true,
	"spriteSourceSize": {"x":6,"y":25,"w":144,"h":106},
	"sourceSize": {"w":156,"h":156}
}},
"meta": {
	"app": "https://www.codeandweb.com/texturepacker",
	"version": "1.0",
	"image": "scarabCollect_bg.png",
	"format": "RGBA8888",
	"size": {"w":551,"h":551},
	"scale": "1",
	"smartupdate": "$TexturePacker:SmartUpdate:4f85bc32f0734861111b6bbed824074f:c2e175a8a18bc539e1df8ec8cf16e5a6:f5dbbb3483d37843a25c2d6058851470$"
}
}
