{"frames": {

"symbolGlow_000.png":
{
	"frame": {"x":1,"y":1,"w":30,"h":31},
	"rotated": false,
	"trimmed": false,
	"spriteSourceSize": {"x":0,"y":0,"w":30,"h":31},
	"sourceSize": {"w":30,"h":31}
},
"symbolGlow_001.png":
{
	"frame": {"x":33,"y":1,"w":30,"h":31},
	"rotated": false,
	"trimmed": false,
	"spriteSourceSize": {"x":0,"y":0,"w":30,"h":31},
	"sourceSize": {"w":30,"h":31}
},
"symbolGlow_002.png":
{
	"frame": {"x":65,"y":1,"w":30,"h":31},
	"rotated": false,
	"trimmed": false,
	"spriteSourceSize": {"x":0,"y":0,"w":30,"h":31},
	"sourceSize": {"w":30,"h":31}
},
"symbolGlow_003.png":
{
	"frame": {"x":97,"y":1,"w":30,"h":31},
	"rotated": false,
	"trimmed": false,
	"spriteSourceSize": {"x":0,"y":0,"w":30,"h":31},
	"sourceSize": {"w":30,"h":31}
},
"symbolGlow_004.png":
{
	"frame": {"x":129,"y":1,"w":30,"h":31},
	"rotated": false,
	"trimmed": false,
	"spriteSourceSize": {"x":0,"y":0,"w":30,"h":31},
	"sourceSize": {"w":30,"h":31}
},
"symbolGlow_005.png":
{
	"frame": {"x":1,"y":34,"w":30,"h":31},
	"rotated": false,
	"trimmed": false,
	"spriteSourceSize": {"x":0,"y":0,"w":30,"h":31},
	"sourceSize": {"w":30,"h":31}
},
"symbolGlow_006.png":
{
	"frame": {"x":33,"y":34,"w":30,"h":31},
	"rotated": false,
	"trimmed": false,
	"spriteSourceSize": {"x":0,"y":0,"w":30,"h":31},
	"sourceSize": {"w":30,"h":31}
},
"symbolGlow_007.png":
{
	"frame": {"x":65,"y":34,"w":30,"h":31},
	"rotated": false,
	"trimmed": false,
	"spriteSourceSize": {"x":0,"y":0,"w":30,"h":31},
	"sourceSize": {"w":30,"h":31}
},
"symbolGlow_008.png":
{
	"frame": {"x":97,"y":34,"w":30,"h":31},
	"rotated": false,
	"trimmed": false,
	"spriteSourceSize": {"x":0,"y":0,"w":30,"h":31},
	"sourceSize": {"w":30,"h":31}
},
"symbolGlow_009.png":
{
	"frame": {"x":129,"y":34,"w":30,"h":31},
	"rotated": false,
	"trimmed": false,
	"spriteSourceSize": {"x":0,"y":0,"w":30,"h":31},
	"sourceSize": {"w":30,"h":31}
},
"symbolGlow_010.png":
{
	"frame": {"x":1,"y":67,"w":30,"h":31},
	"rotated": false,
	"trimmed": false,
	"spriteSourceSize": {"x":0,"y":0,"w":30,"h":31},
	"sourceSize": {"w":30,"h":31}
},
"symbolGlow_011.png":
{
	"frame": {"x":33,"y":67,"w":30,"h":31},
	"rotated": false,
	"trimmed": false,
	"spriteSourceSize": {"x":0,"y":0,"w":30,"h":31},
	"sourceSize": {"w":30,"h":31}
},
"symbolGlow_012.png":
{
	"frame": {"x":65,"y":67,"w":30,"h":31},
	"rotated": false,
	"trimmed": false,
	"spriteSourceSize": {"x":0,"y":0,"w":30,"h":31},
	"sourceSize": {"w":30,"h":31}
},
"symbolGlow_013.png":
{
	"frame": {"x":97,"y":67,"w":30,"h":31},
	"rotated": false,
	"trimmed": false,
	"spriteSourceSize": {"x":0,"y":0,"w":30,"h":31},
	"sourceSize": {"w":30,"h":31}
},
"symbolGlow_014.png":
{
	"frame": {"x":129,"y":67,"w":30,"h":31},
	"rotated": false,
	"trimmed": false,
	"spriteSourceSize": {"x":0,"y":0,"w":30,"h":31},
	"sourceSize": {"w":30,"h":31}
},
"symbolGlow_015.png":
{
	"frame": {"x":1,"y":100,"w":30,"h":31},
	"rotated": false,
	"trimmed": false,
	"spriteSourceSize": {"x":0,"y":0,"w":30,"h":31},
	"sourceSize": {"w":30,"h":31}
},
"symbolGlow_016.png":
{
	"frame": {"x":33,"y":100,"w":30,"h":31},
	"rotated": false,
	"trimmed": false,
	"spriteSourceSize": {"x":0,"y":0,"w":30,"h":31},
	"sourceSize": {"w":30,"h":31}
},
"symbolGlow_017.png":
{
	"frame": {"x":65,"y":100,"w":30,"h":31},
	"rotated": false,
	"trimmed": false,
	"spriteSourceSize": {"x":0,"y":0,"w":30,"h":31},
	"sourceSize": {"w":30,"h":31}
},
"symbolGlow_018.png":
{
	"frame": {"x":97,"y":100,"w":30,"h":31},
	"rotated": false,
	"trimmed": false,
	"spriteSourceSize": {"x":0,"y":0,"w":30,"h":31},
	"sourceSize": {"w":30,"h":31}
},
"symbolGlow_019.png":
{
	"frame": {"x":129,"y":100,"w":30,"h":31},
	"rotated": false,
	"trimmed": false,
	"spriteSourceSize": {"x":0,"y":0,"w":30,"h":31},
	"sourceSize": {"w":30,"h":31}
},
"symbolGlow_020.png":
{
	"frame": {"x":1,"y":133,"w":30,"h":31},
	"rotated": false,
	"trimmed": false,
	"spriteSourceSize": {"x":0,"y":0,"w":30,"h":31},
	"sourceSize": {"w":30,"h":31}
},
"symbolGlow_021.png":
{
	"frame": {"x":33,"y":133,"w":30,"h":31},
	"rotated": false,
	"trimmed": false,
	"spriteSourceSize": {"x":0,"y":0,"w":30,"h":31},
	"sourceSize": {"w":30,"h":31}
},
"symbolGlow_022.png":
{
	"frame": {"x":65,"y":133,"w":30,"h":31},
	"rotated": false,
	"trimmed": false,
	"spriteSourceSize": {"x":0,"y":0,"w":30,"h":31},
	"sourceSize": {"w":30,"h":31}
}},
"meta": {
	"app": "https://www.codeandweb.com/texturepacker",
	"version": "1.0",
	"image": "scarabSymbolGlow.png",
	"format": "RGBA8888",
	"size": {"w":165,"h":165},
	"scale": "1",
	"smartupdate": "$TexturePacker:SmartUpdate:0e0364fa4d9ea9616d775533d1f21db8:eee041d8e819f78000d0e7eaa6b05e45:323384ab589153f4bc88c27941135e51$"
}
}
