{"frames": {

"11_000.png":
{
	"frame": {"x":1,"y":1,"w":132,"h":132},
	"rotated": false,
	"trimmed": false,
	"spriteSourceSize": {"x":0,"y":0,"w":132,"h":132},
	"sourceSize": {"w":132,"h":132}
},
"11_001.png":
{
	"frame": {"x":135,"y":1,"w":132,"h":132},
	"rotated": false,
	"trimmed": false,
	"spriteSourceSize": {"x":0,"y":0,"w":132,"h":132},
	"sourceSize": {"w":132,"h":132}
},
"11_002.png":
{
	"frame": {"x":269,"y":1,"w":132,"h":132},
	"rotated": false,
	"trimmed": false,
	"spriteSourceSize": {"x":0,"y":0,"w":132,"h":132},
	"sourceSize": {"w":132,"h":132}
},
"11_003.png":
{
	"frame": {"x":403,"y":1,"w":132,"h":132},
	"rotated": false,
	"trimmed": false,
	"spriteSourceSize": {"x":0,"y":0,"w":132,"h":132},
	"sourceSize": {"w":132,"h":132}
},
"11_004.png":
{
	"frame": {"x":537,"y":1,"w":132,"h":132},
	"rotated": false,
	"trimmed": false,
	"spriteSourceSize": {"x":0,"y":0,"w":132,"h":132},
	"sourceSize": {"w":132,"h":132}
},
"11_005.png":
{
	"frame": {"x":671,"y":1,"w":132,"h":132},
	"rotated": false,
	"trimmed": false,
	"spriteSourceSize": {"x":0,"y":0,"w":132,"h":132},
	"sourceSize": {"w":132,"h":132}
},
"11_006.png":
{
	"frame": {"x":805,"y":1,"w":132,"h":132},
	"rotated": false,
	"trimmed": false,
	"spriteSourceSize": {"x":0,"y":0,"w":132,"h":132},
	"sourceSize": {"w":132,"h":132}
},
"11_007.png":
{
	"frame": {"x":1,"y":135,"w":132,"h":132},
	"rotated": false,
	"trimmed": false,
	"spriteSourceSize": {"x":0,"y":0,"w":132,"h":132},
	"sourceSize": {"w":132,"h":132}
},
"11_008.png":
{
	"frame": {"x":135,"y":135,"w":132,"h":132},
	"rotated": false,
	"trimmed": false,
	"spriteSourceSize": {"x":0,"y":0,"w":132,"h":132},
	"sourceSize": {"w":132,"h":132}
},
"11_009.png":
{
	"frame": {"x":269,"y":135,"w":132,"h":132},
	"rotated": false,
	"trimmed": false,
	"spriteSourceSize": {"x":0,"y":0,"w":132,"h":132},
	"sourceSize": {"w":132,"h":132}
},
"11_010.png":
{
	"frame": {"x":403,"y":135,"w":132,"h":132},
	"rotated": false,
	"trimmed": false,
	"spriteSourceSize": {"x":0,"y":0,"w":132,"h":132},
	"sourceSize": {"w":132,"h":132}
},
"11_011.png":
{
	"frame": {"x":537,"y":135,"w":132,"h":132},
	"rotated": false,
	"trimmed": false,
	"spriteSourceSize": {"x":0,"y":0,"w":132,"h":132},
	"sourceSize": {"w":132,"h":132}
},
"11_012.png":
{
	"frame": {"x":671,"y":135,"w":132,"h":132},
	"rotated": false,
	"trimmed": false,
	"spriteSourceSize": {"x":0,"y":0,"w":132,"h":132},
	"sourceSize": {"w":132,"h":132}
},
"11_013.png":
{
	"frame": {"x":805,"y":135,"w":132,"h":132},
	"rotated": false,
	"trimmed": false,
	"spriteSourceSize": {"x":0,"y":0,"w":132,"h":132},
	"sourceSize": {"w":132,"h":132}
},
"11_014.png":
{
	"frame": {"x":1,"y":269,"w":132,"h":132},
	"rotated": false,
	"trimmed": false,
	"spriteSourceSize": {"x":0,"y":0,"w":132,"h":132},
	"sourceSize": {"w":132,"h":132}
},
"11_015.png":
{
	"frame": {"x":135,"y":269,"w":132,"h":132},
	"rotated": false,
	"trimmed": false,
	"spriteSourceSize": {"x":0,"y":0,"w":132,"h":132},
	"sourceSize": {"w":132,"h":132}
},
"11_016.png":
{
	"frame": {"x":269,"y":269,"w":132,"h":132},
	"rotated": false,
	"trimmed": false,
	"spriteSourceSize": {"x":0,"y":0,"w":132,"h":132},
	"sourceSize": {"w":132,"h":132}
},
"11_017.png":
{
	"frame": {"x":403,"y":269,"w":132,"h":132},
	"rotated": false,
	"trimmed": false,
	"spriteSourceSize": {"x":0,"y":0,"w":132,"h":132},
	"sourceSize": {"w":132,"h":132}
},
"11_018.png":
{
	"frame": {"x":537,"y":269,"w":132,"h":132},
	"rotated": false,
	"trimmed": false,
	"spriteSourceSize": {"x":0,"y":0,"w":132,"h":132},
	"sourceSize": {"w":132,"h":132}
},
"11_019.png":
{
	"frame": {"x":671,"y":269,"w":132,"h":132},
	"rotated": false,
	"trimmed": false,
	"spriteSourceSize": {"x":0,"y":0,"w":132,"h":132},
	"sourceSize": {"w":132,"h":132}
},
"11_020.png":
{
	"frame": {"x":805,"y":269,"w":132,"h":132},
	"rotated": false,
	"trimmed": false,
	"spriteSourceSize": {"x":0,"y":0,"w":132,"h":132},
	"sourceSize": {"w":132,"h":132}
},
"11_021.png":
{
	"frame": {"x":1,"y":403,"w":132,"h":132},
	"rotated": false,
	"trimmed": false,
	"spriteSourceSize": {"x":0,"y":0,"w":132,"h":132},
	"sourceSize": {"w":132,"h":132}
},
"11_022.png":
{
	"frame": {"x":135,"y":403,"w":132,"h":132},
	"rotated": false,
	"trimmed": false,
	"spriteSourceSize": {"x":0,"y":0,"w":132,"h":132},
	"sourceSize": {"w":132,"h":132}
},
"11_023.png":
{
	"frame": {"x":269,"y":403,"w":132,"h":132},
	"rotated": false,
	"trimmed": false,
	"spriteSourceSize": {"x":0,"y":0,"w":132,"h":132},
	"sourceSize": {"w":132,"h":132}
},
"11_024.png":
{
	"frame": {"x":403,"y":403,"w":132,"h":132},
	"rotated": false,
	"trimmed": false,
	"spriteSourceSize": {"x":0,"y":0,"w":132,"h":132},
	"sourceSize": {"w":132,"h":132}
},
"11_025.png":
{
	"frame": {"x":537,"y":403,"w":132,"h":132},
	"rotated": false,
	"trimmed": false,
	"spriteSourceSize": {"x":0,"y":0,"w":132,"h":132},
	"sourceSize": {"w":132,"h":132}
},
"11_026.png":
{
	"frame": {"x":671,"y":403,"w":132,"h":132},
	"rotated": false,
	"trimmed": false,
	"spriteSourceSize": {"x":0,"y":0,"w":132,"h":132},
	"sourceSize": {"w":132,"h":132}
},
"11_027.png":
{
	"frame": {"x":805,"y":403,"w":132,"h":132},
	"rotated": false,
	"trimmed": false,
	"spriteSourceSize": {"x":0,"y":0,"w":132,"h":132},
	"sourceSize": {"w":132,"h":132}
},
"11_028.png":
{
	"frame": {"x":1,"y":537,"w":132,"h":132},
	"rotated": false,
	"trimmed": false,
	"spriteSourceSize": {"x":0,"y":0,"w":132,"h":132},
	"sourceSize": {"w":132,"h":132}
},
"11_029.png":
{
	"frame": {"x":135,"y":537,"w":132,"h":132},
	"rotated": false,
	"trimmed": false,
	"spriteSourceSize": {"x":0,"y":0,"w":132,"h":132},
	"sourceSize": {"w":132,"h":132}
},
"11_030.png":
{
	"frame": {"x":269,"y":537,"w":132,"h":132},
	"rotated": false,
	"trimmed": false,
	"spriteSourceSize": {"x":0,"y":0,"w":132,"h":132},
	"sourceSize": {"w":132,"h":132}
},
"11_031.png":
{
	"frame": {"x":403,"y":537,"w":132,"h":132},
	"rotated": false,
	"trimmed": false,
	"spriteSourceSize": {"x":0,"y":0,"w":132,"h":132},
	"sourceSize": {"w":132,"h":132}
},
"11_032.png":
{
	"frame": {"x":537,"y":537,"w":132,"h":132},
	"rotated": false,
	"trimmed": false,
	"spriteSourceSize": {"x":0,"y":0,"w":132,"h":132},
	"sourceSize": {"w":132,"h":132}
},
"11_033.png":
{
	"frame": {"x":671,"y":537,"w":132,"h":132},
	"rotated": false,
	"trimmed": false,
	"spriteSourceSize": {"x":0,"y":0,"w":132,"h":132},
	"sourceSize": {"w":132,"h":132}
},
"11_034.png":
{
	"frame": {"x":805,"y":537,"w":132,"h":132},
	"rotated": false,
	"trimmed": false,
	"spriteSourceSize": {"x":0,"y":0,"w":132,"h":132},
	"sourceSize": {"w":132,"h":132}
},
"11_035.png":
{
	"frame": {"x":1,"y":671,"w":132,"h":132},
	"rotated": false,
	"trimmed": false,
	"spriteSourceSize": {"x":0,"y":0,"w":132,"h":132},
	"sourceSize": {"w":132,"h":132}
},
"11_036.png":
{
	"frame": {"x":135,"y":671,"w":132,"h":132},
	"rotated": false,
	"trimmed": false,
	"spriteSourceSize": {"x":0,"y":0,"w":132,"h":132},
	"sourceSize": {"w":132,"h":132}
},
"11_037.png":
{
	"frame": {"x":269,"y":671,"w":132,"h":132},
	"rotated": false,
	"trimmed": false,
	"spriteSourceSize": {"x":0,"y":0,"w":132,"h":132},
	"sourceSize": {"w":132,"h":132}
},
"11_038.png":
{
	"frame": {"x":403,"y":671,"w":132,"h":132},
	"rotated": false,
	"trimmed": false,
	"spriteSourceSize": {"x":0,"y":0,"w":132,"h":132},
	"sourceSize": {"w":132,"h":132}
},
"11_039.png":
{
	"frame": {"x":537,"y":671,"w":132,"h":132},
	"rotated": false,
	"trimmed": false,
	"spriteSourceSize": {"x":0,"y":0,"w":132,"h":132},
	"sourceSize": {"w":132,"h":132}
}},
"meta": {
	"app": "https://www.codeandweb.com/texturepacker",
	"version": "1.0",
	"image": "11-0.jpg",
	"format": "RGBA8888",
	"size": {"w":1024,"h":1024},
	"scale": "1",
	"smartupdate": "$TexturePacker:SmartUpdate:7e3a7303c893e0a5a4fa8ad1d9290c5a:5e08b11bb089fd6b9a6da96e4e5495e7:0d9f5b0843ca07f2ca3a9c0fc1fac4f0$"
}
}
