{"frames": {

"13_000.png":
{
	"frame": {"x":1,"y":1,"w":132,"h":132},
	"rotated": false,
	"trimmed": false,
	"spriteSourceSize": {"x":0,"y":0,"w":132,"h":132},
	"sourceSize": {"w":132,"h":132}
},
"13_001.png":
{
	"frame": {"x":1,"y":1,"w":132,"h":132},
	"rotated": false,
	"trimmed": false,
	"spriteSourceSize": {"x":0,"y":0,"w":132,"h":132},
	"sourceSize": {"w":132,"h":132}
},
"13_002.png":
{
	"frame": {"x":1,"y":1,"w":132,"h":132},
	"rotated": false,
	"trimmed": false,
	"spriteSourceSize": {"x":0,"y":0,"w":132,"h":132},
	"sourceSize": {"w":132,"h":132}
},
"13_003.png":
{
	"frame": {"x":1,"y":1,"w":132,"h":132},
	"rotated": false,
	"trimmed": false,
	"spriteSourceSize": {"x":0,"y":0,"w":132,"h":132},
	"sourceSize": {"w":132,"h":132}
},
"13_004.png":
{
	"frame": {"x":1,"y":1,"w":132,"h":132},
	"rotated": false,
	"trimmed": false,
	"spriteSourceSize": {"x":0,"y":0,"w":132,"h":132},
	"sourceSize": {"w":132,"h":132}
},
"13_005.png":
{
	"frame": {"x":135,"y":1,"w":132,"h":132},
	"rotated": false,
	"trimmed": false,
	"spriteSourceSize": {"x":0,"y":0,"w":132,"h":132},
	"sourceSize": {"w":132,"h":132}
},
"13_006.png":
{
	"frame": {"x":269,"y":1,"w":132,"h":132},
	"rotated": false,
	"trimmed": false,
	"spriteSourceSize": {"x":0,"y":0,"w":132,"h":132},
	"sourceSize": {"w":132,"h":132}
},
"13_007.png":
{
	"frame": {"x":403,"y":1,"w":132,"h":132},
	"rotated": false,
	"trimmed": false,
	"spriteSourceSize": {"x":0,"y":0,"w":132,"h":132},
	"sourceSize": {"w":132,"h":132}
},
"13_008.png":
{
	"frame": {"x":537,"y":1,"w":132,"h":132},
	"rotated": false,
	"trimmed": false,
	"spriteSourceSize": {"x":0,"y":0,"w":132,"h":132},
	"sourceSize": {"w":132,"h":132}
},
"13_009.png":
{
	"frame": {"x":671,"y":1,"w":132,"h":132},
	"rotated": false,
	"trimmed": false,
	"spriteSourceSize": {"x":0,"y":0,"w":132,"h":132},
	"sourceSize": {"w":132,"h":132}
},
"13_010.png":
{
	"frame": {"x":805,"y":1,"w":132,"h":132},
	"rotated": false,
	"trimmed": false,
	"spriteSourceSize": {"x":0,"y":0,"w":132,"h":132},
	"sourceSize": {"w":132,"h":132}
},
"13_011.png":
{
	"frame": {"x":1,"y":135,"w":132,"h":132},
	"rotated": false,
	"trimmed": false,
	"spriteSourceSize": {"x":0,"y":0,"w":132,"h":132},
	"sourceSize": {"w":132,"h":132}
},
"13_012.png":
{
	"frame": {"x":135,"y":135,"w":132,"h":132},
	"rotated": false,
	"trimmed": false,
	"spriteSourceSize": {"x":0,"y":0,"w":132,"h":132},
	"sourceSize": {"w":132,"h":132}
},
"13_013.png":
{
	"frame": {"x":269,"y":135,"w":132,"h":132},
	"rotated": false,
	"trimmed": false,
	"spriteSourceSize": {"x":0,"y":0,"w":132,"h":132},
	"sourceSize": {"w":132,"h":132}
},
"13_014.png":
{
	"frame": {"x":403,"y":135,"w":132,"h":132},
	"rotated": false,
	"trimmed": false,
	"spriteSourceSize": {"x":0,"y":0,"w":132,"h":132},
	"sourceSize": {"w":132,"h":132}
},
"13_015.png":
{
	"frame": {"x":537,"y":135,"w":132,"h":132},
	"rotated": false,
	"trimmed": false,
	"spriteSourceSize": {"x":0,"y":0,"w":132,"h":132},
	"sourceSize": {"w":132,"h":132}
},
"13_016.png":
{
	"frame": {"x":671,"y":135,"w":132,"h":132},
	"rotated": false,
	"trimmed": false,
	"spriteSourceSize": {"x":0,"y":0,"w":132,"h":132},
	"sourceSize": {"w":132,"h":132}
},
"13_017.png":
{
	"frame": {"x":805,"y":135,"w":132,"h":132},
	"rotated": false,
	"trimmed": false,
	"spriteSourceSize": {"x":0,"y":0,"w":132,"h":132},
	"sourceSize": {"w":132,"h":132}
},
"13_018.png":
{
	"frame": {"x":1,"y":269,"w":132,"h":132},
	"rotated": false,
	"trimmed": false,
	"spriteSourceSize": {"x":0,"y":0,"w":132,"h":132},
	"sourceSize": {"w":132,"h":132}
},
"13_019.png":
{
	"frame": {"x":135,"y":269,"w":132,"h":132},
	"rotated": false,
	"trimmed": false,
	"spriteSourceSize": {"x":0,"y":0,"w":132,"h":132},
	"sourceSize": {"w":132,"h":132}
},
"13_020.png":
{
	"frame": {"x":269,"y":269,"w":132,"h":132},
	"rotated": false,
	"trimmed": false,
	"spriteSourceSize": {"x":0,"y":0,"w":132,"h":132},
	"sourceSize": {"w":132,"h":132}
},
"13_021.png":
{
	"frame": {"x":403,"y":269,"w":132,"h":132},
	"rotated": false,
	"trimmed": false,
	"spriteSourceSize": {"x":0,"y":0,"w":132,"h":132},
	"sourceSize": {"w":132,"h":132}
},
"13_022.png":
{
	"frame": {"x":537,"y":269,"w":132,"h":132},
	"rotated": false,
	"trimmed": false,
	"spriteSourceSize": {"x":0,"y":0,"w":132,"h":132},
	"sourceSize": {"w":132,"h":132}
},
"13_023.png":
{
	"frame": {"x":537,"y":269,"w":132,"h":132},
	"rotated": false,
	"trimmed": false,
	"spriteSourceSize": {"x":0,"y":0,"w":132,"h":132},
	"sourceSize": {"w":132,"h":132}
},
"13_024.png":
{
	"frame": {"x":537,"y":269,"w":132,"h":132},
	"rotated": false,
	"trimmed": false,
	"spriteSourceSize": {"x":0,"y":0,"w":132,"h":132},
	"sourceSize": {"w":132,"h":132}
},
"13_025.png":
{
	"frame": {"x":537,"y":269,"w":132,"h":132},
	"rotated": false,
	"trimmed": false,
	"spriteSourceSize": {"x":0,"y":0,"w":132,"h":132},
	"sourceSize": {"w":132,"h":132}
},
"13_026.png":
{
	"frame": {"x":537,"y":269,"w":132,"h":132},
	"rotated": false,
	"trimmed": false,
	"spriteSourceSize": {"x":0,"y":0,"w":132,"h":132},
	"sourceSize": {"w":132,"h":132}
},
"13_027.png":
{
	"frame": {"x":537,"y":269,"w":132,"h":132},
	"rotated": false,
	"trimmed": false,
	"spriteSourceSize": {"x":0,"y":0,"w":132,"h":132},
	"sourceSize": {"w":132,"h":132}
},
"13_028.png":
{
	"frame": {"x":537,"y":269,"w":132,"h":132},
	"rotated": false,
	"trimmed": false,
	"spriteSourceSize": {"x":0,"y":0,"w":132,"h":132},
	"sourceSize": {"w":132,"h":132}
},
"13_029.png":
{
	"frame": {"x":537,"y":269,"w":132,"h":132},
	"rotated": false,
	"trimmed": false,
	"spriteSourceSize": {"x":0,"y":0,"w":132,"h":132},
	"sourceSize": {"w":132,"h":132}
},
"13_030.png":
{
	"frame": {"x":537,"y":269,"w":132,"h":132},
	"rotated": false,
	"trimmed": false,
	"spriteSourceSize": {"x":0,"y":0,"w":132,"h":132},
	"sourceSize": {"w":132,"h":132}
},
"13_031.png":
{
	"frame": {"x":537,"y":269,"w":132,"h":132},
	"rotated": false,
	"trimmed": false,
	"spriteSourceSize": {"x":0,"y":0,"w":132,"h":132},
	"sourceSize": {"w":132,"h":132}
},
"13_032.png":
{
	"frame": {"x":537,"y":269,"w":132,"h":132},
	"rotated": false,
	"trimmed": false,
	"spriteSourceSize": {"x":0,"y":0,"w":132,"h":132},
	"sourceSize": {"w":132,"h":132}
},
"13_033.png":
{
	"frame": {"x":671,"y":269,"w":132,"h":132},
	"rotated": false,
	"trimmed": false,
	"spriteSourceSize": {"x":0,"y":0,"w":132,"h":132},
	"sourceSize": {"w":132,"h":132}
},
"13_034.png":
{
	"frame": {"x":805,"y":269,"w":132,"h":132},
	"rotated": false,
	"trimmed": false,
	"spriteSourceSize": {"x":0,"y":0,"w":132,"h":132},
	"sourceSize": {"w":132,"h":132}
},
"13_035.png":
{
	"frame": {"x":1,"y":403,"w":132,"h":132},
	"rotated": false,
	"trimmed": false,
	"spriteSourceSize": {"x":0,"y":0,"w":132,"h":132},
	"sourceSize": {"w":132,"h":132}
},
"13_036.png":
{
	"frame": {"x":135,"y":403,"w":132,"h":132},
	"rotated": false,
	"trimmed": false,
	"spriteSourceSize": {"x":0,"y":0,"w":132,"h":132},
	"sourceSize": {"w":132,"h":132}
},
"13_037.png":
{
	"frame": {"x":269,"y":403,"w":132,"h":132},
	"rotated": false,
	"trimmed": false,
	"spriteSourceSize": {"x":0,"y":0,"w":132,"h":132},
	"sourceSize": {"w":132,"h":132}
},
"13_038.png":
{
	"frame": {"x":403,"y":403,"w":132,"h":132},
	"rotated": false,
	"trimmed": false,
	"spriteSourceSize": {"x":0,"y":0,"w":132,"h":132},
	"sourceSize": {"w":132,"h":132}
},
"13_039.png":
{
	"frame": {"x":537,"y":403,"w":132,"h":132},
	"rotated": false,
	"trimmed": false,
	"spriteSourceSize": {"x":0,"y":0,"w":132,"h":132},
	"sourceSize": {"w":132,"h":132}
},
"13_040.png":
{
	"frame": {"x":671,"y":403,"w":132,"h":132},
	"rotated": false,
	"trimmed": false,
	"spriteSourceSize": {"x":0,"y":0,"w":132,"h":132},
	"sourceSize": {"w":132,"h":132}
},
"13_041.png":
{
	"frame": {"x":805,"y":403,"w":132,"h":132},
	"rotated": false,
	"trimmed": false,
	"spriteSourceSize": {"x":0,"y":0,"w":132,"h":132},
	"sourceSize": {"w":132,"h":132}
},
"13_042.png":
{
	"frame": {"x":1,"y":537,"w":132,"h":132},
	"rotated": false,
	"trimmed": false,
	"spriteSourceSize": {"x":0,"y":0,"w":132,"h":132},
	"sourceSize": {"w":132,"h":132}
},
"13_043.png":
{
	"frame": {"x":135,"y":537,"w":132,"h":132},
	"rotated": false,
	"trimmed": false,
	"spriteSourceSize": {"x":0,"y":0,"w":132,"h":132},
	"sourceSize": {"w":132,"h":132}
},
"13_044.png":
{
	"frame": {"x":269,"y":537,"w":132,"h":132},
	"rotated": false,
	"trimmed": false,
	"spriteSourceSize": {"x":0,"y":0,"w":132,"h":132},
	"sourceSize": {"w":132,"h":132}
},
"13_045.png":
{
	"frame": {"x":403,"y":537,"w":132,"h":132},
	"rotated": false,
	"trimmed": false,
	"spriteSourceSize": {"x":0,"y":0,"w":132,"h":132},
	"sourceSize": {"w":132,"h":132}
},
"13_046.png":
{
	"frame": {"x":537,"y":537,"w":132,"h":132},
	"rotated": false,
	"trimmed": false,
	"spriteSourceSize": {"x":0,"y":0,"w":132,"h":132},
	"sourceSize": {"w":132,"h":132}
}},
"meta": {
	"app": "https://www.codeandweb.com/texturepacker",
	"version": "1.0",
	"image": "13-0.jpg",
	"format": "RGBA8888",
	"size": {"w":1024,"h":1024},
	"scale": "1",
	"smartupdate": "$TexturePacker:SmartUpdate:d7baf4d3a26620b495de36b564586849:9d0e996afda3d0936768866291b605e5:3df098eba6651ce3e7b89c29a48a73c3$"
}
}
