{"frames": {

"crackPos_009.png":
{
	"frame": {"x":1,"y":1,"w":138,"h":130},
	"rotated": false,
	"trimmed": true,
	"spriteSourceSize": {"x":31,"y":35,"w":138,"h":130},
	"sourceSize": {"w":200,"h":200}
},
"crackPos_010.png":
{
	"frame": {"x":141,"y":1,"w":130,"h":130},
	"rotated": false,
	"trimmed": true,
	"spriteSourceSize": {"x":35,"y":35,"w":130,"h":130},
	"sourceSize": {"w":200,"h":200}
},
"crackPos_011.png":
{
	"frame": {"x":273,"y":1,"w":130,"h":130},
	"rotated": false,
	"trimmed": true,
	"spriteSourceSize": {"x":35,"y":35,"w":130,"h":130},
	"sourceSize": {"w":200,"h":200}
}},
"meta": {
	"app": "https://www.codeandweb.com/texturepacker",
	"version": "1.0",
	"image": "crackPos-1.png",
	"format": "RGBA8888",
	"size": {"w":512,"h":512},
	"scale": "1",
	"related_multi_packs": [ "crackPos-0.json" ],
	"smartupdate": "$TexturePacker:SmartUpdate:d7d61a766c224606f41c9eecf17f7b49:1c0d1991f3e1dac36950363e900fbc9b:0c954b2ed873468f946881526033a449$"
}
}
