{"frames": {

"crackPos_000.png":
{
	"frame": {"x":1,"y":1,"w":145,"h":130},
	"rotated": false,
	"trimmed": true,
	"spriteSourceSize": {"x":27,"y":35,"w":145,"h":130},
	"sourceSize": {"w":200,"h":200}
},
"crackPos_001.png":
{
	"frame": {"x":148,"y":1,"w":147,"h":130},
	"rotated": false,
	"trimmed": true,
	"spriteSourceSize": {"x":26,"y":35,"w":147,"h":130},
	"sourceSize": {"w":200,"h":200}
},
"crackPos_002.png":
{
	"frame": {"x":297,"y":1,"w":149,"h":130},
	"rotated": false,
	"trimmed": true,
	"spriteSourceSize": {"x":25,"y":35,"w":149,"h":130},
	"sourceSize": {"w":200,"h":200}
},
"crackPos_003.png":
{
	"frame": {"x":1,"y":133,"w":149,"h":130},
	"rotated": false,
	"trimmed": true,
	"spriteSourceSize": {"x":25,"y":35,"w":149,"h":130},
	"sourceSize": {"w":200,"h":200}
},
"crackPos_004.png":
{
	"frame": {"x":152,"y":133,"w":150,"h":130},
	"rotated": false,
	"trimmed": true,
	"spriteSourceSize": {"x":24,"y":35,"w":150,"h":130},
	"sourceSize": {"w":200,"h":200}
},
"crackPos_005.png":
{
	"frame": {"x":304,"y":133,"w":149,"h":130},
	"rotated": false,
	"trimmed": true,
	"spriteSourceSize": {"x":25,"y":35,"w":149,"h":130},
	"sourceSize": {"w":200,"h":200}
},
"crackPos_006.png":
{
	"frame": {"x":1,"y":265,"w":149,"h":130},
	"rotated": false,
	"trimmed": true,
	"spriteSourceSize": {"x":25,"y":35,"w":149,"h":130},
	"sourceSize": {"w":200,"h":200}
},
"crackPos_007.png":
{
	"frame": {"x":152,"y":265,"w":147,"h":130},
	"rotated": false,
	"trimmed": true,
	"spriteSourceSize": {"x":26,"y":35,"w":147,"h":130},
	"sourceSize": {"w":200,"h":200}
},
"crackPos_008.png":
{
	"frame": {"x":301,"y":265,"w":143,"h":130},
	"rotated": false,
	"trimmed": true,
	"spriteSourceSize": {"x":28,"y":35,"w":143,"h":130},
	"sourceSize": {"w":200,"h":200}
}},
"meta": {
	"app": "https://www.codeandweb.com/texturepacker",
	"version": "1.0",
	"image": "crackPos-0.png",
	"format": "RGBA8888",
	"size": {"w":512,"h":512},
	"scale": "1",
	"related_multi_packs": [ "crackPos-1.json" ],
	"smartupdate": "$TexturePacker:SmartUpdate:d7d61a766c224606f41c9eecf17f7b49:1c0d1991f3e1dac36950363e900fbc9b:0c954b2ed873468f946881526033a449$"
}
}
