{"frames": {

"scarabIntro_021.png":
{
	"frame": {"x":1,"y":1,"w":1096,"h":530},
	"rotated": false,
	"trimmed": false,
	"spriteSourceSize": {"x":0,"y":0,"w":1096,"h":530},
	"sourceSize": {"w":1096,"h":530},
	"pivot": {"x":0.5,"y":0.5}
},
"scarabIntro_022.png":
{
	"frame": {"x":1099,"y":1,"w":1096,"h":530},
	"rotated": false,
	"trimmed": false,
	"spriteSourceSize": {"x":0,"y":0,"w":1096,"h":530},
	"sourceSize": {"w":1096,"h":530},
	"pivot": {"x":0.5,"y":0.5}
},
"scarabIntro_023.png":
{
	"frame": {"x":2197,"y":1,"w":1096,"h":530},
	"rotated": false,
	"trimmed": false,
	"spriteSourceSize": {"x":0,"y":0,"w":1096,"h":530},
	"sourceSize": {"w":1096,"h":530},
	"pivot": {"x":0.5,"y":0.5}
},
"scarabIntro_024.png":
{
	"frame": {"x":1,"y":533,"w":1096,"h":530},
	"rotated": false,
	"trimmed": false,
	"spriteSourceSize": {"x":0,"y":0,"w":1096,"h":530},
	"sourceSize": {"w":1096,"h":530},
	"pivot": {"x":0.5,"y":0.5}
},
"scarabIntro_025.png":
{
	"frame": {"x":1099,"y":533,"w":1096,"h":530},
	"rotated": false,
	"trimmed": false,
	"spriteSourceSize": {"x":0,"y":0,"w":1096,"h":530},
	"sourceSize": {"w":1096,"h":530},
	"pivot": {"x":0.5,"y":0.5}
},
"scarabIntro_026.png":
{
	"frame": {"x":2197,"y":533,"w":1096,"h":530},
	"rotated": false,
	"trimmed": false,
	"spriteSourceSize": {"x":0,"y":0,"w":1096,"h":530},
	"sourceSize": {"w":1096,"h":530},
	"pivot": {"x":0.5,"y":0.5}
},
"scarabIntro_027.png":
{
	"frame": {"x":1,"y":1065,"w":1096,"h":530},
	"rotated": false,
	"trimmed": false,
	"spriteSourceSize": {"x":0,"y":0,"w":1096,"h":530},
	"sourceSize": {"w":1096,"h":530},
	"pivot": {"x":0.5,"y":0.5}
},
"scarabIntro_028.png":
{
	"frame": {"x":1099,"y":1065,"w":1096,"h":530},
	"rotated": false,
	"trimmed": false,
	"spriteSourceSize": {"x":0,"y":0,"w":1096,"h":530},
	"sourceSize": {"w":1096,"h":530},
	"pivot": {"x":0.5,"y":0.5}
},
"scarabIntro_029.png":
{
	"frame": {"x":2197,"y":1065,"w":1096,"h":530},
	"rotated": false,
	"trimmed": false,
	"spriteSourceSize": {"x":0,"y":0,"w":1096,"h":530},
	"sourceSize": {"w":1096,"h":530},
	"pivot": {"x":0.5,"y":0.5}
},
"scarabIntro_030.png":
{
	"frame": {"x":1,"y":1597,"w":1096,"h":530},
	"rotated": false,
	"trimmed": false,
	"spriteSourceSize": {"x":0,"y":0,"w":1096,"h":530},
	"sourceSize": {"w":1096,"h":530},
	"pivot": {"x":0.5,"y":0.5}
},
"scarabIntro_031.png":
{
	"frame": {"x":1099,"y":1597,"w":1096,"h":530},
	"rotated": false,
	"trimmed": false,
	"spriteSourceSize": {"x":0,"y":0,"w":1096,"h":530},
	"sourceSize": {"w":1096,"h":530},
	"pivot": {"x":0.5,"y":0.5}
}},
"meta": {
	"app": "https://www.codeandweb.com/texturepacker",
	"version": "1.0",
	"image": "scarabIntro-1.jpg",
	"format": "RGB8888",
	"size": {"w":4096,"h":4096},
	"scale": "1",
	"smartupdate": "$TexturePacker:SmartUpdate:851c150a3548648db92283344d96b4fd:f4519db1bacd1e713ecd1f094b0e11d0:9efdb91997b96ecc6d5fb091f140ced6$"
}
}
