{"frames": {

"scarabWalkLoop_000.png":
{
	"frame": {"x":270,"y":248,"w":87,"h":125},
	"rotated": false,
	"trimmed": true,
	"spriteSourceSize": {"x":47,"y":33,"w":87,"h":125},
	"sourceSize": {"w":184,"h":184},
	"pivot": {"x":0.5,"y":0.5}
},
"scarabWalkLoop_001.png":
{
	"frame": {"x":359,"y":248,"w":90,"h":125},
	"rotated": false,
	"trimmed": true,
	"spriteSourceSize": {"x":46,"y":33,"w":90,"h":125},
	"sourceSize": {"w":184,"h":184},
	"pivot": {"x":0.5,"y":0.5}
},
"scarabWalkLoop_002.png":
{
	"frame": {"x":179,"y":248,"w":89,"h":125},
	"rotated": false,
	"trimmed": true,
	"spriteSourceSize": {"x":46,"y":33,"w":89,"h":125},
	"sourceSize": {"w":184,"h":184},
	"pivot": {"x":0.5,"y":0.5}
},
"scarabWalkLoop_003.png":
{
	"frame": {"x":267,"y":1,"w":88,"h":119},
	"rotated": false,
	"trimmed": true,
	"spriteSourceSize": {"x":46,"y":33,"w":88,"h":119},
	"sourceSize": {"w":184,"h":184},
	"pivot": {"x":0.5,"y":0.5}
},
"scarabWalkLoop_004.png":
{
	"frame": {"x":88,"y":1,"w":86,"h":116},
	"rotated": false,
	"trimmed": true,
	"spriteSourceSize": {"x":47,"y":33,"w":86,"h":116},
	"sourceSize": {"w":184,"h":184},
	"pivot": {"x":0.5,"y":0.5}
},
"scarabWalkLoop_005.png":
{
	"frame": {"x":357,"y":1,"w":85,"h":119},
	"rotated": false,
	"trimmed": true,
	"spriteSourceSize": {"x":47,"y":33,"w":85,"h":119},
	"sourceSize": {"w":184,"h":184},
	"pivot": {"x":0.5,"y":0.5}
},
"scarabWalkLoop_006.png":
{
	"frame": {"x":169,"y":122,"w":83,"h":123},
	"rotated": false,
	"trimmed": true,
	"spriteSourceSize": {"x":48,"y":33,"w":83,"h":123},
	"sourceSize": {"w":184,"h":184},
	"pivot": {"x":0.5,"y":0.5}
},
"scarabWalkLoop_007.png":
{
	"frame": {"x":85,"y":122,"w":82,"h":123},
	"rotated": false,
	"trimmed": true,
	"spriteSourceSize": {"x":48,"y":33,"w":82,"h":123},
	"sourceSize": {"w":184,"h":184},
	"pivot": {"x":0.5,"y":0.5}
},
"scarabWalkLoop_008.png":
{
	"frame": {"x":347,"y":122,"w":90,"h":124},
	"rotated": false,
	"trimmed": true,
	"spriteSourceSize": {"x":45,"y":33,"w":90,"h":124},
	"sourceSize": {"w":184,"h":184},
	"pivot": {"x":0.5,"y":0.5}
},
"scarabWalkLoop_009.png":
{
	"frame": {"x":1,"y":248,"w":92,"h":124},
	"rotated": false,
	"trimmed": true,
	"spriteSourceSize": {"x":44,"y":33,"w":92,"h":124},
	"sourceSize": {"w":184,"h":184},
	"pivot": {"x":0.5,"y":0.5}
},
"scarabWalkLoop_010.png":
{
	"frame": {"x":254,"y":122,"w":91,"h":124},
	"rotated": false,
	"trimmed": true,
	"spriteSourceSize": {"x":45,"y":33,"w":91,"h":124},
	"sourceSize": {"w":184,"h":184},
	"pivot": {"x":0.5,"y":0.5}
},
"scarabWalkLoop_011.png":
{
	"frame": {"x":176,"y":1,"w":89,"h":118},
	"rotated": false,
	"trimmed": true,
	"spriteSourceSize": {"x":47,"y":33,"w":89,"h":118},
	"sourceSize": {"w":184,"h":184},
	"pivot": {"x":0.5,"y":0.5}
},
"scarabWalkLoop_012.png":
{
	"frame": {"x":1,"y":1,"w":85,"h":115},
	"rotated": false,
	"trimmed": true,
	"spriteSourceSize": {"x":50,"y":33,"w":85,"h":115},
	"sourceSize": {"w":184,"h":184},
	"pivot": {"x":0.5,"y":0.5}
},
"scarabWalkLoop_013.png":
{
	"frame": {"x":1,"y":122,"w":82,"h":120},
	"rotated": false,
	"trimmed": true,
	"spriteSourceSize": {"x":53,"y":33,"w":82,"h":120},
	"sourceSize": {"w":184,"h":184},
	"pivot": {"x":0.5,"y":0.5}
},
"scarabWalkLoop_014.png":
{
	"frame": {"x":95,"y":248,"w":82,"h":124},
	"rotated": false,
	"trimmed": true,
	"spriteSourceSize": {"x":53,"y":33,"w":82,"h":124},
	"sourceSize": {"w":184,"h":184},
	"pivot": {"x":0.5,"y":0.5}
}},
"meta": {
	"app": "https://www.codeandweb.com/texturepacker",
	"version": "1.0",
	"image": "scarabWalkLoop-0.png",
	"format": "RGBA8888",
	"size": {"w":512,"h":512},
	"scale": "1",
	"smartupdate": "$TexturePacker:SmartUpdate:7642f267bb68597252534c87ff425dc2:bd59739c570c7b69cd11cee77b70217f:bf6e5e956a5f2c94636b31b5ee8c85c3$"
}
}
