{"frames": {

"scarabWalkStart_000.png":
{
	"frame": {"x":1,"y":251,"w":154,"h":125},
	"rotated": false,
	"trimmed": true,
	"spriteSourceSize": {"x":14,"y":27,"w":154,"h":125},
	"sourceSize": {"w":184,"h":184},
	"pivot": {"x":0.5,"y":0.5}
},
"scarabWalkStart_001.png":
{
	"frame": {"x":157,"y":251,"w":157,"h":125},
	"rotated": false,
	"trimmed": true,
	"spriteSourceSize": {"x":13,"y":27,"w":157,"h":125},
	"sourceSize": {"w":184,"h":184},
	"pivot": {"x":0.5,"y":0.5}
},
"scarabWalkStart_002.png":
{
	"frame": {"x":481,"y":124,"w":159,"h":124},
	"rotated": false,
	"trimmed": true,
	"spriteSourceSize": {"x":12,"y":28,"w":159,"h":124},
	"sourceSize": {"w":184,"h":184},
	"pivot": {"x":0.5,"y":0.5}
},
"scarabWalkStart_003.png":
{
	"frame": {"x":157,"y":124,"w":160,"h":123},
	"rotated": false,
	"trimmed": true,
	"spriteSourceSize": {"x":12,"y":29,"w":160,"h":123},
	"sourceSize": {"w":184,"h":184},
	"pivot": {"x":0.5,"y":0.5}
},
"scarabWalkStart_004.png":
{
	"frame": {"x":319,"y":124,"w":160,"h":124},
	"rotated": false,
	"trimmed": true,
	"spriteSourceSize": {"x":12,"y":30,"w":160,"h":124},
	"sourceSize": {"w":184,"h":184},
	"pivot": {"x":0.5,"y":0.5}
},
"scarabWalkStart_005.png":
{
	"frame": {"x":1,"y":124,"w":154,"h":121},
	"rotated": false,
	"trimmed": true,
	"spriteSourceSize": {"x":15,"y":31,"w":154,"h":121},
	"sourceSize": {"w":184,"h":184},
	"pivot": {"x":0.5,"y":0.5}
},
"scarabWalkStart_006.png":
{
	"frame": {"x":664,"y":1,"w":138,"h":120},
	"rotated": false,
	"trimmed": true,
	"spriteSourceSize": {"x":23,"y":32,"w":138,"h":120},
	"sourceSize": {"w":184,"h":184},
	"pivot": {"x":0.5,"y":0.5}
},
"scarabWalkStart_007.png":
{
	"frame": {"x":544,"y":1,"w":118,"h":120},
	"rotated": false,
	"trimmed": true,
	"spriteSourceSize": {"x":33,"y":32,"w":118,"h":120},
	"sourceSize": {"w":184,"h":184},
	"pivot": {"x":0.5,"y":0.5}
},
"scarabWalkStart_008.png":
{
	"frame": {"x":361,"y":1,"w":96,"h":119},
	"rotated": false,
	"trimmed": true,
	"spriteSourceSize": {"x":44,"y":33,"w":96,"h":119},
	"sourceSize": {"w":184,"h":184},
	"pivot": {"x":0.5,"y":0.5}
},
"scarabWalkStart_009.png":
{
	"frame": {"x":178,"y":1,"w":89,"h":117},
	"rotated": false,
	"trimmed": true,
	"spriteSourceSize": {"x":46,"y":33,"w":89,"h":117},
	"sourceSize": {"w":184,"h":184},
	"pivot": {"x":0.5,"y":0.5}
},
"scarabWalkStart_010.png":
{
	"frame": {"x":89,"y":1,"w":87,"h":117},
	"rotated": false,
	"trimmed": true,
	"spriteSourceSize": {"x":47,"y":33,"w":87,"h":117},
	"sourceSize": {"w":184,"h":184},
	"pivot": {"x":0.5,"y":0.5}
},
"scarabWalkStart_011.png":
{
	"frame": {"x":804,"y":1,"w":86,"h":121},
	"rotated": false,
	"trimmed": true,
	"spriteSourceSize": {"x":47,"y":33,"w":86,"h":121},
	"sourceSize": {"w":184,"h":184},
	"pivot": {"x":0.5,"y":0.5}
},
"scarabWalkStart_012.png":
{
	"frame": {"x":642,"y":124,"w":83,"h":124},
	"rotated": false,
	"trimmed": true,
	"spriteSourceSize": {"x":48,"y":33,"w":83,"h":124},
	"sourceSize": {"w":184,"h":184},
	"pivot": {"x":0.5,"y":0.5}
},
"scarabWalkStart_013.png":
{
	"frame": {"x":905,"y":124,"w":88,"h":125},
	"rotated": false,
	"trimmed": true,
	"spriteSourceSize": {"x":46,"y":33,"w":88,"h":125},
	"sourceSize": {"w":184,"h":184},
	"pivot": {"x":0.5,"y":0.5}
},
"scarabWalkStart_014.png":
{
	"frame": {"x":316,"y":251,"w":92,"h":125},
	"rotated": false,
	"trimmed": true,
	"spriteSourceSize": {"x":44,"y":33,"w":92,"h":125},
	"sourceSize": {"w":184,"h":184},
	"pivot": {"x":0.5,"y":0.5}
},
"scarabWalkStart_015.png":
{
	"frame": {"x":811,"y":124,"w":92,"h":124},
	"rotated": false,
	"trimmed": true,
	"spriteSourceSize": {"x":44,"y":33,"w":92,"h":124},
	"sourceSize": {"w":184,"h":184},
	"pivot": {"x":0.5,"y":0.5}
},
"scarabWalkStart_016.png":
{
	"frame": {"x":269,"y":1,"w":90,"h":118},
	"rotated": false,
	"trimmed": true,
	"spriteSourceSize": {"x":46,"y":33,"w":90,"h":118},
	"sourceSize": {"w":184,"h":184},
	"pivot": {"x":0.5,"y":0.5}
},
"scarabWalkStart_017.png":
{
	"frame": {"x":1,"y":1,"w":86,"h":116},
	"rotated": false,
	"trimmed": true,
	"spriteSourceSize": {"x":49,"y":33,"w":86,"h":116},
	"sourceSize": {"w":184,"h":184},
	"pivot": {"x":0.5,"y":0.5}
},
"scarabWalkStart_018.png":
{
	"frame": {"x":459,"y":1,"w":83,"h":120},
	"rotated": false,
	"trimmed": true,
	"spriteSourceSize": {"x":52,"y":33,"w":83,"h":120},
	"sourceSize": {"w":184,"h":184},
	"pivot": {"x":0.5,"y":0.5}
},
"scarabWalkStart_019.png":
{
	"frame": {"x":727,"y":124,"w":82,"h":124},
	"rotated": false,
	"trimmed": true,
	"spriteSourceSize": {"x":53,"y":33,"w":82,"h":124},
	"sourceSize": {"w":184,"h":184},
	"pivot": {"x":0.5,"y":0.5}
}},
"meta": {
	"app": "https://www.codeandweb.com/texturepacker",
	"version": "1.0",
	"image": "scarabWalkStart-0.png",
	"format": "RGBA8888",
	"size": {"w":1024,"h":1024},
	"scale": "1",
	"smartupdate": "$TexturePacker:SmartUpdate:c666d962cbe2d447b5e3d8908e588cc4:8c4cfab3d65bb3d8662968005c860b12:73451a7b7b45f114ed928b5c9b076288$"
}
}
