{
    "children": [
        {
            "type": "image",
            "x": 299,
            "y": 207,
            "width": 362,
            "height": 143,
            "name": "pressStartOff",
            "picID": "pressStartOff",
            "movable": true,
            "visible": false,
            "scale": 1,
            "id": "pressStartOff"
        },
        {
            "type": "image",
            "x": 299,
            "y": 207,
            "width": 362,
            "height": 143,
            "name": "pressStartOn",
            "picID": "pressStartOn",
            "movable": true,
            "visible": false,
            "scale": 1,
            "id": "pressStartOn"
        },
        {
            "type": "image",
            "x": 0,
            "y": 0,
            "width": 960,
            "height": 540,
            "name": "background",
            "picID": "background.png",
            "movable": true,
            "visible": true,
            "scale": 1,
            "id": "background"
        },
        {
            "children": [
                {
                    "type": "image",
                    "x": 0,
                    "y": 0,
                    "width": 1280,
                    "height": 720,
                    "name": "AB_sp_intro",
                    "picID": "AB_sp_intro.png",
                    "movable": true,
                    "visible": true,
                    "scale": 1,
                    "id": "AB_sp_intro"
                },
                {
                    "type": "image",
                    "x": 115,
                    "y": 275,
                    "width": 231,
                    "height": 297,
                    "name": "seven",
                    "picID": "seven",
                    "movable": true,
                    "visible": true,
                    "scale": 1,
                    "id": "seven"
                },
                {
                    "type": "image",
                    "x": 93,
                    "y": 275,
                    "width": 289,
                    "height": 306,
                    "name": "fifteen",
                    "picID": "fifteen",
                    "movable": true,
                    "visible": false,
                    "scale": 1,
                    "id": "fifteen"
                },
                {
                    "type": "image",
                    "x": 70,
                    "y": 275,
                    "width": 357,
                    "height": 295,
                    "name": "thirty",
                    "picID": "thirty",
                    "movable": true,
                    "visible": false,
                    "scale": 1,
                    "id": "thirty"
                }
            ],
            "type": "rectangle",
            "x": 0,
            "y": 0,
            "width": 960,
            "height": 540,
            "fillColor": 16727615,
            "scale": 1,
            "strokeColor": 1378570,
            "strokeWidth": 0,
            "name": "introContainer",
            "movable": true,
            "visible": false,
            "graphicsAlpha": 0,
            "id": "introContainer"
        },
        {
            "children": [
                {
                    "type": "image",
                    "x": 0,
                    "y": 0,
                    "width": 960,
                    "height": 540,
                    "name": "AB_sp_total",
                    "picID": "AB_sp_total.png",
                    "movable": true,
                    "visible": true,
                    "scale": 1,
                    "id": "AB_sp_total"
                },
                {
                    "type": "BText",
                    "x": 178,
                    "y": 240,
                    "fontSize": 200,
                    "name": "winAmount",
                    "scale": 1,
                    "text": "50 000.00",
                    "id": "winAmount",
                    "fontFamily": "currency",
                    "align": "left",
                    "movable": true,
                    "visible": true
                }
            ],
            "type": "rectangle",
            "x": 0,
            "y": 0,
            "width": 960,
            "height": 540,
            "fillColor": 16727615,
            "scale": 1,
            "strokeColor": 1378570,
            "strokeWidth": 0,
            "name": "outroContainer",
            "movable": true,
            "visible": true,
            "graphicsAlpha": 0,
            "id": "outroContainer"
        }
    ],
    "resources": [
        "backgr.json",
        "pressStart_en.json",
        "freespinResources_en.json",
        "fsAmount.json"
    ],
    "fontNames": [],
    "videos": [
        "splash_alpha.mp4"
    ],
    "videoAlternative": [
        "alternativeBackground.jpg"
    ],
    "bitmapFonts": [
        "currency"
    ],
    "fontStyles": []
}