{
  "children": [
    {
      "type": "image",
      "x": 398,
      "y": 262,
      "width": 426,
      "height": 168,
      "name": "pressStartOff",
      "picID": "pressStartOff",
      "movable": true,
      "visible": false,
      "scale": 1,
      "id": "pressStartOff"
    },
    {
      "type": "image",
      "x": 398,
      "y": 262,
      "width": 426,
      "height": 168,
      "name": "pressStartOn",
      "picID": "pressStartOn",
      "movable": true,
      "visible": false,
      "scale": 1,
      "id": "pressStartOn"
    },
    {
      "type": "image",
      "x": 0,
      "y": 0,
      "width": 1280,
      "height": 720,
      "name": "background",
      "picID": "background",
      "movable": true,
      "visible": true,
      "scale": 1,
      "id": "background"
    },
    {
      "children": [
        {
          "type": "image",
          "x": 0,
          "y": 0,
          "width": 1280,
          "height": 720,
          "name": "introTextPNG",
          "picID": "introTextPNG",
          "movable": true,
          "visible": true,
          "scale": 1,
          "id": "introTextPNG"
        },
        {
          "type": "image",
          "x": 217,
          "y": 368,
          "width": 231,
          "height": 297,
          "name": "seven",
          "picID": "seven",
          "movable": true,
          "visible": true,
          "scale": 1,
          "id": "seven"
        },
        {
          "type": "image",
          "x": 155,
          "y": 368,
          "width": 289,
          "height": 306,
          "name": "fifteen",
          "picID": "fifteen",
          "movable": true,
          "visible": false,
          "scale": 1,
          "id": "fifteen"
        },
        {
          "type": "image",
          "x": 88,
          "y": 368,
          "width": 357,
          "height": 295,
          "name": "thirty",
          "picID": "thirty",
          "movable": true,
          "visible": false,
          "scale": 1,
          "id": "thirty"
        }
      ],
      "type": "rectangle",
      "x": 0,
      "y": 0,
      "width": 1280,
      "height": 720,
      "fillColor": 16727615,
      "scale": 1,
      "strokeColor": 1378570,
      "strokeWidth": 0,
      "name": "introContainer",
      "movable": true,
      "visible": false,
      "graphicsAlpha": 0,
      "id": "introContainer"
    },
    {
      "children": [
        {
          "type": "image",
          "x": 0,
          "y": 0,
          "width": 1280,
          "height": 720,
          "name": "outroTextPNG",
          "picID": "outroTextPNG",
          "movable": true,
          "visible": true,
          "scale": 1,
          "id": "outroTextPNG"
        },
        {
          "type": "BText",
          "x": 178,
          "y": 410,
          "fontSize": 200,
          "name": "winAmount",
          "scale": 1,
          "text": "50 000.00",
          "id": "winAmount",
          "fontFamily": "currency",
          "align": "left",
          "movable": true,
          "visible": true
        },
        {
          "type": "BText",
          "x": 917,
          "y": 452,
          "fontSize": 140,
          "name": "winAmountCurrency",
          "scale": 1,
          "text": "EUR",
          "id": "winAmountCurrency",
          "fontFamily": "currency",
          "align": "left",
          "movable": true,
          "visible": true
        }
      ],
      "type": "rectangle",
      "x": 0,
      "y": 0,
      "width": 1280,
      "height": 720,
      "fillColor": 16727615,
      "scale": 1,
      "strokeColor": 1378570,
      "strokeWidth": 0,
      "name": "outroContainer",
      "movable": true,
      "visible": true,
      "graphicsAlpha": 0,
      "id": "outroContainer"
    }
  ],
  "resources": [
    "pressStart_sv.json",
    "SETexts.json",
    "backgr.json",
    "fsAmount.json"
  ],
  "fontNames": [],
  "videos": [
    "splash_alpha.mp4"
  ],
  "videoAlternative": [
    "alternativeBackground.jpg"
  ],
  "bitmapFonts": [
    "currency"
  ],
  "fontStyles": []
}