{"frames": {

"scarabWalkLoop_000.png":
{
	"frame": {"x":299,"y":207,"w":73,"h":104},
	"rotated": false,
	"trimmed": true,
	"spriteSourceSize": {"x":38,"y":27,"w":73,"h":104},
	"sourceSize": {"w":152,"h":152}
},
"scarabWalkLoop_001.png":
{
	"frame": {"x":144,"y":207,"w":76,"h":104},
	"rotated": false,
	"trimmed": true,
	"spriteSourceSize": {"x":37,"y":27,"w":76,"h":104},
	"sourceSize": {"w":152,"h":152}
},
"scarabWalkLoop_002.png":
{
	"frame": {"x":222,"y":207,"w":75,"h":104},
	"rotated": false,
	"trimmed": true,
	"spriteSourceSize": {"x":37,"y":27,"w":75,"h":104},
	"sourceSize": {"w":152,"h":152}
},
"scarabWalkLoop_003.png":
{
	"frame": {"x":226,"y":1,"w":74,"h":99},
	"rotated": false,
	"trimmed": true,
	"spriteSourceSize": {"x":37,"y":27,"w":74,"h":99},
	"sourceSize": {"w":152,"h":152}
},
"scarabWalkLoop_004.png":
{
	"frame": {"x":74,"y":1,"w":73,"h":97},
	"rotated": false,
	"trimmed": true,
	"spriteSourceSize": {"x":38,"y":27,"w":73,"h":97},
	"sourceSize": {"w":152,"h":152}
},
"scarabWalkLoop_005.png":
{
	"frame": {"x":302,"y":1,"w":72,"h":99},
	"rotated": false,
	"trimmed": true,
	"spriteSourceSize": {"x":38,"y":27,"w":72,"h":99},
	"sourceSize": {"w":152,"h":152}
},
"scarabWalkLoop_006.png":
{
	"frame": {"x":1,"y":207,"w":70,"h":103},
	"rotated": false,
	"trimmed": true,
	"spriteSourceSize": {"x":39,"y":27,"w":70,"h":103},
	"sourceSize": {"w":152,"h":152}
},
"scarabWalkLoop_007.png":
{
	"frame": {"x":229,"y":102,"w":69,"h":103},
	"rotated": false,
	"trimmed": true,
	"spriteSourceSize": {"x":39,"y":27,"w":69,"h":103},
	"sourceSize": {"w":152,"h":152}
},
"scarabWalkLoop_008.png":
{
	"frame": {"x":300,"y":102,"w":75,"h":103},
	"rotated": false,
	"trimmed": true,
	"spriteSourceSize": {"x":37,"y":27,"w":75,"h":103},
	"sourceSize": {"w":152,"h":152}
},
"scarabWalkLoop_009.png":
{
	"frame": {"x":150,"y":102,"w":77,"h":103},
	"rotated": false,
	"trimmed": true,
	"spriteSourceSize": {"x":36,"y":27,"w":77,"h":103},
	"sourceSize": {"w":152,"h":152}
},
"scarabWalkLoop_010.png":
{
	"frame": {"x":72,"y":102,"w":76,"h":103},
	"rotated": false,
	"trimmed": true,
	"spriteSourceSize": {"x":37,"y":27,"w":76,"h":103},
	"sourceSize": {"w":152,"h":152}
},
"scarabWalkLoop_011.png":
{
	"frame": {"x":149,"y":1,"w":75,"h":98},
	"rotated": false,
	"trimmed": true,
	"spriteSourceSize": {"x":38,"y":27,"w":75,"h":98},
	"sourceSize": {"w":152,"h":152}
},
"scarabWalkLoop_012.png":
{
	"frame": {"x":1,"y":1,"w":71,"h":96},
	"rotated": false,
	"trimmed": true,
	"spriteSourceSize": {"x":41,"y":27,"w":71,"h":96},
	"sourceSize": {"w":152,"h":152}
},
"scarabWalkLoop_013.png":
{
	"frame": {"x":1,"y":102,"w":69,"h":100},
	"rotated": false,
	"trimmed": true,
	"spriteSourceSize": {"x":43,"y":27,"w":69,"h":100},
	"sourceSize": {"w":152,"h":152}
},
"scarabWalkLoop_014.png":
{
	"frame": {"x":73,"y":207,"w":69,"h":103},
	"rotated": false,
	"trimmed": true,
	"spriteSourceSize": {"x":43,"y":27,"w":69,"h":103},
	"sourceSize": {"w":152,"h":152}
}},
"meta": {
	"app": "https://www.codeandweb.com/texturepacker",
	"version": "1.0",
	"image": "scarabWalkLoop.png",
	"format": "RGBA8888",
	"size": {"w":376,"h":376},
	"scale": "1",
	"smartupdate": "$TexturePacker:SmartUpdate:d768148d9cb7e861bffa28888cfc3a9c:9119155205712d924e7a25c4176a17c0:c3801113ea571a3da877b5383f6376cb$"
}
}
