{"frames": {

"scarabWalkEnd_000.png":
{
	"frame": {"x":1,"y":1,"w":71,"h":103},
	"rotated": false,
	"trimmed": true,
	"spriteSourceSize": {"x":39,"y":27,"w":71,"h":103},
	"sourceSize": {"w":152,"h":152}
},
"scarabWalkEnd_001.png":
{
	"frame": {"x":74,"y":1,"w":70,"h":103},
	"rotated": false,
	"trimmed": true,
	"spriteSourceSize": {"x":39,"y":27,"w":70,"h":103},
	"sourceSize": {"w":152,"h":152}
},
"scarabWalkEnd_002.png":
{
	"frame": {"x":146,"y":1,"w":75,"h":100},
	"rotated": false,
	"trimmed": true,
	"spriteSourceSize": {"x":37,"y":27,"w":75,"h":100},
	"sourceSize": {"w":152,"h":152}
},
"scarabWalkEnd_003.png":
{
	"frame": {"x":223,"y":1,"w":77,"h":96},
	"rotated": false,
	"trimmed": true,
	"spriteSourceSize": {"x":36,"y":27,"w":77,"h":96},
	"sourceSize": {"w":152,"h":152}
},
"scarabWalkEnd_004.png":
{
	"frame": {"x":1,"y":106,"w":78,"h":92},
	"rotated": false,
	"trimmed": true,
	"spriteSourceSize": {"x":36,"y":27,"w":78,"h":92},
	"sourceSize": {"w":152,"h":152}
},
"scarabWalkEnd_005.png":
{
	"frame": {"x":81,"y":106,"w":75,"h":95},
	"rotated": false,
	"trimmed": true,
	"spriteSourceSize": {"x":38,"y":27,"w":75,"h":95},
	"sourceSize": {"w":152,"h":152}
},
"scarabWalkEnd_006.png":
{
	"frame": {"x":158,"y":106,"w":69,"h":85},
	"rotated": false,
	"trimmed": true,
	"spriteSourceSize": {"x":42,"y":27,"w":69,"h":85},
	"sourceSize": {"w":152,"h":152}
},
"scarabWalkEnd_007.png":
{
	"frame": {"x":229,"y":106,"w":61,"h":77},
	"rotated": false,
	"trimmed": true,
	"spriteSourceSize": {"x":45,"y":27,"w":61,"h":77},
	"sourceSize": {"w":152,"h":152}
},
"scarabWalkEnd_008.png":
{
	"frame": {"x":1,"y":203,"w":63,"h":73},
	"rotated": false,
	"trimmed": true,
	"spriteSourceSize": {"x":43,"y":27,"w":63,"h":73},
	"sourceSize": {"w":152,"h":152}
},
"scarabWalkEnd_009.png":
{
	"frame": {"x":66,"y":203,"w":64,"h":63},
	"rotated": false,
	"trimmed": true,
	"spriteSourceSize": {"x":41,"y":27,"w":64,"h":63},
	"sourceSize": {"w":152,"h":152}
},
"scarabWalkEnd_010.png":
{
	"frame": {"x":132,"y":203,"w":57,"h":60},
	"rotated": false,
	"trimmed": true,
	"spriteSourceSize": {"x":46,"y":27,"w":57,"h":60},
	"sourceSize": {"w":152,"h":152}
},
"scarabWalkEnd_011.png":
{
	"frame": {"x":191,"y":203,"w":47,"h":46},
	"rotated": false,
	"trimmed": true,
	"spriteSourceSize": {"x":49,"y":27,"w":47,"h":46},
	"sourceSize": {"w":152,"h":152}
},
"scarabWalkEnd_012.png":
{
	"frame": {"x":240,"y":203,"w":48,"h":46},
	"rotated": false,
	"trimmed": true,
	"spriteSourceSize": {"x":48,"y":26,"w":48,"h":46},
	"sourceSize": {"w":152,"h":152}
},
"scarabWalkEnd_013.png":
{
	"frame": {"x":1,"y":278,"w":48,"h":44},
	"rotated": false,
	"trimmed": true,
	"spriteSourceSize": {"x":48,"y":26,"w":48,"h":44},
	"sourceSize": {"w":152,"h":152}
},
"scarabWalkEnd_014.png":
{
	"frame": {"x":51,"y":278,"w":30,"h":37},
	"rotated": false,
	"trimmed": true,
	"spriteSourceSize": {"x":57,"y":27,"w":30,"h":37},
	"sourceSize": {"w":152,"h":152}
},
"scarabWalkEnd_015.png":
{
	"frame": {"x":83,"y":278,"w":3,"h":3},
	"rotated": false,
	"trimmed": true,
	"spriteSourceSize": {"x":0,"y":0,"w":3,"h":3},
	"sourceSize": {"w":152,"h":152}
}},
"meta": {
	"app": "https://www.codeandweb.com/texturepacker",
	"version": "1.0",
	"image": "scarabWalkEnd.png",
	"format": "RGBA8888",
	"size": {"w":323,"h":323},
	"scale": "1",
	"smartupdate": "$TexturePacker:SmartUpdate:2b170f7cf677c44af15ce5bf5e2771b4:89c7753f1270421b2097ded479429c13:2f3f206e6dadb3506be30426f961bae2$"
}
}
