{"frames": {

"crackNeg_000.png":
{
	"frame": {"x":1,"y":1,"w":110,"h":110},
	"rotated": false,
	"trimmed": true,
	"spriteSourceSize": {"x":23,"y":23,"w":110,"h":110},
	"sourceSize": {"w":156,"h":156}
},
"crackNeg_001.png":
{
	"frame": {"x":113,"y":1,"w":110,"h":110},
	"rotated": false,
	"trimmed": true,
	"spriteSourceSize": {"x":23,"y":23,"w":110,"h":110},
	"sourceSize": {"w":156,"h":156}
},
"crackNeg_002.png":
{
	"frame": {"x":225,"y":1,"w":113,"h":110},
	"rotated": false,
	"trimmed": true,
	"spriteSourceSize": {"x":22,"y":23,"w":113,"h":110},
	"sourceSize": {"w":156,"h":156}
},
"crackNeg_003.png":
{
	"frame": {"x":340,"y":1,"w":114,"h":110},
	"rotated": false,
	"trimmed": true,
	"spriteSourceSize": {"x":21,"y":23,"w":114,"h":110},
	"sourceSize": {"w":156,"h":156}
},
"crackNeg_004.png":
{
	"frame": {"x":1,"y":113,"w":114,"h":113},
	"rotated": false,
	"trimmed": true,
	"spriteSourceSize": {"x":21,"y":22,"w":114,"h":113},
	"sourceSize": {"w":156,"h":156}
},
"crackNeg_005.png":
{
	"frame": {"x":117,"y":113,"w":114,"h":114},
	"rotated": false,
	"trimmed": true,
	"spriteSourceSize": {"x":21,"y":21,"w":114,"h":114},
	"sourceSize": {"w":156,"h":156}
},
"crackNeg_006.png":
{
	"frame": {"x":233,"y":113,"w":116,"h":115},
	"rotated": false,
	"trimmed": true,
	"spriteSourceSize": {"x":20,"y":21,"w":116,"h":115},
	"sourceSize": {"w":156,"h":156}
},
"crackNeg_007.png":
{
	"frame": {"x":351,"y":113,"w":118,"h":110},
	"rotated": false,
	"trimmed": true,
	"spriteSourceSize": {"x":19,"y":23,"w":118,"h":110},
	"sourceSize": {"w":156,"h":156}
},
"crackNeg_008.png":
{
	"frame": {"x":1,"y":230,"w":122,"h":110},
	"rotated": false,
	"trimmed": true,
	"spriteSourceSize": {"x":17,"y":23,"w":122,"h":110},
	"sourceSize": {"w":156,"h":156}
},
"crackNeg_009.png":
{
	"frame": {"x":125,"y":230,"w":124,"h":110},
	"rotated": false,
	"trimmed": true,
	"spriteSourceSize": {"x":16,"y":23,"w":124,"h":110},
	"sourceSize": {"w":156,"h":156}
},
"crackNeg_010.png":
{
	"frame": {"x":251,"y":230,"w":124,"h":110},
	"rotated": false,
	"trimmed": true,
	"spriteSourceSize": {"x":16,"y":23,"w":124,"h":110},
	"sourceSize": {"w":156,"h":156}
},
"crackNeg_011.png":
{
	"frame": {"x":377,"y":230,"w":124,"h":110},
	"rotated": false,
	"trimmed": true,
	"spriteSourceSize": {"x":16,"y":23,"w":124,"h":110},
	"sourceSize": {"w":156,"h":156}
},
"crackNeg_012.png":
{
	"frame": {"x":1,"y":342,"w":124,"h":110},
	"rotated": false,
	"trimmed": true,
	"spriteSourceSize": {"x":16,"y":23,"w":124,"h":110},
	"sourceSize": {"w":156,"h":156}
},
"crackNeg_013.png":
{
	"frame": {"x":127,"y":342,"w":124,"h":110},
	"rotated": false,
	"trimmed": true,
	"spriteSourceSize": {"x":16,"y":23,"w":124,"h":110},
	"sourceSize": {"w":156,"h":156}
},
"crackNeg_014.png":
{
	"frame": {"x":253,"y":342,"w":124,"h":110},
	"rotated": false,
	"trimmed": true,
	"spriteSourceSize": {"x":16,"y":23,"w":124,"h":110},
	"sourceSize": {"w":156,"h":156}
},
"crackNeg_015.png":
{
	"frame": {"x":379,"y":342,"w":124,"h":110},
	"rotated": false,
	"trimmed": true,
	"spriteSourceSize": {"x":16,"y":23,"w":124,"h":110},
	"sourceSize": {"w":156,"h":156}
},
"crackNeg_016.png":
{
	"frame": {"x":1,"y":454,"w":124,"h":110},
	"rotated": false,
	"trimmed": true,
	"spriteSourceSize": {"x":16,"y":23,"w":124,"h":110},
	"sourceSize": {"w":156,"h":156}
},
"crackNeg_017.png":
{
	"frame": {"x":127,"y":454,"w":124,"h":110},
	"rotated": false,
	"trimmed": true,
	"spriteSourceSize": {"x":16,"y":23,"w":124,"h":110},
	"sourceSize": {"w":156,"h":156}
}},
"meta": {
	"app": "https://www.codeandweb.com/texturepacker",
	"version": "1.0",
	"image": "scarabCollect_en.png",
	"format": "RGBA8888",
	"size": {"w":565,"h":565},
	"scale": "1",
	"smartupdate": "$TexturePacker:SmartUpdate:dcc189cd6ba6cd4d99c320933b7cf5c0:7fd53cd3149f308899de19d101c94699:4258ac05b05e57c655f2168f5aaa6b88$"
}
}
