{"frames": {

"scarabBlinkLogo_000.png":
{
	"frame": {"x":1,"y":1,"w":99,"h":28},
	"rotated": false,
	"trimmed": false,
	"spriteSourceSize": {"x":0,"y":0,"w":99,"h":28},
	"sourceSize": {"w":99,"h":28}
},
"scarabBlinkLogo_001.png":
{
	"frame": {"x":1,"y":1,"w":99,"h":28},
	"rotated": false,
	"trimmed": false,
	"spriteSourceSize": {"x":0,"y":0,"w":99,"h":28},
	"sourceSize": {"w":99,"h":28}
},
"scarabBlinkLogo_002.png":
{
	"frame": {"x":102,"y":1,"w":99,"h":28},
	"rotated": false,
	"trimmed": false,
	"spriteSourceSize": {"x":0,"y":0,"w":99,"h":28},
	"sourceSize": {"w":99,"h":28}
},
"scarabBlinkLogo_003.png":
{
	"frame": {"x":203,"y":1,"w":99,"h":28},
	"rotated": false,
	"trimmed": false,
	"spriteSourceSize": {"x":0,"y":0,"w":99,"h":28},
	"sourceSize": {"w":99,"h":28}
},
"scarabBlinkLogo_004.png":
{
	"frame": {"x":304,"y":1,"w":99,"h":28},
	"rotated": false,
	"trimmed": false,
	"spriteSourceSize": {"x":0,"y":0,"w":99,"h":28},
	"sourceSize": {"w":99,"h":28}
},
"scarabBlinkLogo_005.png":
{
	"frame": {"x":304,"y":1,"w":99,"h":28},
	"rotated": false,
	"trimmed": false,
	"spriteSourceSize": {"x":0,"y":0,"w":99,"h":28},
	"sourceSize": {"w":99,"h":28}
},
"scarabBlinkLogo_006.png":
{
	"frame": {"x":405,"y":1,"w":99,"h":28},
	"rotated": false,
	"trimmed": false,
	"spriteSourceSize": {"x":0,"y":0,"w":99,"h":28},
	"sourceSize": {"w":99,"h":28}
},
"scarabBlinkLogo_007.png":
{
	"frame": {"x":1,"y":31,"w":99,"h":28},
	"rotated": false,
	"trimmed": false,
	"spriteSourceSize": {"x":0,"y":0,"w":99,"h":28},
	"sourceSize": {"w":99,"h":28}
},
"scarabBlinkLogo_008.png":
{
	"frame": {"x":102,"y":31,"w":99,"h":28},
	"rotated": false,
	"trimmed": false,
	"spriteSourceSize": {"x":0,"y":0,"w":99,"h":28},
	"sourceSize": {"w":99,"h":28}
},
"scarabBlinkLogo_009.png":
{
	"frame": {"x":102,"y":31,"w":99,"h":28},
	"rotated": false,
	"trimmed": false,
	"spriteSourceSize": {"x":0,"y":0,"w":99,"h":28},
	"sourceSize": {"w":99,"h":28}
},
"scarabBlinkLogo_010.png":
{
	"frame": {"x":203,"y":31,"w":99,"h":28},
	"rotated": false,
	"trimmed": false,
	"spriteSourceSize": {"x":0,"y":0,"w":99,"h":28},
	"sourceSize": {"w":99,"h":28}
},
"scarabBlinkLogo_011.png":
{
	"frame": {"x":304,"y":31,"w":99,"h":28},
	"rotated": false,
	"trimmed": false,
	"spriteSourceSize": {"x":0,"y":0,"w":99,"h":28},
	"sourceSize": {"w":99,"h":28}
},
"scarabBlinkLogo_012.png":
{
	"frame": {"x":405,"y":31,"w":99,"h":28},
	"rotated": false,
	"trimmed": false,
	"spriteSourceSize": {"x":0,"y":0,"w":99,"h":28},
	"sourceSize": {"w":99,"h":28}
},
"scarabBlinkLogo_013.png":
{
	"frame": {"x":1,"y":61,"w":99,"h":28},
	"rotated": false,
	"trimmed": false,
	"spriteSourceSize": {"x":0,"y":0,"w":99,"h":28},
	"sourceSize": {"w":99,"h":28}
},
"scarabBlinkLogo_014.png":
{
	"frame": {"x":1,"y":61,"w":99,"h":28},
	"rotated": false,
	"trimmed": false,
	"spriteSourceSize": {"x":0,"y":0,"w":99,"h":28},
	"sourceSize": {"w":99,"h":28}
},
"scarabBlinkLogo_015.png":
{
	"frame": {"x":102,"y":61,"w":99,"h":28},
	"rotated": false,
	"trimmed": false,
	"spriteSourceSize": {"x":0,"y":0,"w":99,"h":28},
	"sourceSize": {"w":99,"h":28}
},
"scarabBlinkLogo_016.png":
{
	"frame": {"x":203,"y":61,"w":99,"h":28},
	"rotated": false,
	"trimmed": false,
	"spriteSourceSize": {"x":0,"y":0,"w":99,"h":28},
	"sourceSize": {"w":99,"h":28}
},
"scarabBlinkLogo_017.png":
{
	"frame": {"x":304,"y":61,"w":99,"h":28},
	"rotated": false,
	"trimmed": false,
	"spriteSourceSize": {"x":0,"y":0,"w":99,"h":28},
	"sourceSize": {"w":99,"h":28}
},
"scarabBlinkLogo_018.png":
{
	"frame": {"x":304,"y":61,"w":99,"h":28},
	"rotated": false,
	"trimmed": false,
	"spriteSourceSize": {"x":0,"y":0,"w":99,"h":28},
	"sourceSize": {"w":99,"h":28}
},
"scarabBlinkLogo_019.png":
{
	"frame": {"x":405,"y":61,"w":99,"h":28},
	"rotated": false,
	"trimmed": false,
	"spriteSourceSize": {"x":0,"y":0,"w":99,"h":28},
	"sourceSize": {"w":99,"h":28}
},
"scarabBlinkLogo_020.png":
{
	"frame": {"x":1,"y":91,"w":99,"h":28},
	"rotated": false,
	"trimmed": false,
	"spriteSourceSize": {"x":0,"y":0,"w":99,"h":28},
	"sourceSize": {"w":99,"h":28}
},
"scarabBlinkLogo_021.png":
{
	"frame": {"x":102,"y":91,"w":99,"h":28},
	"rotated": false,
	"trimmed": false,
	"spriteSourceSize": {"x":0,"y":0,"w":99,"h":28},
	"sourceSize": {"w":99,"h":28}
},
"scarabBlinkLogo_022.png":
{
	"frame": {"x":102,"y":91,"w":99,"h":28},
	"rotated": false,
	"trimmed": false,
	"spriteSourceSize": {"x":0,"y":0,"w":99,"h":28},
	"sourceSize": {"w":99,"h":28}
},
"scarabBlinkLogo_023.png":
{
	"frame": {"x":203,"y":91,"w":99,"h":28},
	"rotated": false,
	"trimmed": false,
	"spriteSourceSize": {"x":0,"y":0,"w":99,"h":28},
	"sourceSize": {"w":99,"h":28}
},
"scarabBlinkLogo_024.png":
{
	"frame": {"x":304,"y":91,"w":99,"h":28},
	"rotated": false,
	"trimmed": false,
	"spriteSourceSize": {"x":0,"y":0,"w":99,"h":28},
	"sourceSize": {"w":99,"h":28}
},
"scarabBlinkLogo_025.png":
{
	"frame": {"x":405,"y":91,"w":99,"h":28},
	"rotated": false,
	"trimmed": false,
	"spriteSourceSize": {"x":0,"y":0,"w":99,"h":28},
	"sourceSize": {"w":99,"h":28}
},
"scarabBlinkLogo_026.png":
{
	"frame": {"x":1,"y":121,"w":99,"h":28},
	"rotated": false,
	"trimmed": false,
	"spriteSourceSize": {"x":0,"y":0,"w":99,"h":28},
	"sourceSize": {"w":99,"h":28}
},
"scarabBlinkLogo_027.png":
{
	"frame": {"x":1,"y":121,"w":99,"h":28},
	"rotated": false,
	"trimmed": false,
	"spriteSourceSize": {"x":0,"y":0,"w":99,"h":28},
	"sourceSize": {"w":99,"h":28}
},
"scarabBlinkLogo_028.png":
{
	"frame": {"x":102,"y":121,"w":99,"h":28},
	"rotated": false,
	"trimmed": false,
	"spriteSourceSize": {"x":0,"y":0,"w":99,"h":28},
	"sourceSize": {"w":99,"h":28}
},
"scarabBlinkLogo_029.png":
{
	"frame": {"x":203,"y":121,"w":99,"h":28},
	"rotated": false,
	"trimmed": false,
	"spriteSourceSize": {"x":0,"y":0,"w":99,"h":28},
	"sourceSize": {"w":99,"h":28}
},
"scarabBlinkLogo_030.png":
{
	"frame": {"x":304,"y":121,"w":99,"h":28},
	"rotated": false,
	"trimmed": false,
	"spriteSourceSize": {"x":0,"y":0,"w":99,"h":28},
	"sourceSize": {"w":99,"h":28}
},
"scarabBlinkLogo_031.png":
{
	"frame": {"x":304,"y":121,"w":99,"h":28},
	"rotated": false,
	"trimmed": false,
	"spriteSourceSize": {"x":0,"y":0,"w":99,"h":28},
	"sourceSize": {"w":99,"h":28}
},
"scarabBlinkLogo_032.png":
{
	"frame": {"x":405,"y":121,"w":99,"h":28},
	"rotated": false,
	"trimmed": false,
	"spriteSourceSize": {"x":0,"y":0,"w":99,"h":28},
	"sourceSize": {"w":99,"h":28}
},
"scarabBlinkLogo_033.png":
{
	"frame": {"x":1,"y":151,"w":99,"h":28},
	"rotated": false,
	"trimmed": false,
	"spriteSourceSize": {"x":0,"y":0,"w":99,"h":28},
	"sourceSize": {"w":99,"h":28}
},
"scarabBlinkLogo_034.png":
{
	"frame": {"x":102,"y":151,"w":99,"h":28},
	"rotated": false,
	"trimmed": false,
	"spriteSourceSize": {"x":0,"y":0,"w":99,"h":28},
	"sourceSize": {"w":99,"h":28}
},
"scarabBlinkLogo_035.png":
{
	"frame": {"x":102,"y":151,"w":99,"h":28},
	"rotated": false,
	"trimmed": false,
	"spriteSourceSize": {"x":0,"y":0,"w":99,"h":28},
	"sourceSize": {"w":99,"h":28}
}},
"meta": {
	"app": "https://www.codeandweb.com/texturepacker",
	"version": "1.0",
	"image": "scarabBlinkLogo.png",
	"format": "RGBA8888",
	"size": {"w":512,"h":512},
	"scale": "1",
	"smartupdate": "$TexturePacker:SmartUpdate:3e3273f45a4babd17d3ebcd51fa6669e:25bebafaf7784ed2313f987823398b98:68009c0743fa5c7143246ed6326a4173$"
}
}
