{"frames": {

"collectedScrolls.png":
{
	"frame": {"x":859,"y":1,"w":184,"h":42},
	"rotated": false,
	"trimmed": true,
	"spriteSourceSize": {"x":297,"y":381,"w":184,"h":42},
	"sourceSize": {"w":1280,"h":720},
	"pivot": {"x":0.5,"y":0.5}
},
"featureStart.png":
{
	"frame": {"x":701,"y":56,"w":1147,"h":54},
	"rotated": false,
	"trimmed": true,
	"spriteSourceSize": {"x":69,"y":666,"w":1147,"h":54},
	"sourceSize": {"w":1280,"h":720},
	"pivot": {"x":0.5,"y":0.5}
},
"featureWin.png":
{
	"frame": {"x":1,"y":1,"w":542,"h":38},
	"rotated": false,
	"trimmed": true,
	"spriteSourceSize": {"x":369,"y":224,"w":542,"h":38},
	"sourceSize": {"w":1280,"h":720},
	"pivot": {"x":0.5,"y":0.5}
},
"introBonusText.png":
{
	"frame": {"x":1,"y":464,"w":916,"h":289},
	"rotated": false,
	"trimmed": true,
	"spriteSourceSize": {"x":181,"y":241,"w":916,"h":289},
	"sourceSize": {"w":1280,"h":720},
	"pivot": {"x":0.5,"y":0.5}
},
"introMysteryText.png":
{
	"frame": {"x":919,"y":464,"w":941,"h":292},
	"rotated": false,
	"trimmed": true,
	"spriteSourceSize": {"x":167,"y":244,"w":941,"h":292},
	"sourceSize": {"w":1280,"h":720},
	"pivot": {"x":0.5,"y":0.5}
},
"jackpotTextLevel_0.png":
{
	"frame": {"x":1366,"y":1,"w":346,"h":53},
	"rotated": false,
	"trimmed": true,
	"spriteSourceSize": {"x":298,"y":272,"w":346,"h":53},
	"sourceSize": {"w":1280,"h":720},
	"pivot": {"x":0.5,"y":0.5}
},
"jackpotTextLevel_1.png":
{
	"frame": {"x":1045,"y":1,"w":319,"h":53},
	"rotated": false,
	"trimmed": true,
	"spriteSourceSize": {"x":298,"y":272,"w":319,"h":53},
	"sourceSize": {"w":1280,"h":720},
	"pivot": {"x":0.5,"y":0.5}
},
"jackpotTextLevel_2.png":
{
	"frame": {"x":396,"y":56,"w":303,"h":53},
	"rotated": false,
	"trimmed": true,
	"spriteSourceSize": {"x":298,"y":272,"w":303,"h":53},
	"sourceSize": {"w":1280,"h":720},
	"pivot": {"x":0.5,"y":0.5}
},
"jackpotTextLevel_3.png":
{
	"frame": {"x":1,"y":56,"w":393,"h":53},
	"rotated": false,
	"trimmed": true,
	"spriteSourceSize": {"x":299,"y":272,"w":393,"h":53},
	"sourceSize": {"w":1280,"h":720},
	"pivot": {"x":0.5,"y":0.5}
},
"jackpotWin.png":
{
	"frame": {"x":545,"y":1,"w":312,"h":41},
	"rotated": false,
	"trimmed": true,
	"spriteSourceSize": {"x":296,"y":329,"w":312,"h":41},
	"sourceSize": {"w":1280,"h":720},
	"pivot": {"x":0.5,"y":0.5}
},
"mysteryText.png":
{
	"frame": {"x":1209,"y":175,"w":568,"h":84},
	"rotated": false,
	"trimmed": true,
	"spriteSourceSize": {"x":355,"y":257,"w":568,"h":84},
	"sourceSize": {"w":1280,"h":720},
	"pivot": {"x":0.5,"y":0.5}
},
"pressStart.png":
{
	"frame": {"x":598,"y":175,"w":609,"h":68},
	"rotated": false,
	"trimmed": true,
	"spriteSourceSize": {"x":333,"y":603,"w":609,"h":68},
	"sourceSize": {"w":1280,"h":720},
	"pivot": {"x":0.5,"y":0.5}
},
"reached.png":
{
	"frame": {"x":1,"y":261,"w":674,"h":150},
	"rotated": false,
	"trimmed": true,
	"spriteSourceSize": {"x":305,"y":252,"w":674,"h":150},
	"sourceSize": {"w":1280,"h":720},
	"pivot": {"x":0.5,"y":0.5}
},
"reachedLevel_0.png":
{
	"frame": {"x":1261,"y":112,"w":539,"h":61},
	"rotated": false,
	"trimmed": true,
	"spriteSourceSize": {"x":368,"y":483,"w":539,"h":61},
	"sourceSize": {"w":1280,"h":720},
	"pivot": {"x":0.5,"y":0.5}
},
"reachedLevel_1.png":
{
	"frame": {"x":259,"y":112,"w":508,"h":61},
	"rotated": false,
	"trimmed": true,
	"spriteSourceSize": {"x":383,"y":483,"w":508,"h":61},
	"sourceSize": {"w":1280,"h":720},
	"pivot": {"x":0.5,"y":0.5}
},
"reachedLevel_2.png":
{
	"frame": {"x":769,"y":112,"w":490,"h":61},
	"rotated": false,
	"trimmed": true,
	"spriteSourceSize": {"x":392,"y":483,"w":490,"h":61},
	"sourceSize": {"w":1280,"h":720},
	"pivot": {"x":0.5,"y":0.5}
},
"reachedLevel_3.png":
{
	"frame": {"x":1,"y":175,"w":595,"h":61},
	"rotated": false,
	"trimmed": true,
	"spriteSourceSize": {"x":340,"y":483,"w":595,"h":61},
	"sourceSize": {"w":1280,"h":720},
	"pivot": {"x":0.5,"y":0.5}
},
"scrollsCollected.png":
{
	"frame": {"x":677,"y":261,"w":573,"h":201},
	"rotated": false,
	"trimmed": true,
	"spriteSourceSize": {"x":355,"y":225,"w":573,"h":201},
	"sourceSize": {"w":1280,"h":720},
	"pivot": {"x":0.5,"y":0.5}
},
"totalWon.png":
{
	"frame": {"x":1,"y":112,"w":256,"h":55},
	"rotated": false,
	"trimmed": true,
	"spriteSourceSize": {"x":297,"y":424,"w":256,"h":55},
	"sourceSize": {"w":1280,"h":720},
	"pivot": {"x":0.5,"y":0.5}
}},
"meta": {
	"app": "http://www.codeandweb.com/texturepacker",
	"version": "1.0",
	"image": "freespinResources_en.png",
	"format": "RGBA8888",
	"size": {"w":2048,"h":2048},
	"scale": "1",
	"smartupdate": "$TexturePacker:SmartUpdate:4164a37da865ea8d48b318b90786d1b3:e1ee81d0e96ad431a6cf10b18df64988:1d51a0827cd49459b50dacfe874af6e2$"
}
}
