{"frames": {

"collectedScrolls.png":
{
	"frame": {"x":957,"y":1,"w":191,"h":41},
	"rotated": false,
	"trimmed": true,
	"spriteSourceSize": {"x":297,"y":382,"w":191,"h":41},
	"sourceSize": {"w":1280,"h":720},
	"pivot": {"x":0.5,"y":0.5}
},
"featureStart.png":
{
	"frame": {"x":1,"y":113,"w":1227,"h":58},
	"rotated": false,
	"trimmed": true,
	"spriteSourceSize": {"x":29,"y":662,"w":1227,"h":58},
	"sourceSize": {"w":1280,"h":720},
	"pivot": {"x":0.5,"y":0.5}
},
"featureWin.png":
{
	"frame": {"x":1,"y":1,"w":473,"h":39},
	"rotated": false,
	"trimmed": true,
	"spriteSourceSize": {"x":404,"y":224,"w":473,"h":39},
	"sourceSize": {"w":1280,"h":720},
	"pivot": {"x":0.5,"y":0.5}
},
"introBonusText.png":
{
	"frame": {"x":1,"y":549,"w":925,"h":301},
	"rotated": false,
	"trimmed": true,
	"spriteSourceSize": {"x":177,"y":229,"w":925,"h":301},
	"sourceSize": {"w":1280,"h":720},
	"pivot": {"x":0.5,"y":0.5}
},
"introMysteryText.png":
{
	"frame": {"x":928,"y":549,"w":976,"h":391},
	"rotated": false,
	"trimmed": true,
	"spriteSourceSize": {"x":152,"y":213,"w":976,"h":391},
	"sourceSize": {"w":1280,"h":720},
	"pivot": {"x":0.5,"y":0.5}
},
"jackpotTextLevel_0.png":
{
	"frame": {"x":1,"y":56,"w":346,"h":53},
	"rotated": false,
	"trimmed": true,
	"spriteSourceSize": {"x":298,"y":272,"w":346,"h":53},
	"sourceSize": {"w":1280,"h":720},
	"pivot": {"x":0.5,"y":0.5}
},
"jackpotTextLevel_1.png":
{
	"frame": {"x":1150,"y":1,"w":319,"h":53},
	"rotated": false,
	"trimmed": true,
	"spriteSourceSize": {"x":298,"y":272,"w":319,"h":53},
	"sourceSize": {"w":1280,"h":720},
	"pivot": {"x":0.5,"y":0.5}
},
"jackpotTextLevel_2.png":
{
	"frame": {"x":1471,"y":1,"w":303,"h":53},
	"rotated": false,
	"trimmed": true,
	"spriteSourceSize": {"x":298,"y":272,"w":303,"h":53},
	"sourceSize": {"w":1280,"h":720},
	"pivot": {"x":0.5,"y":0.5}
},
"jackpotTextLevel_3.png":
{
	"frame": {"x":349,"y":56,"w":393,"h":53},
	"rotated": false,
	"trimmed": true,
	"spriteSourceSize": {"x":299,"y":272,"w":393,"h":53},
	"sourceSize": {"w":1280,"h":720},
	"pivot": {"x":0.5,"y":0.5}
},
"jackpotWin.png":
{
	"frame": {"x":476,"y":1,"w":479,"h":41},
	"rotated": false,
	"trimmed": true,
	"spriteSourceSize": {"x":296,"y":329,"w":479,"h":41},
	"sourceSize": {"w":1280,"h":720},
	"pivot": {"x":0.5,"y":0.5}
},
"mysteryText.png":
{
	"frame": {"x":1044,"y":237,"w":593,"h":97},
	"rotated": false,
	"trimmed": true,
	"spriteSourceSize": {"x":344,"y":248,"w":593,"h":97},
	"sourceSize": {"w":1280,"h":720},
	"pivot": {"x":0.5,"y":0.5}
},
"pressStart.png":
{
	"frame": {"x":1,"y":237,"w":1041,"h":73},
	"rotated": false,
	"trimmed": true,
	"spriteSourceSize": {"x":111,"y":599,"w":1041,"h":73},
	"sourceSize": {"w":1280,"h":720},
	"pivot": {"x":0.5,"y":0.5}
},
"reached.png":
{
	"frame": {"x":1,"y":336,"w":663,"h":162},
	"rotated": false,
	"trimmed": true,
	"spriteSourceSize": {"x":309,"y":239,"w":663,"h":162},
	"sourceSize": {"w":1280,"h":720},
	"pivot": {"x":0.5,"y":0.5}
},
"reachedLevel_0.png":
{
	"frame": {"x":648,"y":175,"w":590,"h":60},
	"rotated": false,
	"trimmed": true,
	"spriteSourceSize": {"x":342,"y":483,"w":590,"h":60},
	"sourceSize": {"w":1280,"h":720},
	"pivot": {"x":0.5,"y":0.5}
},
"reachedLevel_1.png":
{
	"frame": {"x":1240,"y":175,"w":558,"h":60},
	"rotated": false,
	"trimmed": true,
	"spriteSourceSize": {"x":358,"y":483,"w":558,"h":60},
	"sourceSize": {"w":1280,"h":720},
	"pivot": {"x":0.5,"y":0.5}
},
"reachedLevel_2.png":
{
	"frame": {"x":1230,"y":113,"w":540,"h":60},
	"rotated": false,
	"trimmed": true,
	"spriteSourceSize": {"x":367,"y":483,"w":540,"h":60},
	"sourceSize": {"w":1280,"h":720},
	"pivot": {"x":0.5,"y":0.5}
},
"reachedLevel_3.png":
{
	"frame": {"x":1,"y":175,"w":645,"h":60},
	"rotated": false,
	"trimmed": true,
	"spriteSourceSize": {"x":314,"y":483,"w":645,"h":60},
	"sourceSize": {"w":1280,"h":720},
	"pivot": {"x":0.5,"y":0.5}
},
"scrollsCollected.png":
{
	"frame": {"x":666,"y":336,"w":551,"h":211},
	"rotated": false,
	"trimmed": true,
	"spriteSourceSize": {"x":364,"y":214,"w":551,"h":211},
	"sourceSize": {"w":1280,"h":720},
	"pivot": {"x":0.5,"y":0.5}
},
"totalWon.png":
{
	"frame": {"x":744,"y":56,"w":273,"h":55},
	"rotated": false,
	"trimmed": true,
	"spriteSourceSize": {"x":300,"y":424,"w":273,"h":55},
	"sourceSize": {"w":1280,"h":720},
	"pivot": {"x":0.5,"y":0.5}
}},
"meta": {
	"app": "http://www.codeandweb.com/texturepacker",
	"version": "1.0",
	"image": "freespinResources_fr.png",
	"format": "RGBA8888",
	"size": {"w":2048,"h":2048},
	"scale": "1",
	"smartupdate": "$TexturePacker:SmartUpdate:8a6e57a22debf31156ea58cb78273436:7552b5324d5288490de4179473531ad1:1164851f19ff62c957ed6e367ba4d1cf$"
}
}
