{"frames": {

"collectedScrolls.png":
{
	"frame": {"x":502,"y":1,"w":183,"h":46},
	"rotated": false,
	"trimmed": true,
	"spriteSourceSize": {"x":296,"y":382,"w":183,"h":46},
	"sourceSize": {"w":1280,"h":720},
	"pivot": {"x":0.5,"y":0.5}
},
"featureStart.png":
{
	"frame": {"x":701,"y":56,"w":1099,"h":55},
	"rotated": false,
	"trimmed": true,
	"spriteSourceSize": {"x":93,"y":665,"w":1099,"h":55},
	"sourceSize": {"w":1280,"h":720},
	"pivot": {"x":0.5,"y":0.5}
},
"featureWin.png":
{
	"frame": {"x":1,"y":1,"w":499,"h":39},
	"rotated": false,
	"trimmed": true,
	"spriteSourceSize": {"x":390,"y":224,"w":499,"h":39},
	"sourceSize": {"w":1280,"h":720},
	"pivot": {"x":0.5,"y":0.5}
},
"introBonusText.png":
{
	"frame": {"x":1,"y":451,"w":976,"h":298},
	"rotated": false,
	"trimmed": true,
	"spriteSourceSize": {"x":150,"y":244,"w":976,"h":298},
	"sourceSize": {"w":1280,"h":720},
	"pivot": {"x":0.5,"y":0.5}
},
"introMysteryText.png":
{
	"frame": {"x":979,"y":451,"w":976,"h":377},
	"rotated": false,
	"trimmed": true,
	"spriteSourceSize": {"x":150,"y":218,"w":976,"h":377},
	"sourceSize": {"w":1280,"h":720},
	"pivot": {"x":0.5,"y":0.5}
},
"jackpotTextLevel_0.png":
{
	"frame": {"x":1488,"y":1,"w":346,"h":53},
	"rotated": false,
	"trimmed": true,
	"spriteSourceSize": {"x":298,"y":272,"w":346,"h":53},
	"sourceSize": {"w":1280,"h":720},
	"pivot": {"x":0.5,"y":0.5}
},
"jackpotTextLevel_1.png":
{
	"frame": {"x":1167,"y":1,"w":319,"h":53},
	"rotated": false,
	"trimmed": true,
	"spriteSourceSize": {"x":298,"y":272,"w":319,"h":53},
	"sourceSize": {"w":1280,"h":720},
	"pivot": {"x":0.5,"y":0.5}
},
"jackpotTextLevel_2.png":
{
	"frame": {"x":396,"y":56,"w":303,"h":53},
	"rotated": false,
	"trimmed": true,
	"spriteSourceSize": {"x":298,"y":272,"w":303,"h":53},
	"sourceSize": {"w":1280,"h":720},
	"pivot": {"x":0.5,"y":0.5}
},
"jackpotTextLevel_3.png":
{
	"frame": {"x":1,"y":56,"w":393,"h":53},
	"rotated": false,
	"trimmed": true,
	"spriteSourceSize": {"x":299,"y":272,"w":393,"h":53},
	"sourceSize": {"w":1280,"h":720},
	"pivot": {"x":0.5,"y":0.5}
},
"jackpotWin.png":
{
	"frame": {"x":687,"y":1,"w":478,"h":47},
	"rotated": false,
	"trimmed": true,
	"spriteSourceSize": {"x":298,"y":329,"w":478,"h":47},
	"sourceSize": {"w":1280,"h":720},
	"pivot": {"x":0.5,"y":0.5}
},
"mysteryText.png":
{
	"frame": {"x":1,"y":241,"w":742,"h":85},
	"rotated": false,
	"trimmed": true,
	"spriteSourceSize": {"x":257,"y":256,"w":742,"h":85},
	"sourceSize": {"w":1280,"h":720},
	"pivot": {"x":0.5,"y":0.5}
},
"pressStart.png":
{
	"frame": {"x":1,"y":113,"w":757,"h":59},
	"rotated": false,
	"trimmed": true,
	"spriteSourceSize": {"x":265,"y":614,"w":757,"h":59},
	"sourceSize": {"w":1280,"h":720},
	"pivot": {"x":0.5,"y":0.5}
},
"reached.png":
{
	"frame": {"x":745,"y":241,"w":621,"h":159},
	"rotated": false,
	"trimmed": true,
	"spriteSourceSize": {"x":331,"y":252,"w":621,"h":159},
	"sourceSize": {"w":1280,"h":720},
	"pivot": {"x":0.5,"y":0.5}
},
"reachedLevel_0.png":
{
	"frame": {"x":1036,"y":113,"w":545,"h":62},
	"rotated": false,
	"trimmed": true,
	"spriteSourceSize": {"x":364,"y":482,"w":545,"h":62},
	"sourceSize": {"w":1280,"h":720},
	"pivot": {"x":0.5,"y":0.5}
},
"reachedLevel_1.png":
{
	"frame": {"x":1103,"y":177,"w":512,"h":62},
	"rotated": false,
	"trimmed": true,
	"spriteSourceSize": {"x":380,"y":482,"w":512,"h":62},
	"sourceSize": {"w":1280,"h":720},
	"pivot": {"x":0.5,"y":0.5}
},
"reachedLevel_2.png":
{
	"frame": {"x":1,"y":177,"w":496,"h":62},
	"rotated": false,
	"trimmed": true,
	"spriteSourceSize": {"x":388,"y":482,"w":496,"h":62},
	"sourceSize": {"w":1280,"h":720},
	"pivot": {"x":0.5,"y":0.5}
},
"reachedLevel_3.png":
{
	"frame": {"x":499,"y":177,"w":602,"h":62},
	"rotated": false,
	"trimmed": true,
	"spriteSourceSize": {"x":335,"y":482,"w":602,"h":62},
	"sourceSize": {"w":1280,"h":720},
	"pivot": {"x":0.5,"y":0.5}
},
"scrollsCollected.png":
{
	"frame": {"x":1368,"y":241,"w":583,"h":208},
	"rotated": false,
	"trimmed": true,
	"spriteSourceSize": {"x":348,"y":226,"w":583,"h":208},
	"sourceSize": {"w":1280,"h":720},
	"pivot": {"x":0.5,"y":0.5}
},
"totalWon.png":
{
	"frame": {"x":760,"y":113,"w":274,"h":60},
	"rotated": false,
	"trimmed": true,
	"spriteSourceSize": {"x":297,"y":425,"w":274,"h":60},
	"sourceSize": {"w":1280,"h":720},
	"pivot": {"x":0.5,"y":0.5}
}},
"meta": {
	"app": "http://www.codeandweb.com/texturepacker",
	"version": "1.0",
	"image": "freespinResources_bg.png",
	"format": "RGBA8888",
	"size": {"w":2048,"h":2048},
	"scale": "1",
	"smartupdate": "$TexturePacker:SmartUpdate:3e90dfd72d40aa19dd8fac3e31fe34d6:9b1da958d9d6f1405a86b695089344d8:6d48b25ee7bfdd4d29437e55ab0e96f3$"
}
}
