{"frames": {

"collectedScrolls.png":
{
	"frame": {"x":1,"y":1,"w":185,"h":41},
	"rotated": false,
	"trimmed": true,
	"spriteSourceSize": {"x":296,"y":382,"w":185,"h":41},
	"sourceSize": {"w":1280,"h":720},
	"pivot": {"x":0.5,"y":0.5}
},
"featureStart.png":
{
	"frame": {"x":188,"y":1,"w":982,"h":46},
	"rotated": false,
	"trimmed": true,
	"spriteSourceSize": {"x":152,"y":666,"w":982,"h":46},
	"sourceSize": {"w":1280,"h":720},
	"pivot": {"x":0.5,"y":0.5}
},
"featureWin.png":
{
	"frame": {"x":1172,"y":1,"w":477,"h":39},
	"rotated": false,
	"trimmed": true,
	"spriteSourceSize": {"x":400,"y":224,"w":477,"h":39},
	"sourceSize": {"w":1280,"h":720},
	"pivot": {"x":0.5,"y":0.5}
},
"introBonusText.png":
{
	"frame": {"x":1,"y":49,"w":880,"h":289},
	"rotated": false,
	"trimmed": true,
	"spriteSourceSize": {"x":200,"y":241,"w":880,"h":289},
	"sourceSize": {"w":1280,"h":720},
	"pivot": {"x":0.5,"y":0.5}
},
"introMysteryText.png":
{
	"frame": {"x":883,"y":49,"w":981,"h":291},
	"rotated": false,
	"trimmed": true,
	"spriteSourceSize": {"x":149,"y":244,"w":981,"h":291},
	"sourceSize": {"w":1280,"h":720},
	"pivot": {"x":0.5,"y":0.5}
},
"jackpotTextLevel_0.png":
{
	"frame": {"x":1,"y":342,"w":346,"h":53},
	"rotated": false,
	"trimmed": true,
	"spriteSourceSize": {"x":298,"y":272,"w":346,"h":53},
	"sourceSize": {"w":1280,"h":720},
	"pivot": {"x":0.5,"y":0.5}
},
"jackpotTextLevel_1.png":
{
	"frame": {"x":349,"y":342,"w":319,"h":53},
	"rotated": false,
	"trimmed": true,
	"spriteSourceSize": {"x":298,"y":272,"w":319,"h":53},
	"sourceSize": {"w":1280,"h":720},
	"pivot": {"x":0.5,"y":0.5}
},
"jackpotTextLevel_2.png":
{
	"frame": {"x":670,"y":342,"w":303,"h":53},
	"rotated": false,
	"trimmed": true,
	"spriteSourceSize": {"x":298,"y":272,"w":303,"h":53},
	"sourceSize": {"w":1280,"h":720},
	"pivot": {"x":0.5,"y":0.5}
},
"jackpotTextLevel_3.png":
{
	"frame": {"x":975,"y":342,"w":393,"h":53},
	"rotated": false,
	"trimmed": true,
	"spriteSourceSize": {"x":299,"y":272,"w":393,"h":53},
	"sourceSize": {"w":1280,"h":720},
	"pivot": {"x":0.5,"y":0.5}
},
"jackpotWin.png":
{
	"frame": {"x":1370,"y":342,"w":381,"h":41},
	"rotated": false,
	"trimmed": true,
	"spriteSourceSize": {"x":296,"y":329,"w":381,"h":41},
	"sourceSize": {"w":1280,"h":720},
	"pivot": {"x":0.5,"y":0.5}
},
"mysteryText.png":
{
	"frame": {"x":1,"y":397,"w":660,"h":85},
	"rotated": false,
	"trimmed": true,
	"spriteSourceSize": {"x":313,"y":257,"w":660,"h":85},
	"sourceSize": {"w":1280,"h":720},
	"pivot": {"x":0.5,"y":0.5}
},
"pressStart.png":
{
	"frame": {"x":663,"y":397,"w":723,"h":69},
	"rotated": false,
	"trimmed": true,
	"spriteSourceSize": {"x":282,"y":603,"w":723,"h":69},
	"sourceSize": {"w":1280,"h":720},
	"pivot": {"x":0.5,"y":0.5}
},
"reached.png":
{
	"frame": {"x":1388,"y":397,"w":586,"h":150},
	"rotated": false,
	"trimmed": true,
	"spriteSourceSize": {"x":348,"y":251,"w":586,"h":150},
	"sourceSize": {"w":1280,"h":720},
	"pivot": {"x":0.5,"y":0.5}
},
"reachedLevel_0.png":
{
	"frame": {"x":1,"y":549,"w":399,"h":111},
	"rotated": false,
	"trimmed": true,
	"spriteSourceSize": {"x":437,"y":453,"w":399,"h":111},
	"sourceSize": {"w":1280,"h":720},
	"pivot": {"x":0.5,"y":0.5}
},
"reachedLevel_1.png":
{
	"frame": {"x":402,"y":549,"w":367,"h":111},
	"rotated": false,
	"trimmed": true,
	"spriteSourceSize": {"x":453,"y":453,"w":367,"h":111},
	"sourceSize": {"w":1280,"h":720},
	"pivot": {"x":0.5,"y":0.5}
},
"reachedLevel_2.png":
{
	"frame": {"x":771,"y":549,"w":351,"h":111},
	"rotated": false,
	"trimmed": true,
	"spriteSourceSize": {"x":461,"y":453,"w":351,"h":111},
	"sourceSize": {"w":1280,"h":720},
	"pivot": {"x":0.5,"y":0.5}
},
"reachedLevel_3.png":
{
	"frame": {"x":1124,"y":549,"w":457,"h":111},
	"rotated": false,
	"trimmed": true,
	"spriteSourceSize": {"x":408,"y":453,"w":457,"h":111},
	"sourceSize": {"w":1280,"h":720},
	"pivot": {"x":0.5,"y":0.5}
},
"scrollsCollected.png":
{
	"frame": {"x":1,"y":662,"w":520,"h":201},
	"rotated": false,
	"trimmed": true,
	"spriteSourceSize": {"x":392,"y":224,"w":520,"h":201},
	"sourceSize": {"w":1280,"h":720},
	"pivot": {"x":0.5,"y":0.5}
},
"totalWon.png":
{
	"frame": {"x":523,"y":662,"w":327,"h":55},
	"rotated": false,
	"trimmed": true,
	"spriteSourceSize": {"x":297,"y":424,"w":327,"h":55},
	"sourceSize": {"w":1280,"h":720},
	"pivot": {"x":0.5,"y":0.5}
}},
"meta": {
	"app": "http://www.codeandweb.com/texturepacker",
	"version": "1.0",
	"image": "freespinResources_nl.png",
	"format": "RGBA8888",
	"size": {"w":2048,"h":2048},
	"scale": "1",
	"smartupdate": "$TexturePacker:SmartUpdate:f9e1bb9103d91f868c9d3bb7ec88aa39:89bfb4957c959e7abb6350c5ab1839a5:0275b56af67b3581b60f69581eea5030$"
}
}
