{"frames": {

"introBackground.png":
{
	"frame": {"x":1,"y":1,"w":1280,"h":720},
	"rotated": false,
	"trimmed": false,
	"spriteSourceSize": {"x":0,"y":0,"w":1280,"h":720},
	"sourceSize": {"w":1280,"h":720},
	"pivot": {"x":0.5,"y":0.5}
}},
"meta": {
	"app": "http://www.codeandweb.com/texturepacker",
	"version": "1.0",
	"image": "freespinResourcesJPG.jpg",
	"format": "RGB888",
	"size": {"w":2048,"h":2048},
	"scale": "1",
	"smartupdate": "$TexturePacker:SmartUpdate:f3c4d3a671ddfeb2ee8d2ff3056bd21a:3f2a40026f954b3cc6e7fb7d6123742d:f2d1abdfe09f1ee78b448ddeab32fe2c$"
}
}
