{"frames": {

"collectedScrolls.png":
{
	"frame": {"x":599,"y":1,"w":174,"h":46},
	"rotated": false,
	"trimmed": true,
	"spriteSourceSize": {"x":296,"y":382,"w":174,"h":46},
	"sourceSize": {"w":1280,"h":720},
	"pivot": {"x":0.5,"y":0.5}
},
"featureStart.png":
{
	"frame": {"x":701,"y":56,"w":965,"h":56},
	"rotated": false,
	"trimmed": true,
	"spriteSourceSize": {"x":161,"y":664,"w":965,"h":56},
	"sourceSize": {"w":1280,"h":720},
	"pivot": {"x":0.5,"y":0.5}
},
"featureWin.png":
{
	"frame": {"x":1,"y":1,"w":596,"h":44},
	"rotated": false,
	"trimmed": true,
	"spriteSourceSize": {"x":342,"y":224,"w":596,"h":44},
	"sourceSize": {"w":1280,"h":720},
	"pivot": {"x":0.5,"y":0.5}
},
"introBonusText.png":
{
	"frame": {"x":1,"y":465,"w":911,"h":300},
	"rotated": false,
	"trimmed": true,
	"spriteSourceSize": {"x":184,"y":244,"w":911,"h":300},
	"sourceSize": {"w":1280,"h":720},
	"pivot": {"x":0.5,"y":0.5}
},
"introMysteryText.png":
{
	"frame": {"x":914,"y":465,"w":989,"h":301},
	"rotated": false,
	"trimmed": true,
	"spriteSourceSize": {"x":143,"y":243,"w":989,"h":301},
	"sourceSize": {"w":1280,"h":720},
	"pivot": {"x":0.5,"y":0.5}
},
"jackpotTextLevel_0.png":
{
	"frame": {"x":1646,"y":1,"w":346,"h":53},
	"rotated": false,
	"trimmed": true,
	"spriteSourceSize": {"x":298,"y":272,"w":346,"h":53},
	"sourceSize": {"w":1280,"h":720},
	"pivot": {"x":0.5,"y":0.5}
},
"jackpotTextLevel_1.png":
{
	"frame": {"x":1325,"y":1,"w":319,"h":53},
	"rotated": false,
	"trimmed": true,
	"spriteSourceSize": {"x":298,"y":272,"w":319,"h":53},
	"sourceSize": {"w":1280,"h":720},
	"pivot": {"x":0.5,"y":0.5}
},
"jackpotTextLevel_2.png":
{
	"frame": {"x":396,"y":56,"w":303,"h":53},
	"rotated": false,
	"trimmed": true,
	"spriteSourceSize": {"x":298,"y":272,"w":303,"h":53},
	"sourceSize": {"w":1280,"h":720},
	"pivot": {"x":0.5,"y":0.5}
},
"jackpotTextLevel_3.png":
{
	"frame": {"x":1,"y":56,"w":393,"h":53},
	"rotated": false,
	"trimmed": true,
	"spriteSourceSize": {"x":299,"y":272,"w":393,"h":53},
	"sourceSize": {"w":1280,"h":720},
	"pivot": {"x":0.5,"y":0.5}
},
"jackpotWin.png":
{
	"frame": {"x":775,"y":1,"w":548,"h":47},
	"rotated": false,
	"trimmed": true,
	"spriteSourceSize": {"x":296,"y":329,"w":548,"h":47},
	"sourceSize": {"w":1280,"h":720},
	"pivot": {"x":0.5,"y":0.5}
},
"mysteryText.png":
{
	"frame": {"x":1,"y":255,"w":736,"h":93},
	"rotated": false,
	"trimmed": true,
	"spriteSourceSize": {"x":272,"y":258,"w":736,"h":93},
	"sourceSize": {"w":1280,"h":720},
	"pivot": {"x":0.5,"y":0.5}
},
"pressStart.png":
{
	"frame": {"x":602,"y":182,"w":1201,"h":71},
	"rotated": false,
	"trimmed": true,
	"spriteSourceSize": {"x":42,"y":602,"w":1201,"h":71},
	"sourceSize": {"w":1280,"h":720},
	"pivot": {"x":0.5,"y":0.5}
},
"reached.png":
{
	"frame": {"x":739,"y":255,"w":593,"h":159},
	"rotated": false,
	"trimmed": true,
	"spriteSourceSize": {"x":343,"y":252,"w":593,"h":159},
	"sourceSize": {"w":1280,"h":720},
	"pivot": {"x":0.5,"y":0.5}
},
"reachedLevel_0.png":
{
	"frame": {"x":1009,"y":118,"w":543,"h":62},
	"rotated": false,
	"trimmed": true,
	"spriteSourceSize": {"x":365,"y":482,"w":543,"h":62},
	"sourceSize": {"w":1280,"h":720},
	"pivot": {"x":0.5,"y":0.5}
},
"reachedLevel_1.png":
{
	"frame": {"x":1,"y":118,"w":510,"h":62},
	"rotated": false,
	"trimmed": true,
	"spriteSourceSize": {"x":381,"y":482,"w":510,"h":62},
	"sourceSize": {"w":1280,"h":720},
	"pivot": {"x":0.5,"y":0.5}
},
"reachedLevel_2.png":
{
	"frame": {"x":513,"y":118,"w":494,"h":62},
	"rotated": false,
	"trimmed": true,
	"spriteSourceSize": {"x":389,"y":482,"w":494,"h":62},
	"sourceSize": {"w":1280,"h":720},
	"pivot": {"x":0.5,"y":0.5}
},
"reachedLevel_3.png":
{
	"frame": {"x":1,"y":182,"w":599,"h":62},
	"rotated": false,
	"trimmed": true,
	"spriteSourceSize": {"x":337,"y":482,"w":599,"h":62},
	"sourceSize": {"w":1280,"h":720},
	"pivot": {"x":0.5,"y":0.5}
},
"scrollsCollected.png":
{
	"frame": {"x":1334,"y":255,"w":553,"h":208},
	"rotated": false,
	"trimmed": true,
	"spriteSourceSize": {"x":363,"y":226,"w":553,"h":208},
	"sourceSize": {"w":1280,"h":720},
	"pivot": {"x":0.5,"y":0.5}
},
"totalWon.png":
{
	"frame": {"x":1668,"y":56,"w":322,"h":60},
	"rotated": false,
	"trimmed": true,
	"spriteSourceSize": {"x":299,"y":425,"w":322,"h":60},
	"sourceSize": {"w":1280,"h":720},
	"pivot": {"x":0.5,"y":0.5}
}},
"meta": {
	"app": "http://www.codeandweb.com/texturepacker",
	"version": "1.0",
	"image": "freespinResources_mk.png",
	"format": "RGBA8888",
	"size": {"w":2048,"h":2048},
	"scale": "1",
	"smartupdate": "$TexturePacker:SmartUpdate:8f4e22c7c77b72bd568512a4f39d68e9:db1c36fa0610375e9399e16852b2dec9:f4e45317d0123ce1bf152afeadf2e5c0$"
}
}
