{"frames": {

"09_000.png":
{
	"frame": {"x":1,"y":1,"w":132,"h":132},
	"rotated": false,
	"trimmed": false,
	"spriteSourceSize": {"x":0,"y":0,"w":132,"h":132},
	"sourceSize": {"w":132,"h":132}
},
"09_001.png":
{
	"frame": {"x":1,"y":135,"w":132,"h":132},
	"rotated": false,
	"trimmed": false,
	"spriteSourceSize": {"x":0,"y":0,"w":132,"h":132},
	"sourceSize": {"w":132,"h":132}
},
"09_002.png":
{
	"frame": {"x":1,"y":269,"w":132,"h":132},
	"rotated": false,
	"trimmed": false,
	"spriteSourceSize": {"x":0,"y":0,"w":132,"h":132},
	"sourceSize": {"w":132,"h":132}
},
"09_003.png":
{
	"frame": {"x":1,"y":403,"w":132,"h":132},
	"rotated": false,
	"trimmed": false,
	"spriteSourceSize": {"x":0,"y":0,"w":132,"h":132},
	"sourceSize": {"w":132,"h":132}
},
"09_004.png":
{
	"frame": {"x":1,"y":537,"w":132,"h":132},
	"rotated": false,
	"trimmed": false,
	"spriteSourceSize": {"x":0,"y":0,"w":132,"h":132},
	"sourceSize": {"w":132,"h":132}
},
"09_005.png":
{
	"frame": {"x":1,"y":671,"w":132,"h":132},
	"rotated": false,
	"trimmed": false,
	"spriteSourceSize": {"x":0,"y":0,"w":132,"h":132},
	"sourceSize": {"w":132,"h":132}
},
"09_006.png":
{
	"frame": {"x":1,"y":805,"w":132,"h":132},
	"rotated": false,
	"trimmed": false,
	"spriteSourceSize": {"x":0,"y":0,"w":132,"h":132},
	"sourceSize": {"w":132,"h":132}
},
"09_007.png":
{
	"frame": {"x":135,"y":1,"w":132,"h":132},
	"rotated": false,
	"trimmed": false,
	"spriteSourceSize": {"x":0,"y":0,"w":132,"h":132},
	"sourceSize": {"w":132,"h":132}
},
"09_008.png":
{
	"frame": {"x":269,"y":1,"w":132,"h":132},
	"rotated": false,
	"trimmed": false,
	"spriteSourceSize": {"x":0,"y":0,"w":132,"h":132},
	"sourceSize": {"w":132,"h":132}
},
"09_009.png":
{
	"frame": {"x":403,"y":1,"w":132,"h":132},
	"rotated": false,
	"trimmed": false,
	"spriteSourceSize": {"x":0,"y":0,"w":132,"h":132},
	"sourceSize": {"w":132,"h":132}
},
"09_010.png":
{
	"frame": {"x":537,"y":1,"w":132,"h":132},
	"rotated": false,
	"trimmed": false,
	"spriteSourceSize": {"x":0,"y":0,"w":132,"h":132},
	"sourceSize": {"w":132,"h":132}
},
"09_011.png":
{
	"frame": {"x":671,"y":1,"w":132,"h":132},
	"rotated": false,
	"trimmed": false,
	"spriteSourceSize": {"x":0,"y":0,"w":132,"h":132},
	"sourceSize": {"w":132,"h":132}
},
"09_012.png":
{
	"frame": {"x":805,"y":1,"w":132,"h":132},
	"rotated": false,
	"trimmed": false,
	"spriteSourceSize": {"x":0,"y":0,"w":132,"h":132},
	"sourceSize": {"w":132,"h":132}
},
"09_013.png":
{
	"frame": {"x":135,"y":135,"w":132,"h":132},
	"rotated": false,
	"trimmed": false,
	"spriteSourceSize": {"x":0,"y":0,"w":132,"h":132},
	"sourceSize": {"w":132,"h":132}
},
"09_014.png":
{
	"frame": {"x":135,"y":269,"w":132,"h":132},
	"rotated": false,
	"trimmed": false,
	"spriteSourceSize": {"x":0,"y":0,"w":132,"h":132},
	"sourceSize": {"w":132,"h":132}
},
"09_015.png":
{
	"frame": {"x":135,"y":403,"w":132,"h":132},
	"rotated": false,
	"trimmed": false,
	"spriteSourceSize": {"x":0,"y":0,"w":132,"h":132},
	"sourceSize": {"w":132,"h":132}
},
"09_016.png":
{
	"frame": {"x":135,"y":537,"w":132,"h":132},
	"rotated": false,
	"trimmed": false,
	"spriteSourceSize": {"x":0,"y":0,"w":132,"h":132},
	"sourceSize": {"w":132,"h":132}
},
"09_017.png":
{
	"frame": {"x":135,"y":671,"w":132,"h":132},
	"rotated": false,
	"trimmed": false,
	"spriteSourceSize": {"x":0,"y":0,"w":132,"h":132},
	"sourceSize": {"w":132,"h":132}
},
"09_018.png":
{
	"frame": {"x":135,"y":805,"w":132,"h":132},
	"rotated": false,
	"trimmed": false,
	"spriteSourceSize": {"x":0,"y":0,"w":132,"h":132},
	"sourceSize": {"w":132,"h":132}
},
"09_019.png":
{
	"frame": {"x":269,"y":135,"w":132,"h":132},
	"rotated": false,
	"trimmed": false,
	"spriteSourceSize": {"x":0,"y":0,"w":132,"h":132},
	"sourceSize": {"w":132,"h":132}
},
"09_020.png":
{
	"frame": {"x":403,"y":135,"w":132,"h":132},
	"rotated": false,
	"trimmed": false,
	"spriteSourceSize": {"x":0,"y":0,"w":132,"h":132},
	"sourceSize": {"w":132,"h":132}
},
"09_021.png":
{
	"frame": {"x":537,"y":135,"w":132,"h":132},
	"rotated": false,
	"trimmed": false,
	"spriteSourceSize": {"x":0,"y":0,"w":132,"h":132},
	"sourceSize": {"w":132,"h":132}
},
"09_022.png":
{
	"frame": {"x":671,"y":135,"w":132,"h":132},
	"rotated": false,
	"trimmed": false,
	"spriteSourceSize": {"x":0,"y":0,"w":132,"h":132},
	"sourceSize": {"w":132,"h":132}
},
"09_023.png":
{
	"frame": {"x":805,"y":135,"w":132,"h":132},
	"rotated": false,
	"trimmed": false,
	"spriteSourceSize": {"x":0,"y":0,"w":132,"h":132},
	"sourceSize": {"w":132,"h":132}
},
"09_024.png":
{
	"frame": {"x":269,"y":269,"w":132,"h":132},
	"rotated": false,
	"trimmed": false,
	"spriteSourceSize": {"x":0,"y":0,"w":132,"h":132},
	"sourceSize": {"w":132,"h":132}
},
"09_025.png":
{
	"frame": {"x":269,"y":403,"w":132,"h":132},
	"rotated": false,
	"trimmed": false,
	"spriteSourceSize": {"x":0,"y":0,"w":132,"h":132},
	"sourceSize": {"w":132,"h":132}
},
"09_026.png":
{
	"frame": {"x":269,"y":537,"w":132,"h":132},
	"rotated": false,
	"trimmed": false,
	"spriteSourceSize": {"x":0,"y":0,"w":132,"h":132},
	"sourceSize": {"w":132,"h":132}
},
"09_027.png":
{
	"frame": {"x":269,"y":671,"w":132,"h":132},
	"rotated": false,
	"trimmed": false,
	"spriteSourceSize": {"x":0,"y":0,"w":132,"h":132},
	"sourceSize": {"w":132,"h":132}
},
"09_028.png":
{
	"frame": {"x":269,"y":805,"w":132,"h":132},
	"rotated": false,
	"trimmed": false,
	"spriteSourceSize": {"x":0,"y":0,"w":132,"h":132},
	"sourceSize": {"w":132,"h":132}
},
"09_029.png":
{
	"frame": {"x":403,"y":269,"w":132,"h":132},
	"rotated": false,
	"trimmed": false,
	"spriteSourceSize": {"x":0,"y":0,"w":132,"h":132},
	"sourceSize": {"w":132,"h":132}
},
"09_030.png":
{
	"frame": {"x":537,"y":269,"w":132,"h":132},
	"rotated": false,
	"trimmed": false,
	"spriteSourceSize": {"x":0,"y":0,"w":132,"h":132},
	"sourceSize": {"w":132,"h":132}
},
"09_031.png":
{
	"frame": {"x":671,"y":269,"w":132,"h":132},
	"rotated": false,
	"trimmed": false,
	"spriteSourceSize": {"x":0,"y":0,"w":132,"h":132},
	"sourceSize": {"w":132,"h":132}
},
"09_032.png":
{
	"frame": {"x":805,"y":269,"w":132,"h":132},
	"rotated": false,
	"trimmed": false,
	"spriteSourceSize": {"x":0,"y":0,"w":132,"h":132},
	"sourceSize": {"w":132,"h":132}
},
"09_033.png":
{
	"frame": {"x":403,"y":403,"w":132,"h":132},
	"rotated": false,
	"trimmed": false,
	"spriteSourceSize": {"x":0,"y":0,"w":132,"h":132},
	"sourceSize": {"w":132,"h":132}
},
"09_034.png":
{
	"frame": {"x":403,"y":537,"w":132,"h":132},
	"rotated": false,
	"trimmed": false,
	"spriteSourceSize": {"x":0,"y":0,"w":132,"h":132},
	"sourceSize": {"w":132,"h":132}
}},
"meta": {
	"app": "https://www.codeandweb.com/texturepacker",
	"version": "1.0",
	"image": "09-0.jpg",
	"format": "RGBA8888",
	"size": {"w":1024,"h":1024},
	"scale": "1",
	"smartupdate": "$TexturePacker:SmartUpdate:ea4fdfb18a5b62d89e9ed8ee092b3de0:254052ae30aba23dbc212c3fdd349779:acc3da66f8f73ca1d86e2d5ab70a068f$"
}
}
