{"frames": {

"congrats_intro.png":
{
	"frame": {"x":1,"y":1,"w":645,"h":97},
	"rotated": false,
	"trimmed": true,
	"spriteSourceSize": {"x":161,"y":53,"w":645,"h":97},
	"sourceSize": {"w":960,"h":540}
},
"congrats_retrigger.png":
{
	"frame": {"x":1,"y":100,"w":670,"h":99},
	"rotated": false,
	"trimmed": true,
	"spriteSourceSize": {"x":146,"y":54,"w":670,"h":99},
	"sourceSize": {"w":960,"h":540}
},
"outro.png":
{
	"frame": {"x":1,"y":201,"w":583,"h":90},
	"rotated": false,
	"trimmed": true,
	"spriteSourceSize": {"x":189,"y":96,"w":583,"h":90},
	"sourceSize": {"w":960,"h":540}
},
"text_intro.png":
{
	"frame": {"x":1,"y":293,"w":819,"h":319},
	"rotated": false,
	"trimmed": true,
	"spriteSourceSize": {"x":70,"y":166,"w":819,"h":319},
	"sourceSize": {"w":960,"h":540}
},
"text_retrigger.png":
{
	"frame": {"x":1,"y":614,"w":697,"h":313},
	"rotated": false,
	"trimmed": true,
	"spriteSourceSize": {"x":132,"y":165,"w":697,"h":313},
	"sourceSize": {"w":960,"h":540}
}},
"meta": {
	"app": "https://www.codeandweb.com/texturepacker",
	"version": "1.0",
	"image": "freespinResources_fr.png",
	"format": "RGBA8888",
	"size": {"w":1024,"h":1024},
	"scale": "1",
	"smartupdate": "$TexturePacker:SmartUpdate:d9ae7f213091172501d56ff70bc8b49b:89da62a0abbab6fdcf31819284225727:1164851f19ff62c957ed6e367ba4d1cf$"
}
}
