{"frames": {

"congrats_intro.png":
{
	"frame": {"x":1,"y":1,"w":647,"h":81},
	"rotated": false,
	"trimmed": true,
	"spriteSourceSize": {"x":159,"y":61,"w":647,"h":81},
	"sourceSize": {"w":960,"h":540}
},
"congrats_retrigger.png":
{
	"frame": {"x":1,"y":84,"w":668,"h":83},
	"rotated": false,
	"trimmed": true,
	"spriteSourceSize": {"x":140,"y":52,"w":668,"h":83},
	"sourceSize": {"w":960,"h":540}
},
"outro.png":
{
	"frame": {"x":1,"y":169,"w":613,"h":81},
	"rotated": false,
	"trimmed": true,
	"spriteSourceSize": {"x":173,"y":96,"w":613,"h":81},
	"sourceSize": {"w":960,"h":540}
},
"text_intro.png":
{
	"frame": {"x":1,"y":252,"w":785,"h":337},
	"rotated": false,
	"trimmed": true,
	"spriteSourceSize": {"x":88,"y":153,"w":785,"h":337},
	"sourceSize": {"w":960,"h":540}
},
"text_retrigger.png":
{
	"frame": {"x":1,"y":591,"w":751,"h":306},
	"rotated": false,
	"trimmed": true,
	"spriteSourceSize": {"x":100,"y":159,"w":751,"h":306},
	"sourceSize": {"w":960,"h":540}
}},
"meta": {
	"app": "https://www.codeandweb.com/texturepacker",
	"version": "1.0",
	"image": "freespinResources_nl.png",
	"format": "RGBA8888",
	"size": {"w":1024,"h":1024},
	"scale": "1",
	"smartupdate": "$TexturePacker:SmartUpdate:124e4073e5d1253bab2ff60f52ed8e93:ef49f9d2890de7646f3850dd43db1e1d:0275b56af67b3581b60f69581eea5030$"
}
}
