{"frames": {

"congrats_intro.png":
{
	"frame": {"x":1,"y":674,"w":852,"h":98},
	"rotated": false,
	"trimmed": true,
	"spriteSourceSize": {"x":56,"y":61,"w":852,"h":98},
	"sourceSize": {"w":960,"h":540}
},
"congrats_retrigger.png":
{
	"frame": {"x":813,"y":337,"w":844,"h":96},
	"rotated": false,
	"trimmed": true,
	"spriteSourceSize": {"x":59,"y":58,"w":844,"h":96},
	"sourceSize": {"w":960,"h":540}
},
"outro.png":
{
	"frame": {"x":1,"y":1,"w":485,"h":196},
	"rotated": false,
	"trimmed": true,
	"spriteSourceSize": {"x":238,"y":39,"w":485,"h":196},
	"sourceSize": {"w":960,"h":540}
},
"text_intro.png":
{
	"frame": {"x":488,"y":1,"w":785,"h":334},
	"rotated": false,
	"trimmed": true,
	"spriteSourceSize": {"x":82,"y":167,"w":785,"h":334},
	"sourceSize": {"w":960,"h":540}
},
"text_retrigger.png":
{
	"frame": {"x":1,"y":337,"w":810,"h":335},
	"rotated": false,
	"trimmed": true,
	"spriteSourceSize": {"x":64,"y":165,"w":810,"h":335},
	"sourceSize": {"w":960,"h":540}
}},
"meta": {
	"app": "https://www.codeandweb.com/texturepacker",
	"version": "1.0",
	"image": "freespinResources_bg.png",
	"format": "RGBA8888",
	"size": {"w":2048,"h":2048},
	"scale": "1",
	"smartupdate": "$TexturePacker:SmartUpdate:c61eba94a6cb2a11b80412d5ddc31498:da7a358eb09ef27969b7a131e5cbc34a:6d48b25ee7bfdd4d29437e55ab0e96f3$"
}
}
