{"frames": {

"door.png":
{
	"frame": {"x":1,"y":1,"w":480,"h":540},
	"rotated": false,
	"trimmed": false,
	"spriteSourceSize": {"x":0,"y":0,"w":480,"h":540},
	"sourceSize": {"w":480,"h":540}
},
"dust_00.png":
{
	"frame": {"x":483,"y":1,"w":101,"h":535},
	"rotated": false,
	"trimmed": true,
	"spriteSourceSize": {"x":3,"y":5,"w":101,"h":535},
	"sourceSize": {"w":121,"h":540}
},
"dust_01.png":
{
	"frame": {"x":586,"y":1,"w":113,"h":540},
	"rotated": false,
	"trimmed": true,
	"spriteSourceSize": {"x":0,"y":0,"w":113,"h":540},
	"sourceSize": {"w":121,"h":540}
},
"dust_02.png":
{
	"frame": {"x":701,"y":1,"w":117,"h":540},
	"rotated": false,
	"trimmed": true,
	"spriteSourceSize": {"x":0,"y":0,"w":117,"h":540},
	"sourceSize": {"w":121,"h":540}
},
"dust_03.png":
{
	"frame": {"x":820,"y":1,"w":121,"h":540},
	"rotated": false,
	"trimmed": false,
	"spriteSourceSize": {"x":0,"y":0,"w":121,"h":540},
	"sourceSize": {"w":121,"h":540}
},
"dust_04.png":
{
	"frame": {"x":943,"y":1,"w":121,"h":540},
	"rotated": false,
	"trimmed": false,
	"spriteSourceSize": {"x":0,"y":0,"w":121,"h":540},
	"sourceSize": {"w":121,"h":540}
},
"dust_05.png":
{
	"frame": {"x":1066,"y":1,"w":118,"h":540},
	"rotated": false,
	"trimmed": true,
	"spriteSourceSize": {"x":0,"y":0,"w":118,"h":540},
	"sourceSize": {"w":121,"h":540}
},
"dust_06.png":
{
	"frame": {"x":1186,"y":1,"w":121,"h":540},
	"rotated": false,
	"trimmed": false,
	"spriteSourceSize": {"x":0,"y":0,"w":121,"h":540},
	"sourceSize": {"w":121,"h":540}
},
"dust_07.png":
{
	"frame": {"x":1309,"y":1,"w":121,"h":540},
	"rotated": false,
	"trimmed": false,
	"spriteSourceSize": {"x":0,"y":0,"w":121,"h":540},
	"sourceSize": {"w":121,"h":540}
},
"dust_08.png":
{
	"frame": {"x":1432,"y":1,"w":121,"h":535},
	"rotated": false,
	"trimmed": true,
	"spriteSourceSize": {"x":0,"y":0,"w":121,"h":535},
	"sourceSize": {"w":121,"h":540}
},
"dust_09.png":
{
	"frame": {"x":1555,"y":1,"w":121,"h":533},
	"rotated": false,
	"trimmed": true,
	"spriteSourceSize": {"x":0,"y":0,"w":121,"h":533},
	"sourceSize": {"w":121,"h":540}
},
"light.png":
{
	"frame": {"x":1678,"y":1,"w":72,"h":540},
	"rotated": false,
	"trimmed": true,
	"spriteSourceSize": {"x":408,"y":0,"w":72,"h":540},
	"sourceSize": {"w":480,"h":540}
}},
"meta": {
	"app": "https://www.codeandweb.com/texturepacker",
	"version": "1.0",
	"image": "freespinResources.png",
	"format": "RGBA8888",
	"size": {"w":2048,"h":2048},
	"scale": "1",
	"smartupdate": "$TexturePacker:SmartUpdate:e41526d8d53228a721d05d070e8bd865:82c3bad9052f148a6523f6ca2c5cba42:f7cb5ff84d88a0c31be152d2f4dbd8a9$"
}
}
