{"frames": {

"congrats_intro.png":
{
	"frame": {"x":1,"y":1,"w":395,"h":83},
	"rotated": false,
	"trimmed": true,
	"spriteSourceSize": {"x":283,"y":60,"w":395,"h":83},
	"sourceSize": {"w":960,"h":540}
},
"congrats_retrigger.png":
{
	"frame": {"x":398,"y":1,"w":395,"h":83},
	"rotated": false,
	"trimmed": true,
	"spriteSourceSize": {"x":283,"y":52,"w":395,"h":83},
	"sourceSize": {"w":960,"h":540}
},
"outro.png":
{
	"frame": {"x":1,"y":86,"w":623,"h":92},
	"rotated": false,
	"trimmed": true,
	"spriteSourceSize": {"x":157,"y":95,"w":623,"h":92},
	"sourceSize": {"w":960,"h":540}
},
"text_intro.png":
{
	"frame": {"x":1,"y":180,"w":739,"h":255},
	"rotated": false,
	"trimmed": true,
	"spriteSourceSize": {"x":111,"y":195,"w":739,"h":255},
	"sourceSize": {"w":960,"h":540}
},
"text_retrigger.png":
{
	"frame": {"x":1,"y":437,"w":789,"h":302},
	"rotated": false,
	"trimmed": true,
	"spriteSourceSize": {"x":75,"y":193,"w":789,"h":302},
	"sourceSize": {"w":960,"h":540}
}},
"meta": {
	"app": "https://www.codeandweb.com/texturepacker",
	"version": "1.0",
	"image": "freespinResources_sv.png",
	"format": "RGBA8888",
	"size": {"w":1024,"h":1024},
	"scale": "1",
	"smartupdate": "$TexturePacker:SmartUpdate:16f21422d58f833e8ae9871ef5704772:848b98e9b9864fa1ab27861b7a10141c:046994af1df6c4fb1650341a8f8dcf2c$"
}
}
