{"frames": {

"congrats_intro.png":
{
	"frame": {"x":1,"y":1,"w":582,"h":81},
	"rotated": false,
	"trimmed": true,
	"spriteSourceSize": {"x":189,"y":55,"w":582,"h":81},
	"sourceSize": {"w":960,"h":540}
},
"congrats_retrigger.png":
{
	"frame": {"x":1,"y":84,"w":582,"h":83},
	"rotated": false,
	"trimmed": true,
	"spriteSourceSize": {"x":196,"y":52,"w":582,"h":83},
	"sourceSize": {"w":960,"h":540}
},
"outro.png":
{
	"frame": {"x":1,"y":169,"w":502,"h":214},
	"rotated": false,
	"trimmed": true,
	"spriteSourceSize": {"x":230,"y":28,"w":502,"h":214},
	"sourceSize": {"w":960,"h":540}
},
"text_intro.png":
{
	"frame": {"x":1,"y":385,"w":847,"h":313},
	"rotated": false,
	"trimmed": true,
	"spriteSourceSize": {"x":56,"y":179,"w":847,"h":313},
	"sourceSize": {"w":960,"h":540}
},
"text_retrigger.png":
{
	"frame": {"x":1,"y":700,"w":861,"h":298},
	"rotated": false,
	"trimmed": true,
	"spriteSourceSize": {"x":50,"y":179,"w":861,"h":298},
	"sourceSize": {"w":960,"h":540}
}},
"meta": {
	"app": "https://www.codeandweb.com/texturepacker",
	"version": "1.0",
	"image": "freespinResources_mk.png",
	"format": "RGBA8888",
	"size": {"w":1024,"h":1024},
	"scale": "1",
	"smartupdate": "$TexturePacker:SmartUpdate:6b2557f02c9f7256ea9d02f71d0a2dcb:b94bc94037ff7407ab4c290b1ab29712:f4e45317d0123ce1bf152afeadf2e5c0$"
}
}
