{"frames": {

"congrats_intro.png":
{
	"frame": {"x":1,"y":1,"w":411,"h":83},
	"rotated": false,
	"trimmed": true,
	"spriteSourceSize": {"x":274,"y":74,"w":411,"h":83},
	"sourceSize": {"w":960,"h":540}
},
"congrats_retrigger.png":
{
	"frame": {"x":414,"y":1,"w":411,"h":83},
	"rotated": false,
	"trimmed": true,
	"spriteSourceSize": {"x":275,"y":45,"w":411,"h":83},
	"sourceSize": {"w":960,"h":540}
},
"outro.png":
{
	"frame": {"x":1,"y":86,"w":793,"h":91},
	"rotated": false,
	"trimmed": true,
	"spriteSourceSize": {"x":83,"y":96,"w":793,"h":91},
	"sourceSize": {"w":960,"h":540}
},
"text_intro.png":
{
	"frame": {"x":1,"y":179,"w":861,"h":273},
	"rotated": false,
	"trimmed": true,
	"spriteSourceSize": {"x":50,"y":187,"w":861,"h":273},
	"sourceSize": {"w":960,"h":540}
},
"text_retrigger.png":
{
	"frame": {"x":1,"y":454,"w":858,"h":295},
	"rotated": false,
	"trimmed": true,
	"spriteSourceSize": {"x":50,"y":196,"w":858,"h":295},
	"sourceSize": {"w":960,"h":540}
}},
"meta": {
	"app": "https://www.codeandweb.com/texturepacker",
	"version": "1.0",
	"image": "freespinResources_da.png",
	"format": "RGBA8888",
	"size": {"w":1024,"h":1024},
	"scale": "1",
	"smartupdate": "$TexturePacker:SmartUpdate:cd11b97f03064b932d7ff52de93af754:861aea022f468093040197386754255b:5818edf56b4d7df8e60c29a72c2e1356$"
}
}
