{"frames": {

"congrats_intro.png":
{
	"frame": {"x":1,"y":1,"w":816,"h":101},
	"rotated": false,
	"trimmed": true,
	"spriteSourceSize": {"x":68,"y":53,"w":816,"h":101},
	"sourceSize": {"w":960,"h":540}
},
"congrats_retrigger.png":
{
	"frame": {"x":819,"y":1,"w":816,"h":102},
	"rotated": false,
	"trimmed": true,
	"spriteSourceSize": {"x":67,"y":59,"w":816,"h":102},
	"sourceSize": {"w":960,"h":540}
},
"outro.png":
{
	"frame": {"x":1,"y":105,"w":563,"h":216},
	"rotated": false,
	"trimmed": true,
	"spriteSourceSize": {"x":198,"y":26,"w":563,"h":216},
	"sourceSize": {"w":960,"h":540}
},
"text_intro.png":
{
	"frame": {"x":566,"y":105,"w":817,"h":316},
	"rotated": false,
	"trimmed": true,
	"spriteSourceSize": {"x":66,"y":181,"w":817,"h":316},
	"sourceSize": {"w":960,"h":540}
},
"text_retrigger.png":
{
	"frame": {"x":1,"y":423,"w":796,"h":295},
	"rotated": false,
	"trimmed": true,
	"spriteSourceSize": {"x":79,"y":196,"w":796,"h":295},
	"sourceSize": {"w":960,"h":540}
}},
"meta": {
	"app": "https://www.codeandweb.com/texturepacker",
	"version": "1.0",
	"image": "freespinResources_ru.png",
	"format": "RGBA8888",
	"size": {"w":2048,"h":2048},
	"scale": "1",
	"smartupdate": "$TexturePacker:SmartUpdate:a1cfa07eb8dae17ddbbc422da270abf2:d9c037755af8af719276f070e8be7cfa:9b9a13c1b59697ddf6852f68953c5e7c$"
}
}
