{"frames": {

"congrats_intro.png":
{
	"frame": {"x":1,"y":1,"w":636,"h":94},
	"rotated": false,
	"trimmed": true,
	"spriteSourceSize": {"x":162,"y":62,"w":636,"h":94},
	"sourceSize": {"w":960,"h":540}
},
"congrats_retrigger.png":
{
	"frame": {"x":1,"y":1,"w":636,"h":94},
	"rotated": false,
	"trimmed": true,
	"spriteSourceSize": {"x":162,"y":35,"w":636,"h":94},
	"sourceSize": {"w":960,"h":540}
},
"outro.png":
{
	"frame": {"x":1,"y":97,"w":864,"h":100},
	"rotated": false,
	"trimmed": true,
	"spriteSourceSize": {"x":49,"y":86,"w":864,"h":100},
	"sourceSize": {"w":960,"h":540}
},
"text_intro.png":
{
	"frame": {"x":1,"y":199,"w":845,"h":260},
	"rotated": false,
	"trimmed": true,
	"spriteSourceSize": {"x":57,"y":190,"w":845,"h":260},
	"sourceSize": {"w":960,"h":540}
},
"text_retrigger.png":
{
	"frame": {"x":1,"y":461,"w":828,"h":312},
	"rotated": false,
	"trimmed": true,
	"spriteSourceSize": {"x":65,"y":185,"w":828,"h":312},
	"sourceSize": {"w":960,"h":540}
}},
"meta": {
	"app": "https://www.codeandweb.com/texturepacker",
	"version": "1.0",
	"image": "freespinResources_hu.png",
	"format": "RGBA8888",
	"size": {"w":1024,"h":1024},
	"scale": "1",
	"smartupdate": "$TexturePacker:SmartUpdate:55fc7d3af9688ccc6bc222d94e1da6a9:1db9e237ea67f9dc2b7f56a5ffe41607:0fcbc44ad6207be70ca0e3022af81e0b$"
}
}
