{"frames": {

"congrats_intro.png":
{
	"frame": {"x":1,"y":1,"w":491,"h":96},
	"rotated": false,
	"trimmed": true,
	"spriteSourceSize": {"x":236,"y":55,"w":491,"h":96},
	"sourceSize": {"w":960,"h":540}
},
"congrats_retrigger.png":
{
	"frame": {"x":494,"y":1,"w":504,"h":100},
	"rotated": false,
	"trimmed": true,
	"spriteSourceSize": {"x":230,"y":50,"w":504,"h":100},
	"sourceSize": {"w":960,"h":540}
},
"outro.png":
{
	"frame": {"x":1,"y":103,"w":674,"h":105},
	"rotated": false,
	"trimmed": true,
	"spriteSourceSize": {"x":143,"y":84,"w":674,"h":105},
	"sourceSize": {"w":960,"h":540}
},
"text_intro.png":
{
	"frame": {"x":1,"y":210,"w":763,"h":325},
	"rotated": false,
	"trimmed": true,
	"spriteSourceSize": {"x":109,"y":166,"w":763,"h":325},
	"sourceSize": {"w":960,"h":540}
},
"text_retrigger.png":
{
	"frame": {"x":1,"y":537,"w":713,"h":316},
	"rotated": false,
	"trimmed": true,
	"spriteSourceSize": {"x":118,"y":159,"w":713,"h":316},
	"sourceSize": {"w":960,"h":540}
}},
"meta": {
	"app": "https://www.codeandweb.com/texturepacker",
	"version": "1.0",
	"image": "freespinResources_pt.png",
	"format": "RGBA8888",
	"size": {"w":1024,"h":1024},
	"scale": "1",
	"smartupdate": "$TexturePacker:SmartUpdate:24cde5c79bf2f4fe559209b1e5a19291:3f106c6fc42b6b7530e6581100bd6a63:a97cf826c661fa91a08895cd924b3d5b$"
}
}
