{"frames": {

"congrats_intro.png":
{
	"frame": {"x":1,"y":1,"w":677,"h":177},
	"rotated": false,
	"trimmed": true,
	"spriteSourceSize": {"x":142,"y":61,"w":677,"h":177},
	"sourceSize": {"w":960,"h":540}
},
"congrats_retrigger.png":
{
	"frame": {"x":1,"y":180,"w":677,"h":178},
	"rotated": false,
	"trimmed": true,
	"spriteSourceSize": {"x":142,"y":53,"w":677,"h":178},
	"sourceSize": {"w":960,"h":540}
},
"outro.png":
{
	"frame": {"x":1,"y":360,"w":768,"h":92},
	"rotated": false,
	"trimmed": true,
	"spriteSourceSize": {"x":96,"y":93,"w":768,"h":92},
	"sourceSize": {"w":960,"h":540}
},
"text_intro.png":
{
	"frame": {"x":1,"y":454,"w":820,"h":263},
	"rotated": false,
	"trimmed": true,
	"spriteSourceSize": {"x":70,"y":256,"w":820,"h":263},
	"sourceSize": {"w":960,"h":540}
},
"text_retrigger.png":
{
	"frame": {"x":1,"y":719,"w":816,"h":256},
	"rotated": false,
	"trimmed": true,
	"spriteSourceSize": {"x":72,"y":262,"w":816,"h":256},
	"sourceSize": {"w":960,"h":540}
}},
"meta": {
	"app": "https://www.codeandweb.com/texturepacker",
	"version": "1.0",
	"image": "freespinResources_de.png",
	"format": "RGBA8888",
	"size": {"w":1024,"h":1024},
	"scale": "1",
	"smartupdate": "$TexturePacker:SmartUpdate:16ca8e2bda46d2b132bb8cac131367e9:dd12df7e4f130808a279397ffc3ffc84:d5303147a5bebefbc3df1b02289007e3$"
}
}
