{"frames": {

"congrats_intro.png":
{
	"frame": {"x":1,"y":1,"w":826,"h":80},
	"rotated": false,
	"trimmed": true,
	"spriteSourceSize": {"x":67,"y":76,"w":826,"h":80},
	"sourceSize": {"w":960,"h":540}
},
"congrats_retrigger.png":
{
	"frame": {"x":1,"y":83,"w":820,"h":80},
	"rotated": false,
	"trimmed": true,
	"spriteSourceSize": {"x":71,"y":46,"w":820,"h":80},
	"sourceSize": {"w":960,"h":540}
},
"outro.png":
{
	"frame": {"x":1,"y":165,"w":618,"h":91},
	"rotated": false,
	"trimmed": true,
	"spriteSourceSize": {"x":171,"y":96,"w":618,"h":91},
	"sourceSize": {"w":960,"h":540}
},
"text_intro.png":
{
	"frame": {"x":1,"y":258,"w":847,"h":288},
	"rotated": false,
	"trimmed": true,
	"spriteSourceSize": {"x":56,"y":181,"w":847,"h":288},
	"sourceSize": {"w":960,"h":540}
},
"text_retrigger.png":
{
	"frame": {"x":1,"y":548,"w":834,"h":288},
	"rotated": false,
	"trimmed": true,
	"spriteSourceSize": {"x":60,"y":202,"w":834,"h":288},
	"sourceSize": {"w":960,"h":540}
}},
"meta": {
	"app": "https://www.codeandweb.com/texturepacker",
	"version": "1.0",
	"image": "freespinResources_en.png",
	"format": "RGBA8888",
	"size": {"w":1024,"h":1024},
	"scale": "1",
	"smartupdate": "$TexturePacker:SmartUpdate:ea864d68d2341e8a5d09fb948fad20ff:fe19d864693a6248a62af421c9b5a5bc:1d51a0827cd49459b50dacfe874af6e2$"
}
}
