{"frames": {

"congrats_intro.png":
{
	"frame": {"x":1,"y":1,"w":710,"h":86},
	"rotated": false,
	"trimmed": true,
	"spriteSourceSize": {"x":127,"y":76,"w":710,"h":86},
	"sourceSize": {"w":960,"h":540}
},
"congrats_retrigger.png":
{
	"frame": {"x":1,"y":89,"w":729,"h":86},
	"rotated": false,
	"trimmed": true,
	"spriteSourceSize": {"x":116,"y":51,"w":729,"h":86},
	"sourceSize": {"w":960,"h":540}
},
"outro.png":
{
	"frame": {"x":1,"y":177,"w":784,"h":84},
	"rotated": false,
	"trimmed": true,
	"spriteSourceSize": {"x":96,"y":99,"w":784,"h":84},
	"sourceSize": {"w":960,"h":540}
},
"text_intro.png":
{
	"frame": {"x":1,"y":263,"w":796,"h":332},
	"rotated": false,
	"trimmed": true,
	"spriteSourceSize": {"x":88,"y":176,"w":796,"h":332},
	"sourceSize": {"w":960,"h":540}
},
"text_retrigger.png":
{
	"frame": {"x":1,"y":597,"w":851,"h":295},
	"rotated": false,
	"trimmed": true,
	"spriteSourceSize": {"x":52,"y":174,"w":851,"h":295},
	"sourceSize": {"w":960,"h":540}
}},
"meta": {
	"app": "https://www.codeandweb.com/texturepacker",
	"version": "1.0",
	"image": "freespinResources_es.png",
	"format": "RGBA8888",
	"size": {"w":1024,"h":1024},
	"scale": "1",
	"smartupdate": "$TexturePacker:SmartUpdate:6308f46c6e09879bcd96217c6c678e12:5e0a91a6298f7f5a6de47530062e0d6f:4c897be4d9d8f7636a5e312904205715$"
}
}
