{"frames": {

"congrats_intro.png":
{
	"frame": {"x":1,"y":1,"w":836,"h":80},
	"rotated": false,
	"trimmed": true,
	"spriteSourceSize": {"x":62,"y":77,"w":836,"h":80},
	"sourceSize": {"w":960,"h":540}
},
"congrats_retrigger.png":
{
	"frame": {"x":1,"y":1,"w":836,"h":80},
	"rotated": false,
	"trimmed": true,
	"spriteSourceSize": {"x":62,"y":77,"w":836,"h":80},
	"sourceSize": {"w":960,"h":540}
},
"outro.png":
{
	"frame": {"x":1,"y":83,"w":773,"h":89},
	"rotated": false,
	"trimmed": true,
	"spriteSourceSize": {"x":86,"y":97,"w":773,"h":89},
	"sourceSize": {"w":960,"h":540}
},
"text_intro.png":
{
	"frame": {"x":1,"y":174,"w":833,"h":270},
	"rotated": false,
	"trimmed": true,
	"spriteSourceSize": {"x":64,"y":187,"w":833,"h":270},
	"sourceSize": {"w":960,"h":540}
},
"text_retrigger.png":
{
	"frame": {"x":1,"y":446,"w":725,"h":299},
	"rotated": false,
	"trimmed": true,
	"spriteSourceSize": {"x":112,"y":196,"w":725,"h":299},
	"sourceSize": {"w":960,"h":540}
}},
"meta": {
	"app": "https://www.codeandweb.com/texturepacker",
	"version": "1.0",
	"image": "freespinResources_it.png",
	"format": "RGBA8888",
	"size": {"w":1024,"h":1024},
	"scale": "1",
	"smartupdate": "$TexturePacker:SmartUpdate:b0c2c1ae6db35cf3ae185fe143a2148c:241b3fa0d950071a724bcf84a0a46105:57950265a5627be34cbffb5b192fe600$"
}
}
