{"frames": {

"congrats_intro.png":
{
	"frame": {"x":1,"y":1,"w":537,"h":111},
	"rotated": false,
	"trimmed": true,
	"spriteSourceSize": {"x":200,"y":18,"w":537,"h":111},
	"sourceSize": {"w":960,"h":540}
},
"congrats_retrigger.png":
{
	"frame": {"x":540,"y":1,"w":533,"h":112},
	"rotated": false,
	"trimmed": true,
	"spriteSourceSize": {"x":199,"y":23,"w":533,"h":112},
	"sourceSize": {"w":960,"h":540}
},
"outro.png":
{
	"frame": {"x":1075,"y":1,"w":682,"h":133},
	"rotated": false,
	"trimmed": true,
	"spriteSourceSize": {"x":145,"y":85,"w":682,"h":133},
	"sourceSize": {"w":960,"h":540}
},
"text_intro.png":
{
	"frame": {"x":1,"y":136,"w":792,"h":366},
	"rotated": false,
	"trimmed": true,
	"spriteSourceSize": {"x":84,"y":147,"w":792,"h":366},
	"sourceSize": {"w":960,"h":540}
},
"text_retrigger.png":
{
	"frame": {"x":795,"y":136,"w":664,"h":332},
	"rotated": false,
	"trimmed": true,
	"spriteSourceSize": {"x":134,"y":154,"w":664,"h":332},
	"sourceSize": {"w":960,"h":540}
}},
"meta": {
	"app": "https://www.codeandweb.com/texturepacker",
	"version": "1.0",
	"image": "freespinResources_ro.png",
	"format": "RGBA8888",
	"size": {"w":2048,"h":2048},
	"scale": "1",
	"smartupdate": "$TexturePacker:SmartUpdate:8cb5980244f1becf2d293d3fb07e290c:c32220fafc551597d173e39da2a6ff8b:ec69add505d12c19e218b94bc0df7515$"
}
}
