{"frames": {

"pressStartOff.png":
{
	"frame": {"x":1,"y":1,"w":362,"h":143},
	"rotated": false,
	"trimmed": false,
	"spriteSourceSize": {"x":0,"y":0,"w":362,"h":143},
	"sourceSize": {"w":362,"h":143}
},
"pressStartOn.png":
{
	"frame": {"x":1,"y":146,"w":362,"h":143},
	"rotated": false,
	"trimmed": false,
	"spriteSourceSize": {"x":0,"y":0,"w":362,"h":143},
	"sourceSize": {"w":362,"h":143}
}},
"meta": {
	"app": "https://www.codeandweb.com/texturepacker",
	"version": "1.0",
	"image": "pressStart_ru.png",
	"format": "RGBA8888",
	"size": {"w":512,"h":512},
	"scale": "1",
	"smartupdate": "$TexturePacker:SmartUpdate:236d31009f7c9b446d0534be7d5551e3:f0691968b206a09b78f7150c0c7b02b6:1d94e7003c7e227ffea3279f7d55217b$"
}
}
