{"frames": {

"pressStartOff.png":
{
	"frame": {"x":1,"y":1,"w":362,"h":143},
	"rotated": false,
	"trimmed": false,
	"spriteSourceSize": {"x":0,"y":0,"w":362,"h":143},
	"sourceSize": {"w":362,"h":143}
},
"pressStartOn.png":
{
	"frame": {"x":1,"y":146,"w":362,"h":143},
	"rotated": false,
	"trimmed": false,
	"spriteSourceSize": {"x":0,"y":0,"w":362,"h":143},
	"sourceSize": {"w":362,"h":143}
}},
"meta": {
	"app": "https://www.codeandweb.com/texturepacker",
	"version": "1.0",
	"image": "pressStart_it.png",
	"format": "RGBA8888",
	"size": {"w":512,"h":512},
	"scale": "1",
	"smartupdate": "$TexturePacker:SmartUpdate:8931518af3e6c96ba2ea6da259601925:86975e1b3430d531647eb707719bce9a:810c8d181a18c5e08a58c23cb8f39187$"
}
}
