{"frames": {

"pressStartOff.png":
{
	"frame": {"x":1,"y":1,"w":362,"h":143},
	"rotated": false,
	"trimmed": false,
	"spriteSourceSize": {"x":0,"y":0,"w":362,"h":143},
	"sourceSize": {"w":362,"h":143}
},
"pressStartOn.png":
{
	"frame": {"x":1,"y":146,"w":362,"h":143},
	"rotated": false,
	"trimmed": false,
	"spriteSourceSize": {"x":0,"y":0,"w":362,"h":143},
	"sourceSize": {"w":362,"h":143}
}},
"meta": {
	"app": "https://www.codeandweb.com/texturepacker",
	"version": "1.0",
	"image": "pressStart_nl.png",
	"format": "RGBA8888",
	"size": {"w":512,"h":512},
	"scale": "1",
	"smartupdate": "$TexturePacker:SmartUpdate:a93180f6c1faecee607e87ccdeb950d3:d34fe74e70efdfad8fbb32e14fe6b357:0c57795a9716ff430b51711d49998308$"
}
}
