{"frames":{"@2x/ActiveGameIcon.png":{"frame":{"x":1,"y":1,"w":12,"h":12},"rotated":false,"trimmed":false,"spriteSourceSize":{"x":0,"y":0,"w":12,"h":12},"sourceSize":{"w":12,"h":12}},"@2x/balance_bg.png":{"frame":{"x":1055,"y":1,"w":115,"h":26},"rotated":false,"trimmed":true,"spriteSourceSize":{"x":23,"y":2,"w":115,"h":26},"sourceSize":{"w":161,"h":33}},"@2x/balance_da.png":{"frame":{"x":935,"y":1,"w":118,"h":26},"rotated":false,"trimmed":true,"spriteSourceSize":{"x":22,"y":2,"w":118,"h":26},"sourceSize":{"w":161,"h":33}},"@2x/balance_en.png":{"frame":{"x":1532,"y":1,"w":161,"h":26},"rotated":false,"trimmed":true,"spriteSourceSize":{"x":0,"y":2,"w":161,"h":26},"sourceSize":{"w":161,"h":33}},"@2x/balance_es.png":{"frame":{"x":1172,"y":1,"w":118,"h":26},"rotated":false,"trimmed":true,"spriteSourceSize":{"x":22,"y":2,"w":118,"h":26},"sourceSize":{"w":161,"h":33}},"@2x/balance_fr.png":{"frame":{"x":818,"y":1,"w":115,"h":25},"rotated":false,"trimmed":true,"spriteSourceSize":{"x":23,"y":4,"w":115,"h":25},"sourceSize":{"w":161,"h":33}},"@2x/balance_go.png":{"frame":{"x":1219,"y":61,"w":119,"h":33},"rotated":false,"trimmed":true,"spriteSourceSize":{"x":21,"y":0,"w":119,"h":33},"sourceSize":{"w":161,"h":33}},"@2x/balance_it.png":{"frame":{"x":1292,"y":1,"w":118,"h":26},"rotated":false,"trimmed":true,"spriteSourceSize":{"x":22,"y":2,"w":118,"h":26},"sourceSize":{"w":161,"h":33}},"@2x/balance_mk.png":{"frame":{"x":701,"y":1,"w":115,"h":25},"rotated":false,"trimmed":true,"spriteSourceSize":{"x":23,"y":3,"w":115,"h":25},"sourceSize":{"w":161,"h":33}},"@2x/balance_nl.png":{"frame":{"x":1412,"y":1,"w":118,"h":26},"rotated":false,"trimmed":true,"spriteSourceSize":{"x":22,"y":2,"w":118,"h":26},"sourceSize":{"w":161,"h":33}},"@2x/balance_pt.png":{"frame":{"x":582,"y":1,"w":117,"h":25},"rotated":false,"trimmed":true,"spriteSourceSize":{"x":22,"y":3,"w":117,"h":25},"sourceSize":{"w":161,"h":33}},"@2x/balance_ro.png":{"frame":{"x":976,"y":61,"w":158,"h":33},"rotated":false,"trimmed":true,"spriteSourceSize":{"x":2,"y":0,"w":158,"h":33},"sourceSize":{"w":161,"h":33}},"@2x/balance_ru.png":{"frame":{"x":1695,"y":1,"w":115,"h":26},"rotated":false,"trimmed":true,"spriteSourceSize":{"x":23,"y":2,"w":115,"h":26},"sourceSize":{"w":161,"h":33}},"@2x/bgFlag_idle.png":{"frame":{"x":1283,"y":139,"w":59,"h":39},"rotated":false,"trimmed":false,"spriteSourceSize":{"x":0,"y":0,"w":59,"h":39},"sourceSize":{"w":59,"h":39}},"@2x/bgFlag_over.png":{"frame":{"x":1344,"y":139,"w":59,"h":39},"rotated":false,"trimmed":false,"spriteSourceSize":{"x":0,"y":0,"w":59,"h":39},"sourceSize":{"w":59,"h":39}},"@2x/bonusSpinLabel.png":{"frame":{"x":1466,"y":139,"w":43,"h":39},"rotated":false,"trimmed":false,"spriteSourceSize":{"x":0,"y":0,"w":43,"h":39},"sourceSize":{"w":43,"h":39}},"@2x/button.png":{"frame":{"x":519,"y":222,"w":44,"h":44},"rotated":false,"trimmed":false,"spriteSourceSize":{"x":0,"y":0,"w":44,"h":44},"sourceSize":{"w":44,"h":44}},"@2x/daFlag_idle.png":{"frame":{"x":1511,"y":139,"w":59,"h":39},"rotated":false,"trimmed":false,"spriteSourceSize":{"x":0,"y":0,"w":59,"h":39},"sourceSize":{"w":59,"h":39}},"@2x/daFlag_over.png":{"frame":{"x":1633,"y":139,"w":59,"h":39},"rotated":false,"trimmed":false,"spriteSourceSize":{"x":0,"y":0,"w":59,"h":39},"sourceSize":{"w":59,"h":39}},"@2x/Diamond.png":{"frame":{"x":181,"y":30,"w":31,"h":28},"rotated":false,"trimmed":false,"spriteSourceSize":{"x":0,"y":0,"w":31,"h":28},"sourceSize":{"w":31,"h":28}},"@2x/EGTLogo.png":{"frame":{"x":368,"y":270,"w":209,"h":100},"rotated":false,"trimmed":false,"spriteSourceSize":{"x":0,"y":0,"w":209,"h":100},"sourceSize":{"w":209,"h":100}},"@2x/enFlag_idle.png":{"frame":{"x":1572,"y":139,"w":59,"h":39},"rotated":false,"trimmed":false,"spriteSourceSize":{"x":0,"y":0,"w":59,"h":39},"sourceSize":{"w":59,"h":39}},"@2x/enFlag_over.png":{"frame":{"x":1222,"y":139,"w":59,"h":39},"rotated":false,"trimmed":false,"spriteSourceSize":{"x":0,"y":0,"w":59,"h":39},"sourceSize":{"w":59,"h":39}},"@2x/esFlag_idle.png":{"frame":{"x":1398,"y":180,"w":59,"h":39},"rotated":false,"trimmed":false,"spriteSourceSize":{"x":0,"y":0,"w":59,"h":39},"sourceSize":{"w":59,"h":39}},"@2x/esFlag_over.png":{"frame":{"x":987,"y":180,"w":59,"h":39},"rotated":false,"trimmed":false,"spriteSourceSize":{"x":0,"y":0,"w":59,"h":39},"sourceSize":{"w":59,"h":39}},"@2x/ExitButton_down.png":{"frame":{"x":1423,"y":61,"w":81,"h":33},"rotated":false,"trimmed":false,"spriteSourceSize":{"x":0,"y":0,"w":81,"h":33},"sourceSize":{"w":81,"h":33}},"@2x/ExitButton_idle.png":{"frame":{"x":1340,"y":61,"w":81,"h":33},"rotated":false,"trimmed":false,"spriteSourceSize":{"x":0,"y":0,"w":81,"h":33},"sourceSize":{"w":81,"h":33}},"@2x/ExitButton_over.png":{"frame":{"x":1136,"y":61,"w":81,"h":33},"rotated":false,"trimmed":false,"spriteSourceSize":{"x":0,"y":0,"w":81,"h":33},"sourceSize":{"w":81,"h":33}},"@2x/FeaturedIcon.png":{"frame":{"x":306,"y":270,"w":60,"h":60},"rotated":false,"trimmed":true,"spriteSourceSize":{"x":3,"y":4,"w":60,"h":60},"sourceSize":{"w":70,"h":70}},"@2x/FooterBackground.png":{"frame":{"x":648,"y":270,"w":1277,"h":113},"rotated":false,"trimmed":true,"spriteSourceSize":{"x":0,"y":0,"w":1277,"h":113},"sourceSize":{"w":1280,"h":113}},"@2x/frFlag_idle.png":{"frame":{"x":1337,"y":180,"w":59,"h":39},"rotated":false,"trimmed":false,"spriteSourceSize":{"x":0,"y":0,"w":59,"h":39},"sourceSize":{"w":59,"h":39}},"@2x/frFlag_over.png":{"frame":{"x":560,"y":180,"w":59,"h":39},"rotated":false,"trimmed":false,"spriteSourceSize":{"x":0,"y":0,"w":59,"h":39},"sourceSize":{"w":59,"h":39}},"@2x/FullscrIcon_off.png":{"frame":{"x":1,"y":30,"w":28,"h":27},"rotated":false,"trimmed":false,"spriteSourceSize":{"x":0,"y":0,"w":28,"h":27},"sourceSize":{"w":28,"h":27}},"@2x/FullscrIcon_off_down.png":{"frame":{"x":31,"y":30,"w":28,"h":27},"rotated":false,"trimmed":false,"spriteSourceSize":{"x":0,"y":0,"w":28,"h":27},"sourceSize":{"w":28,"h":27}},"@2x/FullscrIcon_off_over.png":{"frame":{"x":1992,"y":1,"w":28,"h":27},"rotated":false,"trimmed":false,"spriteSourceSize":{"x":0,"y":0,"w":28,"h":27},"sourceSize":{"w":28,"h":27}},"@2x/FullscrIcon_on.png":{"frame":{"x":61,"y":30,"w":28,"h":27},"rotated":false,"trimmed":false,"spriteSourceSize":{"x":0,"y":0,"w":28,"h":27},"sourceSize":{"w":28,"h":27}},"@2x/FullscrIcon_on_down.png":{"frame":{"x":91,"y":30,"w":28,"h":27},"rotated":false,"trimmed":false,"spriteSourceSize":{"x":0,"y":0,"w":28,"h":27},"sourceSize":{"w":28,"h":27}},"@2x/FullscrIcon_on_over.png":{"frame":{"x":121,"y":30,"w":28,"h":27},"rotated":false,"trimmed":false,"spriteSourceSize":{"x":0,"y":0,"w":28,"h":27},"sourceSize":{"w":28,"h":27}},"@2x/GamesFilterCenter_idle.png":{"frame":{"x":707,"y":61,"w":1,"h":31},"rotated":false,"trimmed":false,"spriteSourceSize":{"x":0,"y":0,"w":1,"h":31},"sourceSize":{"w":1,"h":31}},"@2x/GamesFilterCenter_selected.png":{"frame":{"x":691,"y":61,"w":1,"h":31},"rotated":false,"trimmed":false,"spriteSourceSize":{"x":0,"y":0,"w":1,"h":31},"sourceSize":{"w":1,"h":31}},"@2x/GamesFilterLeft_idle.png":{"frame":{"x":694,"y":61,"w":11,"h":31},"rotated":false,"trimmed":false,"spriteSourceSize":{"x":0,"y":0,"w":11,"h":31},"sourceSize":{"w":11,"h":31}},"@2x/GamesFilterLeft_selected.png":{"frame":{"x":710,"y":61,"w":11,"h":31},"rotated":false,"trimmed":false,"spriteSourceSize":{"x":0,"y":0,"w":11,"h":31},"sourceSize":{"w":11,"h":31}},"@2x/goFlag_idle.png":{"frame":{"x":438,"y":180,"w":59,"h":39},"rotated":false,"trimmed":false,"spriteSourceSize":{"x":0,"y":0,"w":59,"h":39},"sourceSize":{"w":59,"h":39}},"@2x/goFlag_over.png":{"frame":{"x":1100,"y":139,"w":59,"h":39},"rotated":false,"trimmed":false,"spriteSourceSize":{"x":0,"y":0,"w":59,"h":39},"sourceSize":{"w":59,"h":39}},"@2x/HeaderBackground.png":{"frame":{"x":565,"y":222,"w":1280,"h":46},"rotated":false,"trimmed":false,"spriteSourceSize":{"x":0,"y":0,"w":1280,"h":46},"sourceSize":{"w":1280,"h":46}},"@2x/HelpIcon_down.png":{"frame":{"x":1932,"y":1,"w":28,"h":27},"rotated":false,"trimmed":false,"spriteSourceSize":{"x":0,"y":0,"w":28,"h":27},"sourceSize":{"w":28,"h":27}},"@2x/HelpIcon_idle.png":{"frame":{"x":151,"y":30,"w":28,"h":27},"rotated":false,"trimmed":false,"spriteSourceSize":{"x":0,"y":0,"w":28,"h":27},"sourceSize":{"w":28,"h":27}},"@2x/HelpIcon_over.png":{"frame":{"x":1962,"y":1,"w":28,"h":27},"rotated":false,"trimmed":false,"spriteSourceSize":{"x":0,"y":0,"w":28,"h":27},"sourceSize":{"w":28,"h":27}},"@2x/icon.png":{"frame":{"x":65,"y":1,"w":20,"h":20},"rotated":false,"trimmed":false,"spriteSourceSize":{"x":0,"y":0,"w":20,"h":20},"sourceSize":{"w":20,"h":20}},"@2x/itFlag_idle.png":{"frame":{"x":743,"y":180,"w":59,"h":39},"rotated":false,"trimmed":false,"spriteSourceSize":{"x":0,"y":0,"w":59,"h":39},"sourceSize":{"w":59,"h":39}},"@2x/itFlag_over.png":{"frame":{"x":865,"y":180,"w":59,"h":39},"rotated":false,"trimmed":false,"spriteSourceSize":{"x":0,"y":0,"w":59,"h":39},"sourceSize":{"w":59,"h":39}},"@2x/JackpotIcon.png":{"frame":{"x":1796,"y":61,"w":71,"h":36},"rotated":false,"trimmed":false,"spriteSourceSize":{"x":0,"y":0,"w":71,"h":36},"sourceSize":{"w":71,"h":36}},"@2x/LanguageBarBackground.png":{"frame":{"x":272,"y":385,"w":67,"h":141},"rotated":false,"trimmed":false,"spriteSourceSize":{"x":0,"y":0,"w":67,"h":141},"sourceSize":{"w":67,"h":141}},"@2x/LanguageBarBackgroundSmall.png":{"frame":{"x":579,"y":270,"w":67,"h":100},"rotated":false,"trimmed":false,"spriteSourceSize":{"x":0,"y":0,"w":67,"h":100},"sourceSize":{"w":67,"h":100}},"@2x/Marker.png":{"frame":{"x":341,"y":385,"w":312,"h":172},"rotated":false,"trimmed":true,"spriteSourceSize":{"x":8,"y":5,"w":312,"h":172},"sourceSize":{"w":333,"h":186}},"@2x/mkFlag_idle.png":{"frame":{"x":804,"y":180,"w":59,"h":39},"rotated":false,"trimmed":false,"spriteSourceSize":{"x":0,"y":0,"w":59,"h":39},"sourceSize":{"w":59,"h":39}},"@2x/mkFlag_over.png":{"frame":{"x":682,"y":180,"w":59,"h":39},"rotated":false,"trimmed":false,"spriteSourceSize":{"x":0,"y":0,"w":59,"h":39},"sourceSize":{"w":59,"h":39}},"@2x/MuteIcon_off.png":{"frame":{"x":15,"y":1,"w":23,"h":16},"rotated":false,"trimmed":true,"spriteSourceSize":{"x":3,"y":6,"w":23,"h":16},"sourceSize":{"w":28,"h":27}},"@2x/MuteIcon_off_down.png":{"frame":{"x":1842,"y":1,"w":28,"h":27},"rotated":false,"trimmed":false,"spriteSourceSize":{"x":0,"y":0,"w":28,"h":27},"sourceSize":{"w":28,"h":27}},"@2x/MuteIcon_off_over.png":{"frame":{"x":1872,"y":1,"w":28,"h":27},"rotated":false,"trimmed":false,"spriteSourceSize":{"x":0,"y":0,"w":28,"h":27},"sourceSize":{"w":28,"h":27}},"@2x/MuteIcon_on.png":{"frame":{"x":40,"y":1,"w":23,"h":16},"rotated":false,"trimmed":true,"spriteSourceSize":{"x":3,"y":6,"w":23,"h":16},"sourceSize":{"w":28,"h":27}},"@2x/MuteIcon_on_down.png":{"frame":{"x":1812,"y":1,"w":28,"h":27},"rotated":false,"trimmed":false,"spriteSourceSize":{"x":0,"y":0,"w":28,"h":27},"sourceSize":{"w":28,"h":27}},"@2x/MuteIcon_on_over.png":{"frame":{"x":1902,"y":1,"w":28,"h":27},"rotated":false,"trimmed":false,"spriteSourceSize":{"x":0,"y":0,"w":28,"h":27},"sourceSize":{"w":28,"h":27}},"@2x/NavigationItem_over.png":{"frame":{"x":1,"y":385,"w":269,"h":139},"rotated":false,"trimmed":true,"spriteSourceSize":{"x":3,"y":2,"w":269,"h":139},"sourceSize":{"w":278,"h":147}},"@2x/nlFlag_idle.png":{"frame":{"x":621,"y":180,"w":59,"h":39},"rotated":false,"trimmed":false,"spriteSourceSize":{"x":0,"y":0,"w":59,"h":39},"sourceSize":{"w":59,"h":39}},"@2x/nlFlag_over.png":{"frame":{"x":499,"y":180,"w":59,"h":39},"rotated":false,"trimmed":false,"spriteSourceSize":{"x":0,"y":0,"w":59,"h":39},"sourceSize":{"w":59,"h":39}},"@2x/noConnection_bg.png":{"frame":{"x":214,"y":30,"w":216,"h":29},"rotated":false,"trimmed":true,"spriteSourceSize":{"x":91,"y":5,"w":216,"h":29},"sourceSize":{"w":398,"h":40}},"@2x/noConnection_da.png":{"frame":{"x":432,"y":30,"w":349,"h":29},"rotated":false,"trimmed":true,"spriteSourceSize":{"x":25,"y":6,"w":349,"h":29},"sourceSize":{"w":398,"h":40}},"@2x/noConnection_en.png":{"frame":{"x":871,"y":30,"w":289,"h":29},"rotated":false,"trimmed":true,"spriteSourceSize":{"x":55,"y":6,"w":289,"h":29},"sourceSize":{"w":398,"h":40}},"@2x/noConnection_es.png":{"frame":{"x":723,"y":61,"w":251,"h":33},"rotated":false,"trimmed":true,"spriteSourceSize":{"x":74,"y":1,"w":251,"h":33},"sourceSize":{"w":398,"h":40}},"@2x/noConnection_fr.png":{"frame":{"x":1514,"y":30,"w":343,"h":29},"rotated":false,"trimmed":true,"spriteSourceSize":{"x":28,"y":5,"w":343,"h":29},"sourceSize":{"w":398,"h":40}},"@2x/noConnection_go.png":{"frame":{"x":1048,"y":180,"w":287,"h":39},"rotated":false,"trimmed":true,"spriteSourceSize":{"x":56,"y":1,"w":287,"h":39},"sourceSize":{"w":398,"h":40}},"@2x/noConnection_it.png":{"frame":{"x":87,"y":1,"w":441,"h":23},"rotated":false,"trimmed":true,"spriteSourceSize":{"x":0,"y":8,"w":441,"h":23},"sourceSize":{"w":441,"h":40}},"@2x/noConnection_mk.png":{"frame":{"x":440,"y":61,"w":249,"h":30},"rotated":false,"trimmed":true,"spriteSourceSize":{"x":75,"y":4,"w":249,"h":30},"sourceSize":{"w":398,"h":40}},"@2x/noConnection_nl.png":{"frame":{"x":45,"y":61,"w":317,"h":29},"rotated":false,"trimmed":true,"spriteSourceSize":{"x":41,"y":5,"w":317,"h":29},"sourceSize":{"w":398,"h":40}},"@2x/noConnection_pt.png":{"frame":{"x":790,"y":99,"w":214,"h":37},"rotated":false,"trimmed":true,"spriteSourceSize":{"x":92,"y":3,"w":214,"h":37},"sourceSize":{"w":398,"h":40}},"@2x/noConnection_ro.png":{"frame":{"x":1506,"y":61,"w":288,"h":34},"rotated":false,"trimmed":true,"spriteSourceSize":{"x":55,"y":0,"w":288,"h":34},"sourceSize":{"w":398,"h":40}},"@2x/noConnection_ru.png":{"frame":{"x":1859,"y":30,"w":178,"h":29},"rotated":false,"trimmed":true,"spriteSourceSize":{"x":110,"y":5,"w":178,"h":29},"sourceSize":{"w":398,"h":40}},"@2x/ptFlag_idle.png":{"frame":{"x":926,"y":180,"w":59,"h":39},"rotated":false,"trimmed":false,"spriteSourceSize":{"x":0,"y":0,"w":59,"h":39},"sourceSize":{"w":59,"h":39}},"@2x/ptFlag_over.png":{"frame":{"x":1405,"y":139,"w":59,"h":39},"rotated":false,"trimmed":false,"spriteSourceSize":{"x":0,"y":0,"w":59,"h":39},"sourceSize":{"w":59,"h":39}},"@2x/RecoveryIcon.png":{"frame":{"x":408,"y":61,"w":30,"h":30},"rotated":false,"trimmed":false,"spriteSourceSize":{"x":0,"y":0,"w":30,"h":30},"sourceSize":{"w":30,"h":30}},"@2x/RightArrow_down.png":{"frame":{"x":444,"y":222,"w":73,"h":44},"rotated":false,"trimmed":false,"spriteSourceSize":{"x":0,"y":0,"w":73,"h":44},"sourceSize":{"w":73,"h":44}},"@2x/RightArrow_idle.png":{"frame":{"x":258,"y":139,"w":70,"h":38},"rotated":false,"trimmed":true,"spriteSourceSize":{"x":0,"y":1,"w":70,"h":38},"sourceSize":{"w":70,"h":40}},"@2x/RightArrow_over.png":{"frame":{"x":369,"y":222,"w":73,"h":42},"rotated":false,"trimmed":false,"spriteSourceSize":{"x":0,"y":0,"w":73,"h":42},"sourceSize":{"w":73,"h":42}},"@2x/roFlag_idle.png":{"frame":{"x":330,"y":139,"w":59,"h":39},"rotated":false,"trimmed":false,"spriteSourceSize":{"x":0,"y":0,"w":59,"h":39},"sourceSize":{"w":59,"h":39}},"@2x/roFlag_over.png":{"frame":{"x":1161,"y":139,"w":59,"h":39},"rotated":false,"trimmed":false,"spriteSourceSize":{"x":0,"y":0,"w":59,"h":39},"sourceSize":{"w":59,"h":39}},"@2x/ruFlag_idle.png":{"frame":{"x":391,"y":139,"w":59,"h":39},"rotated":false,"trimmed":false,"spriteSourceSize":{"x":0,"y":0,"w":59,"h":39},"sourceSize":{"w":59,"h":39}},"@2x/ruFlag_over.png":{"frame":{"x":377,"y":180,"w":59,"h":39},"rotated":false,"trimmed":false,"spriteSourceSize":{"x":0,"y":0,"w":59,"h":39},"sourceSize":{"w":59,"h":39}},"@2x/selectGame_bg.png":{"frame":{"x":1,"y":139,"w":255,"h":38},"rotated":false,"trimmed":true,"spriteSourceSize":{"x":81,"y":4,"w":255,"h":38},"sourceSize":{"w":418,"h":46}},"@2x/selectGame_da.png":{"frame":{"x":452,"y":139,"w":237,"h":39},"rotated":false,"trimmed":true,"spriteSourceSize":{"x":91,"y":4,"w":237,"h":39},"sourceSize":{"w":418,"h":46}},"@2x/selectGame_en.png":{"frame":{"x":1426,"y":99,"w":294,"h":38},"rotated":false,"trimmed":true,"spriteSourceSize":{"x":62,"y":4,"w":294,"h":38},"sourceSize":{"w":418,"h":46}},"@2x/selectGame_es.png":{"frame":{"x":691,"y":139,"w":407,"h":39},"rotated":false,"trimmed":true,"spriteSourceSize":{"x":5,"y":4,"w":407,"h":39},"sourceSize":{"w":418,"h":46}},"@2x/selectGame_fr.png":{"frame":{"x":1,"y":99,"w":394,"h":36},"rotated":false,"trimmed":true,"spriteSourceSize":{"x":12,"y":4,"w":394,"h":36},"sourceSize":{"w":418,"h":46}},"@2x/selectGame_go.png":{"frame":{"x":1,"y":270,"w":303,"h":46},"rotated":false,"trimmed":true,"spriteSourceSize":{"x":57,"y":0,"w":303,"h":46},"sourceSize":{"w":418,"h":46}},"@2x/selectGame_it.png":{"frame":{"x":1006,"y":99,"w":418,"h":38},"rotated":false,"trimmed":true,"spriteSourceSize":{"x":0,"y":4,"w":418,"h":38},"sourceSize":{"w":418,"h":46}},"@2x/selectGame_mk.png":{"frame":{"x":1459,"y":180,"w":263,"h":40},"rotated":false,"trimmed":true,"spriteSourceSize":{"x":77,"y":3,"w":263,"h":40},"sourceSize":{"w":418,"h":46}},"@2x/selectGame_nl.png":{"frame":{"x":397,"y":99,"w":391,"h":37},"rotated":false,"trimmed":true,"spriteSourceSize":{"x":13,"y":4,"w":391,"h":37},"sourceSize":{"w":418,"h":46}},"@2x/selectGame_pt.png":{"frame":{"x":1,"y":180,"w":374,"h":39},"rotated":false,"trimmed":true,"spriteSourceSize":{"x":22,"y":4,"w":374,"h":39},"sourceSize":{"w":418,"h":46}},"@2x/selectGame_ro.png":{"frame":{"x":1,"y":222,"w":330,"h":41},"rotated":false,"trimmed":true,"spriteSourceSize":{"x":44,"y":4,"w":330,"h":41},"sourceSize":{"w":418,"h":46}},"@2x/selectGame_ru.png":{"frame":{"x":1722,"y":99,"w":257,"h":38},"rotated":false,"trimmed":true,"spriteSourceSize":{"x":80,"y":4,"w":257,"h":38},"sourceSize":{"w":418,"h":46}},"@2x/SliderNavItem_idle.png":{"frame":{"x":556,"y":1,"w":24,"h":24},"rotated":false,"trimmed":false,"spriteSourceSize":{"x":0,"y":0,"w":24,"h":24},"sourceSize":{"w":24,"h":24}},"@2x/SliderNavItem_selected.png":{"frame":{"x":530,"y":1,"w":24,"h":24},"rotated":false,"trimmed":false,"spriteSourceSize":{"x":0,"y":0,"w":24,"h":24},"sourceSize":{"w":24,"h":24}},"@2x/smallbgFlag.png":{"frame":{"x":1,"y":61,"w":42,"h":29},"rotated":false,"trimmed":true,"spriteSourceSize":{"x":0,"y":0,"w":42,"h":29},"sourceSize":{"w":42,"h":30}},"@2x/smalldaFlag.png":{"frame":{"x":1470,"y":30,"w":42,"h":29},"rotated":false,"trimmed":true,"spriteSourceSize":{"x":0,"y":0,"w":42,"h":29},"sourceSize":{"w":42,"h":30}},"@2x/smallenFlag.png":{"frame":{"x":1338,"y":30,"w":42,"h":29},"rotated":false,"trimmed":true,"spriteSourceSize":{"x":0,"y":0,"w":42,"h":29},"sourceSize":{"w":42,"h":30}},"@2x/smallesFlag.png":{"frame":{"x":827,"y":30,"w":42,"h":29},"rotated":false,"trimmed":true,"spriteSourceSize":{"x":0,"y":0,"w":42,"h":29},"sourceSize":{"w":42,"h":30}},"@2x/smallfrFlag.png":{"frame":{"x":1162,"y":30,"w":42,"h":29},"rotated":false,"trimmed":true,"spriteSourceSize":{"x":0,"y":0,"w":42,"h":29},"sourceSize":{"w":42,"h":30}},"@2x/smallgoFlag.png":{"frame":{"x":1294,"y":30,"w":42,"h":29},"rotated":false,"trimmed":true,"spriteSourceSize":{"x":0,"y":0,"w":42,"h":29},"sourceSize":{"w":42,"h":30}},"@2x/smallitFlag.png":{"frame":{"x":1206,"y":30,"w":42,"h":29},"rotated":false,"trimmed":true,"spriteSourceSize":{"x":0,"y":0,"w":42,"h":29},"sourceSize":{"w":42,"h":30}},"@2x/smallmkFlag.png":{"frame":{"x":1250,"y":30,"w":42,"h":29},"rotated":false,"trimmed":true,"spriteSourceSize":{"x":0,"y":0,"w":42,"h":29},"sourceSize":{"w":42,"h":30}},"@2x/smallnlFlag.png":{"frame":{"x":1426,"y":30,"w":42,"h":29},"rotated":false,"trimmed":true,"spriteSourceSize":{"x":0,"y":0,"w":42,"h":29},"sourceSize":{"w":42,"h":30}},"@2x/smallptFlag.png":{"frame":{"x":783,"y":30,"w":42,"h":29},"rotated":false,"trimmed":true,"spriteSourceSize":{"x":0,"y":0,"w":42,"h":29},"sourceSize":{"w":42,"h":30}},"@2x/smallroFlag.png":{"frame":{"x":1382,"y":30,"w":42,"h":29},"rotated":false,"trimmed":true,"spriteSourceSize":{"x":0,"y":0,"w":42,"h":29},"sourceSize":{"w":42,"h":30}},"@2x/smallruFlag.png":{"frame":{"x":364,"y":61,"w":42,"h":29},"rotated":false,"trimmed":true,"spriteSourceSize":{"x":0,"y":0,"w":42,"h":29},"sourceSize":{"w":42,"h":30}},"@2x/StarIcon.png":{"frame":{"x":333,"y":222,"w":34,"h":41},"rotated":false,"trimmed":true,"spriteSourceSize":{"x":6,"y":7,"w":34,"h":41},"sourceSize":{"w":54,"h":59}}},"meta":{"app":"https://www.codeandweb.com/texturepacker","version":"1.0","image":"library-v2.png?build=1607525872923","format":"RGBA8888","size":{"w":2048,"h":2048},"scale":"1","smartupdate":"$TexturePacker:SmartUpdate:be1822e1f81f351a094c356a6bac7ce8:0801ac3e4b750e87a6ba19bccf74ae5a:a82fb4353fdbee56554e427d2e4c5a3b$"}}