{"frames": {

"clubPanel.png":
{
	"frame": {"x":316,"y":1,"w":105,"h":40},
	"rotated": false,
	"trimmed": false,
	"spriteSourceSize": {"x":0,"y":0,"w":105,"h":40},
	"sourceSize": {"w":105,"h":40}
},
"clubPanel_portrait.png":
{
	"frame": {"x":448,"y":45,"w":225,"h":36},
	"rotated": false,
	"trimmed": false,
	"spriteSourceSize": {"x":0,"y":0,"w":225,"h":36},
	"sourceSize": {"w":225,"h":36}
},
"diamondPanel.png":
{
	"frame": {"x":801,"y":1,"w":139,"h":40},
	"rotated": false,
	"trimmed": false,
	"spriteSourceSize": {"x":0,"y":0,"w":139,"h":40},
	"sourceSize": {"w":139,"h":40}
},
"diamondPanel_portrait.png":
{
	"frame": {"x":221,"y":45,"w":225,"h":36},
	"rotated": false,
	"trimmed": false,
	"spriteSourceSize": {"x":0,"y":0,"w":225,"h":36},
	"sourceSize": {"w":225,"h":36}
},
"dropdown.png":
{
	"frame": {"x":1491,"y":45,"w":200,"h":226},
	"rotated": false,
	"trimmed": true,
	"spriteSourceSize": {"x":0,"y":6,"w":200,"h":226},
	"sourceSize": {"w":200,"h":232}
},
"dropdownArrow.png":
{
	"frame": {"x":1,"y":1,"w":22,"h":14},
	"rotated": false,
	"trimmed": true,
	"spriteSourceSize": {"x":89,"y":0,"w":22,"h":14},
	"sourceSize": {"w":200,"h":232}
},
"gameName.png":
{
	"frame": {"x":1207,"y":45,"w":282,"h":53},
	"rotated": false,
	"trimmed": false,
	"spriteSourceSize": {"x":0,"y":0,"w":282,"h":53},
	"sourceSize": {"w":282,"h":53}
},
"gameNameScarab.png":
{
	"frame": {"x":1404,"y":1,"w":209,"h":35},
	"rotated": false,
	"trimmed": true,
	"spriteSourceSize": {"x":4,"y":8,"w":209,"h":35},
	"sourceSize": {"w":217,"h":50}
},
"heartPanel.png":
{
	"frame": {"x":664,"y":1,"w":135,"h":40},
	"rotated": false,
	"trimmed": false,
	"spriteSourceSize": {"x":0,"y":0,"w":135,"h":40},
	"sourceSize": {"w":135,"h":40}
},
"heartPanel_portrait.png":
{
	"frame": {"x":675,"y":45,"w":264,"h":42},
	"rotated": false,
	"trimmed": false,
	"spriteSourceSize": {"x":0,"y":0,"w":264,"h":42},
	"sourceSize": {"w":264,"h":42}
},
"landscape/activeJackpotPanel_1.png":
{
	"frame": {"x":25,"y":1,"w":87,"h":40},
	"rotated": false,
	"trimmed": false,
	"spriteSourceSize": {"x":0,"y":0,"w":87,"h":40},
	"sourceSize": {"w":87,"h":40}
},
"landscape/activeJackpotPanel_2.png":
{
	"frame": {"x":212,"y":1,"w":102,"h":40},
	"rotated": false,
	"trimmed": false,
	"spriteSourceSize": {"x":0,"y":0,"w":102,"h":40},
	"sourceSize": {"w":102,"h":40}
},
"landscape/activeJackpotPanel_3.png":
{
	"frame": {"x":541,"y":1,"w":121,"h":40},
	"rotated": false,
	"trimmed": false,
	"spriteSourceSize": {"x":0,"y":0,"w":121,"h":40},
	"sourceSize": {"w":121,"h":40}
},
"landscape/activeJackpotPanel_4.png":
{
	"frame": {"x":942,"y":1,"w":142,"h":40},
	"rotated": false,
	"trimmed": false,
	"spriteSourceSize": {"x":0,"y":0,"w":142,"h":40},
	"sourceSize": {"w":142,"h":40}
},
"landscape/activeJackpotPanel_5.png":
{
	"frame": {"x":1235,"y":1,"w":167,"h":40},
	"rotated": false,
	"trimmed": false,
	"spriteSourceSize": {"x":0,"y":0,"w":167,"h":40},
	"sourceSize": {"w":167,"h":40}
},
"portrait/activeJackpotPanel_1.png":
{
	"frame": {"x":114,"y":1,"w":96,"h":42},
	"rotated": false,
	"trimmed": false,
	"spriteSourceSize": {"x":0,"y":0,"w":96,"h":42},
	"sourceSize": {"w":96,"h":42}
},
"portrait/activeJackpotPanel_2.png":
{
	"frame": {"x":423,"y":1,"w":116,"h":42},
	"rotated": false,
	"trimmed": false,
	"spriteSourceSize": {"x":0,"y":0,"w":116,"h":42},
	"sourceSize": {"w":116,"h":42}
},
"portrait/activeJackpotPanel_3.png":
{
	"frame": {"x":1615,"y":1,"w":218,"h":42},
	"rotated": false,
	"trimmed": false,
	"spriteSourceSize": {"x":0,"y":0,"w":218,"h":42},
	"sourceSize": {"w":218,"h":42}
},
"portrait/activeJackpotPanel_4.png":
{
	"frame": {"x":1,"y":45,"w":218,"h":42},
	"rotated": false,
	"trimmed": false,
	"spriteSourceSize": {"x":0,"y":0,"w":218,"h":42},
	"sourceSize": {"w":218,"h":42}
},
"portrait/activeJackpotPanel_5.png":
{
	"frame": {"x":1615,"y":1,"w":218,"h":42},
	"rotated": false,
	"trimmed": false,
	"spriteSourceSize": {"x":0,"y":0,"w":218,"h":42},
	"sourceSize": {"w":218,"h":42}
},
"reelsBackground_Landscape.png":
{
	"frame": {"x":537,"y":273,"w":848,"h":407},
	"rotated": false,
	"trimmed": false,
	"spriteSourceSize": {"x":0,"y":0,"w":848,"h":407},
	"sourceSize": {"w":848,"h":407}
},
"reelsBackground_Portrait.png":
{
	"frame": {"x":1,"y":273,"w":534,"h":295},
	"rotated": false,
	"trimmed": false,
	"spriteSourceSize": {"x":0,"y":0,"w":534,"h":295},
	"sourceSize": {"w":534,"h":295}
},
"spadePanel.png":
{
	"frame": {"x":1086,"y":1,"w":147,"h":40},
	"rotated": false,
	"trimmed": false,
	"spriteSourceSize": {"x":0,"y":0,"w":147,"h":40},
	"sourceSize": {"w":147,"h":40}
},
"spadePanel_portrait.png":
{
	"frame": {"x":941,"y":45,"w":264,"h":42},
	"rotated": false,
	"trimmed": false,
	"spriteSourceSize": {"x":0,"y":0,"w":264,"h":42},
	"sourceSize": {"w":264,"h":42}
}},
"meta": {
	"app": "https://www.codeandweb.com/texturepacker",
	"version": "1.0",
	"image": "mainResources.png?123",
	"format": "RGBA8888",
	"size": {"w":2048,"h":2048},
	"scale": "1",
	"smartupdate": "$TexturePacker:SmartUpdate:4fd9798b61fb58e93fdaa36a702c458c:2fe93e17b87e706967dcb9462d0ec623:7d5d1343b619bb663b2898c3a4911c1c$"
}
}
