{"frames": {

"clubPanel.png":
{
	"frame": {"x":882,"y":1,"w":105,"h":40},
	"rotated": false,
	"trimmed": false,
	"spriteSourceSize": {"x":0,"y":0,"w":105,"h":40},
	"sourceSize": {"w":105,"h":40}
},
"clubPanel_portrait.png":
{
	"frame": {"x":228,"y":1,"w":225,"h":36},
	"rotated": false,
	"trimmed": false,
	"spriteSourceSize": {"x":0,"y":0,"w":225,"h":36},
	"sourceSize": {"w":225,"h":36}
},
"diamondPanel.png":
{
	"frame": {"x":592,"y":1,"w":139,"h":40},
	"rotated": false,
	"trimmed": false,
	"spriteSourceSize": {"x":0,"y":0,"w":139,"h":40},
	"sourceSize": {"w":139,"h":40}
},
"diamondPanel_portrait.png":
{
	"frame": {"x":1,"y":1,"w":225,"h":36},
	"rotated": false,
	"trimmed": false,
	"spriteSourceSize": {"x":0,"y":0,"w":225,"h":36},
	"sourceSize": {"w":225,"h":36}
},
"dropdown.png":
{
	"frame": {"x":537,"y":52,"w":200,"h":232},
	"rotated": false,
	"trimmed": false,
	"spriteSourceSize": {"x":0,"y":0,"w":200,"h":232},
	"sourceSize": {"w":200,"h":232}
},
"gameName.png":
{
	"frame": {"x":1521,"y":1,"w":292,"h":49},
	"rotated": false,
	"trimmed": true,
	"spriteSourceSize": {"x":0,"y":1,"w":292,"h":49},
	"sourceSize": {"w":292,"h":50}
},
"heartPanel.png":
{
	"frame": {"x":455,"y":1,"w":135,"h":40},
	"rotated": false,
	"trimmed": false,
	"spriteSourceSize": {"x":0,"y":0,"w":135,"h":40},
	"sourceSize": {"w":135,"h":40}
},
"heartPanel_portrait.png":
{
	"frame": {"x":989,"y":1,"w":264,"h":42},
	"rotated": false,
	"trimmed": false,
	"spriteSourceSize": {"x":0,"y":0,"w":264,"h":42},
	"sourceSize": {"w":264,"h":42}
},
"jackpotPanels_portrait.png":
{
	"frame": {"x":1,"y":52,"w":534,"h":85},
	"rotated": false,
	"trimmed": false,
	"spriteSourceSize": {"x":0,"y":0,"w":534,"h":85},
	"sourceSize": {"w":534,"h":85}
},
"reelBorder.png":
{
	"frame": {"x":853,"y":346,"w":738,"h":408},
	"rotated": false,
	"trimmed": false,
	"spriteSourceSize": {"x":0,"y":0,"w":738,"h":408},
	"sourceSize": {"w":738,"h":408}
},
"reelBorder_Portrait.png":
{
	"frame": {"x":1269,"y":52,"w":532,"h":292},
	"rotated": false,
	"trimmed": false,
	"spriteSourceSize": {"x":0,"y":0,"w":532,"h":292},
	"sourceSize": {"w":532,"h":292}
},
"reelsBackground_Landscape.png":
{
	"frame": {"x":1,"y":346,"w":850,"h":396},
	"rotated": false,
	"trimmed": false,
	"spriteSourceSize": {"x":0,"y":0,"w":850,"h":396},
	"sourceSize": {"w":850,"h":396}
},
"reelsBackground_Portrait.png":
{
	"frame": {"x":739,"y":52,"w":528,"h":288},
	"rotated": false,
	"trimmed": false,
	"spriteSourceSize": {"x":0,"y":0,"w":528,"h":288},
	"sourceSize": {"w":528,"h":288}
},
"spadePanel.png":
{
	"frame": {"x":733,"y":1,"w":147,"h":40},
	"rotated": false,
	"trimmed": false,
	"spriteSourceSize": {"x":0,"y":0,"w":147,"h":40},
	"sourceSize": {"w":147,"h":40}
},
"spadePanel_portrait.png":
{
	"frame": {"x":1255,"y":1,"w":264,"h":42},
	"rotated": false,
	"trimmed": false,
	"spriteSourceSize": {"x":0,"y":0,"w":264,"h":42},
	"sourceSize": {"w":264,"h":42}
}},
"meta": {
	"app": "https://www.codeandweb.com/texturepacker",
	"version": "1.0",
	"image": "mainResources.png?123",
	"format": "RGBA8888",
	"size": {"w":2048,"h":2048},
	"scale": "1",
	"smartupdate": "$TexturePacker:SmartUpdate:fda8863f0b98e1b926df330c02865693:a37c30deee2caf97cb36cf17ae4e059f:7d5d1343b619bb663b2898c3a4911c1c$"
}
}
