{"frames": {

"10.png":
{
	"frame": {"x":1,"y":1,"w":146,"h":131},
	"rotated": false,
	"trimmed": false,
	"spriteSourceSize": {"x":0,"y":0,"w":146,"h":131},
	"sourceSize": {"w":146,"h":131}
}},
"meta": {
	"app": "https://www.codeandweb.com/texturepacker",
	"version": "1.0",
	"image": "reelImages_1.png",
	"format": "RGBA8888",
	"size": {"w":256,"h":256},
	"scale": "1",
	"smartupdate": "$TexturePacker:SmartUpdate:dc873c322047d45685a7cc0a44c00a60:898b0a542812280f49df3fd244d17146:0fe7ca86fe258be62b2cd08d8ea27311$"
}
}
