{"frames": {

"clubPanel.png":
{
	"frame": {"x":1674,"y":1,"w":105,"h":40},
	"rotated": false,
	"trimmed": false,
	"spriteSourceSize": {"x":0,"y":0,"w":105,"h":40},
	"sourceSize": {"w":105,"h":40}
},
"clubPanel_portrait.png":
{
	"frame": {"x":228,"y":1,"w":225,"h":36},
	"rotated": false,
	"trimmed": false,
	"spriteSourceSize": {"x":0,"y":0,"w":225,"h":36},
	"sourceSize": {"w":225,"h":36}
},
"diamondPanel.png":
{
	"frame": {"x":1,"y":43,"w":139,"h":40},
	"rotated": false,
	"trimmed": false,
	"spriteSourceSize": {"x":0,"y":0,"w":139,"h":40},
	"sourceSize": {"w":139,"h":40}
},
"diamondPanel_portrait.png":
{
	"frame": {"x":1,"y":1,"w":225,"h":36},
	"rotated": false,
	"trimmed": false,
	"spriteSourceSize": {"x":0,"y":0,"w":225,"h":36},
	"sourceSize": {"w":225,"h":36}
},
"dropdown.png":
{
	"frame": {"x":1323,"y":43,"w":200,"h":232},
	"rotated": false,
	"trimmed": false,
	"spriteSourceSize": {"x":0,"y":0,"w":200,"h":232},
	"sourceSize": {"w":200,"h":232}
},
"gameName.png":
{
	"frame": {"x":1029,"y":43,"w":292,"h":50},
	"rotated": false,
	"trimmed": false,
	"spriteSourceSize": {"x":0,"y":0,"w":292,"h":50},
	"sourceSize": {"w":292,"h":50}
},
"heartPanel.png":
{
	"frame": {"x":1781,"y":1,"w":135,"h":40},
	"rotated": false,
	"trimmed": false,
	"spriteSourceSize": {"x":0,"y":0,"w":135,"h":40},
	"sourceSize": {"w":135,"h":40}
},
"heartPanel_portrait.png":
{
	"frame": {"x":763,"y":43,"w":264,"h":42},
	"rotated": false,
	"trimmed": false,
	"spriteSourceSize": {"x":0,"y":0,"w":264,"h":42},
	"sourceSize": {"w":264,"h":42}
},
"landscape/activeJackpotPanel_1.png":
{
	"frame": {"x":142,"y":43,"w":87,"h":40},
	"rotated": false,
	"trimmed": false,
	"spriteSourceSize": {"x":0,"y":0,"w":87,"h":40},
	"sourceSize": {"w":87,"h":40}
},
"landscape/activeJackpotPanel_2.png":
{
	"frame": {"x":1278,"y":1,"w":102,"h":40},
	"rotated": false,
	"trimmed": false,
	"spriteSourceSize": {"x":0,"y":0,"w":102,"h":40},
	"sourceSize": {"w":102,"h":40}
},
"landscape/activeJackpotPanel_3.png":
{
	"frame": {"x":1551,"y":1,"w":121,"h":40},
	"rotated": false,
	"trimmed": false,
	"spriteSourceSize": {"x":0,"y":0,"w":121,"h":40},
	"sourceSize": {"w":121,"h":40}
},
"landscape/activeJackpotPanel_4.png":
{
	"frame": {"x":985,"y":1,"w":142,"h":40},
	"rotated": false,
	"trimmed": false,
	"spriteSourceSize": {"x":0,"y":0,"w":142,"h":40},
	"sourceSize": {"w":142,"h":40}
},
"landscape/activeJackpotPanel_5.png":
{
	"frame": {"x":1382,"y":1,"w":167,"h":40},
	"rotated": false,
	"trimmed": false,
	"spriteSourceSize": {"x":0,"y":0,"w":167,"h":40},
	"sourceSize": {"w":167,"h":40}
},
"portrait/activeJackpotPanel_1.png":
{
	"frame": {"x":455,"y":1,"w":157,"h":37},
	"rotated": false,
	"trimmed": false,
	"spriteSourceSize": {"x":0,"y":0,"w":157,"h":37},
	"sourceSize": {"w":157,"h":37}
},
"portrait/activeJackpotPanel_2.png":
{
	"frame": {"x":614,"y":1,"w":175,"h":37},
	"rotated": false,
	"trimmed": false,
	"spriteSourceSize": {"x":0,"y":0,"w":175,"h":37},
	"sourceSize": {"w":175,"h":37}
},
"portrait/activeJackpotPanel_3.png":
{
	"frame": {"x":791,"y":1,"w":192,"h":37},
	"rotated": false,
	"trimmed": false,
	"spriteSourceSize": {"x":0,"y":0,"w":192,"h":37},
	"sourceSize": {"w":192,"h":37}
},
"portrait/activeJackpotPanel_4.png":
{
	"frame": {"x":231,"y":43,"w":264,"h":42},
	"rotated": false,
	"trimmed": false,
	"spriteSourceSize": {"x":0,"y":0,"w":264,"h":42},
	"sourceSize": {"w":264,"h":42}
},
"portrait/activeJackpotPanel_5.png":
{
	"frame": {"x":231,"y":43,"w":264,"h":42},
	"rotated": false,
	"trimmed": false,
	"spriteSourceSize": {"x":0,"y":0,"w":264,"h":42},
	"sourceSize": {"w":264,"h":42}
},
"reelsBackground_Landscape.png":
{
	"frame": {"x":537,"y":277,"w":848,"h":406},
	"rotated": false,
	"trimmed": false,
	"spriteSourceSize": {"x":0,"y":0,"w":848,"h":406},
	"sourceSize": {"w":848,"h":406}
},
"reelsBackground_Portrait.png":
{
	"frame": {"x":1,"y":277,"w":534,"h":294},
	"rotated": false,
	"trimmed": false,
	"spriteSourceSize": {"x":0,"y":0,"w":534,"h":294},
	"sourceSize": {"w":534,"h":294}
},
"spadePanel.png":
{
	"frame": {"x":1129,"y":1,"w":147,"h":40},
	"rotated": false,
	"trimmed": false,
	"spriteSourceSize": {"x":0,"y":0,"w":147,"h":40},
	"sourceSize": {"w":147,"h":40}
},
"spadePanel_portrait.png":
{
	"frame": {"x":497,"y":43,"w":264,"h":42},
	"rotated": false,
	"trimmed": false,
	"spriteSourceSize": {"x":0,"y":0,"w":264,"h":42},
	"sourceSize": {"w":264,"h":42}
}},
"meta": {
	"app": "https://www.codeandweb.com/texturepacker",
	"version": "1.0",
	"image": "mainResources.png",
	"format": "RGBA8888",
	"size": {"w":2048,"h":2048},
	"scale": "1",
	"smartupdate": "$TexturePacker:SmartUpdate:2f03e1b35f412ff06309b2e5d2a7c9f4:7f0ea52c56b546f435cbc949de2abffb:7d5d1343b619bb663b2898c3a4911c1c$"
}
}
