{"frames": {

"bulb.png":
{
	"frame": {"x":193,"y":1,"w":75,"h":522},
	"rotated": false,
	"trimmed": false,
	"spriteSourceSize": {"x":0,"y":0,"w":75,"h":522},
	"sourceSize": {"w":75,"h":522},
	"pivot": {"x":0.5,"y":0.5}
},
"efekt_switch_003.png":
{
	"frame": {"x":572,"y":1,"w":300,"h":300},
	"rotated": false,
	"trimmed": false,
	"spriteSourceSize": {"x":0,"y":0,"w":300,"h":300},
	"sourceSize": {"w":300,"h":300},
	"pivot": {"x":0.5,"y":0.5}
},
"efekt_switch_004.png":
{
	"frame": {"x":1,"y":525,"w":300,"h":300},
	"rotated": false,
	"trimmed": false,
	"spriteSourceSize": {"x":0,"y":0,"w":300,"h":300},
	"sourceSize": {"w":300,"h":300},
	"pivot": {"x":0.5,"y":0.5}
},
"efekt_switch_005.png":
{
	"frame": {"x":874,"y":1,"w":300,"h":300},
	"rotated": false,
	"trimmed": false,
	"spriteSourceSize": {"x":0,"y":0,"w":300,"h":300},
	"sourceSize": {"w":300,"h":300},
	"pivot": {"x":0.5,"y":0.5}
},
"efekt_switch_006.png":
{
	"frame": {"x":1478,"y":1,"w":300,"h":300},
	"rotated": false,
	"trimmed": false,
	"spriteSourceSize": {"x":0,"y":0,"w":300,"h":300},
	"sourceSize": {"w":300,"h":300},
	"pivot": {"x":0.5,"y":0.5}
},
"efekt_switch_007.png":
{
	"frame": {"x":1176,"y":1,"w":300,"h":300},
	"rotated": false,
	"trimmed": false,
	"spriteSourceSize": {"x":0,"y":0,"w":300,"h":300},
	"sourceSize": {"w":300,"h":300},
	"pivot": {"x":0.5,"y":0.5}
},
"efekt_switch_008.png":
{
	"frame": {"x":270,"y":1,"w":300,"h":300},
	"rotated": false,
	"trimmed": false,
	"spriteSourceSize": {"x":0,"y":0,"w":300,"h":300},
	"sourceSize": {"w":300,"h":300},
	"pivot": {"x":0.5,"y":0.5}
},
"efekt_switch_009.png":
{
	"frame": {"x":303,"y":525,"w":300,"h":300},
	"rotated": false,
	"trimmed": false,
	"spriteSourceSize": {"x":0,"y":0,"w":300,"h":300},
	"sourceSize": {"w":300,"h":300},
	"pivot": {"x":0.5,"y":0.5}
},
"efekt_switch_010.png":
{
	"frame": {"x":907,"y":525,"w":300,"h":300},
	"rotated": false,
	"trimmed": false,
	"spriteSourceSize": {"x":0,"y":0,"w":300,"h":300},
	"sourceSize": {"w":300,"h":300},
	"pivot": {"x":0.5,"y":0.5}
},
"efekt_switch_011.png":
{
	"frame": {"x":605,"y":525,"w":300,"h":300},
	"rotated": false,
	"trimmed": false,
	"spriteSourceSize": {"x":0,"y":0,"w":300,"h":300},
	"sourceSize": {"w":300,"h":300},
	"pivot": {"x":0.5,"y":0.5}
},
"efekt_switch_012.png":
{
	"frame": {"x":605,"y":525,"w":300,"h":300},
	"rotated": false,
	"trimmed": false,
	"spriteSourceSize": {"x":0,"y":0,"w":300,"h":300},
	"sourceSize": {"w":300,"h":300},
	"pivot": {"x":0.5,"y":0.5}
},
"sand_fall_loop_000.png":
{
	"frame": {"x":145,"y":1,"w":46,"h":490},
	"rotated": false,
	"trimmed": false,
	"spriteSourceSize": {"x":0,"y":0,"w":46,"h":490},
	"sourceSize": {"w":46,"h":490},
	"pivot": {"x":0.5,"y":0.5}
},
"sand_fall_loop_001.png":
{
	"frame": {"x":49,"y":1,"w":46,"h":490},
	"rotated": false,
	"trimmed": false,
	"spriteSourceSize": {"x":0,"y":0,"w":46,"h":490},
	"sourceSize": {"w":46,"h":490},
	"pivot": {"x":0.5,"y":0.5}
},
"sand_fall_loop_002.png":
{
	"frame": {"x":97,"y":1,"w":46,"h":490},
	"rotated": false,
	"trimmed": false,
	"spriteSourceSize": {"x":0,"y":0,"w":46,"h":490},
	"sourceSize": {"w":46,"h":490},
	"pivot": {"x":0.5,"y":0.5}
},
"sand_fall_loop_003.png":
{
	"frame": {"x":1,"y":1,"w":46,"h":490},
	"rotated": false,
	"trimmed": false,
	"spriteSourceSize": {"x":0,"y":0,"w":46,"h":490},
	"sourceSize": {"w":46,"h":490},
	"pivot": {"x":0.5,"y":0.5}
}},
"meta": {
	"app": "http://www.codeandweb.com/texturepacker",
	"version": "1.0",
	"image": "egyptQuestAnimationsPNG-1.png",
	"format": "RGBA8888",
	"size": {"w":2048,"h":2048},
	"scale": "1",
	"smartupdate": "$TexturePacker:SmartUpdate:3d5ae91e83e3b39ed4f3707fff2eecd2:3617d4c49a8f30af23d807a85c58a41c:219689f6f6be10aa175fa6c56e9dce90$"
}
}
