{"frames": {

"kolba_smqna_000.png":
{
	"frame": {"x":1,"y":1,"w":176,"h":548},
	"rotated": false,
	"trimmed": false,
	"spriteSourceSize": {"x":0,"y":0,"w":176,"h":548},
	"sourceSize": {"w":176,"h":548},
	"pivot": {"x":0.5,"y":0.5}
},
"kolba_smqna_001.png":
{
	"frame": {"x":179,"y":1,"w":176,"h":548},
	"rotated": false,
	"trimmed": false,
	"spriteSourceSize": {"x":0,"y":0,"w":176,"h":548},
	"sourceSize": {"w":176,"h":548},
	"pivot": {"x":0.5,"y":0.5}
},
"kolba_smqna_002.png":
{
	"frame": {"x":357,"y":1,"w":176,"h":548},
	"rotated": false,
	"trimmed": false,
	"spriteSourceSize": {"x":0,"y":0,"w":176,"h":548},
	"sourceSize": {"w":176,"h":548},
	"pivot": {"x":0.5,"y":0.5}
},
"kolba_smqna_003.png":
{
	"frame": {"x":535,"y":1,"w":176,"h":548},
	"rotated": false,
	"trimmed": false,
	"spriteSourceSize": {"x":0,"y":0,"w":176,"h":548},
	"sourceSize": {"w":176,"h":548},
	"pivot": {"x":0.5,"y":0.5}
},
"kolba_smqna_004.png":
{
	"frame": {"x":713,"y":1,"w":176,"h":548},
	"rotated": false,
	"trimmed": false,
	"spriteSourceSize": {"x":0,"y":0,"w":176,"h":548},
	"sourceSize": {"w":176,"h":548},
	"pivot": {"x":0.5,"y":0.5}
},
"kolba_smqna_005.png":
{
	"frame": {"x":891,"y":1,"w":176,"h":548},
	"rotated": false,
	"trimmed": false,
	"spriteSourceSize": {"x":0,"y":0,"w":176,"h":548},
	"sourceSize": {"w":176,"h":548},
	"pivot": {"x":0.5,"y":0.5}
},
"kolba_smqna_006.png":
{
	"frame": {"x":1069,"y":1,"w":176,"h":548},
	"rotated": false,
	"trimmed": false,
	"spriteSourceSize": {"x":0,"y":0,"w":176,"h":548},
	"sourceSize": {"w":176,"h":548},
	"pivot": {"x":0.5,"y":0.5}
},
"kolba_smqna_007.png":
{
	"frame": {"x":1247,"y":1,"w":176,"h":548},
	"rotated": false,
	"trimmed": false,
	"spriteSourceSize": {"x":0,"y":0,"w":176,"h":548},
	"sourceSize": {"w":176,"h":548},
	"pivot": {"x":0.5,"y":0.5}
},
"kolba_smqna_008.png":
{
	"frame": {"x":1425,"y":1,"w":176,"h":548},
	"rotated": false,
	"trimmed": false,
	"spriteSourceSize": {"x":0,"y":0,"w":176,"h":548},
	"sourceSize": {"w":176,"h":548},
	"pivot": {"x":0.5,"y":0.5}
},
"kolba_smqna_009.png":
{
	"frame": {"x":1603,"y":1,"w":176,"h":548},
	"rotated": false,
	"trimmed": false,
	"spriteSourceSize": {"x":0,"y":0,"w":176,"h":548},
	"sourceSize": {"w":176,"h":548},
	"pivot": {"x":0.5,"y":0.5}
},
"kolba_smqna_010.png":
{
	"frame": {"x":1781,"y":1,"w":176,"h":548},
	"rotated": false,
	"trimmed": false,
	"spriteSourceSize": {"x":0,"y":0,"w":176,"h":548},
	"sourceSize": {"w":176,"h":548},
	"pivot": {"x":0.5,"y":0.5}
},
"kolba_smqna_011.png":
{
	"frame": {"x":1,"y":551,"w":176,"h":548},
	"rotated": false,
	"trimmed": false,
	"spriteSourceSize": {"x":0,"y":0,"w":176,"h":548},
	"sourceSize": {"w":176,"h":548},
	"pivot": {"x":0.5,"y":0.5}
},
"kolba_smqna_012.png":
{
	"frame": {"x":179,"y":551,"w":176,"h":548},
	"rotated": false,
	"trimmed": false,
	"spriteSourceSize": {"x":0,"y":0,"w":176,"h":548},
	"sourceSize": {"w":176,"h":548},
	"pivot": {"x":0.5,"y":0.5}
},
"kolba_smqna_013.png":
{
	"frame": {"x":357,"y":551,"w":176,"h":548},
	"rotated": false,
	"trimmed": false,
	"spriteSourceSize": {"x":0,"y":0,"w":176,"h":548},
	"sourceSize": {"w":176,"h":548},
	"pivot": {"x":0.5,"y":0.5}
},
"sand-static.png":
{
	"frame": {"x":535,"y":551,"w":36,"h":481},
	"rotated": false,
	"trimmed": false,
	"spriteSourceSize": {"x":0,"y":0,"w":36,"h":481},
	"sourceSize": {"w":36,"h":481},
	"pivot": {"x":0.5,"y":0.5}
}},
"meta": {
	"app": "http://www.codeandweb.com/texturepacker",
	"version": "1.0",
	"image": "egyptQuestAnimationsJPG.jpg",
	"format": "RGBA8888",
	"size": {"w":2048,"h":2048},
	"scale": "1",
	"smartupdate": "$TexturePacker:SmartUpdate:c8c81b6713f30784c6c8da464ff8b994:72c011d3fe4d1644e933d5976b59f220:bdf6b9159ca069bd8b37985442a95959$"
}
}
