{"frames": {

"01_000.png":
{
	"frame": {"x":1093,"y":1,"w":19,"h":35},
	"rotated": false,
	"trimmed": true,
	"spriteSourceSize": {"x":7,"y":17,"w":19,"h":35},
	"sourceSize": {"w":26,"h":52},
	"pivot": {"x":0.5,"y":0.5}
},
"01_001.png":
{
	"frame": {"x":1281,"y":1,"w":19,"h":35},
	"rotated": false,
	"trimmed": true,
	"spriteSourceSize": {"x":7,"y":17,"w":19,"h":35},
	"sourceSize": {"w":26,"h":52},
	"pivot": {"x":0.5,"y":0.5}
},
"01_002.png":
{
	"frame": {"x":1046,"y":1,"w":19,"h":35},
	"rotated": false,
	"trimmed": true,
	"spriteSourceSize": {"x":7,"y":17,"w":19,"h":35},
	"sourceSize": {"w":26,"h":52},
	"pivot": {"x":0.5,"y":0.5}
},
"01_003.png":
{
	"frame": {"x":1421,"y":1,"w":19,"h":35},
	"rotated": false,
	"trimmed": true,
	"spriteSourceSize": {"x":7,"y":17,"w":19,"h":35},
	"sourceSize": {"w":26,"h":52},
	"pivot": {"x":0.5,"y":0.5}
},
"01_004.png":
{
	"frame": {"x":1302,"y":1,"w":19,"h":35},
	"rotated": false,
	"trimmed": true,
	"spriteSourceSize": {"x":7,"y":17,"w":19,"h":35},
	"sourceSize": {"w":26,"h":52},
	"pivot": {"x":0.5,"y":0.5}
},
"01_005.png":
{
	"frame": {"x":1372,"y":1,"w":19,"h":35},
	"rotated": false,
	"trimmed": true,
	"spriteSourceSize": {"x":7,"y":17,"w":19,"h":35},
	"sourceSize": {"w":26,"h":52},
	"pivot": {"x":0.5,"y":0.5}
},
"01_006.png":
{
	"frame": {"x":1350,"y":1,"w":20,"h":35},
	"rotated": false,
	"trimmed": true,
	"spriteSourceSize": {"x":6,"y":17,"w":20,"h":35},
	"sourceSize": {"w":26,"h":52},
	"pivot": {"x":0.5,"y":0.5}
},
"01_007.png":
{
	"frame": {"x":492,"y":38,"w":20,"h":38},
	"rotated": false,
	"trimmed": true,
	"spriteSourceSize": {"x":6,"y":14,"w":20,"h":38},
	"sourceSize": {"w":26,"h":52},
	"pivot": {"x":0.5,"y":0.5}
},
"01_008.png":
{
	"frame": {"x":625,"y":38,"w":21,"h":39},
	"rotated": false,
	"trimmed": true,
	"spriteSourceSize": {"x":5,"y":13,"w":21,"h":39},
	"sourceSize": {"w":26,"h":52},
	"pivot": {"x":0.5,"y":0.5}
},
"01_009.png":
{
	"frame": {"x":1456,"y":38,"w":22,"h":41},
	"rotated": false,
	"trimmed": true,
	"spriteSourceSize": {"x":4,"y":11,"w":22,"h":41},
	"sourceSize": {"w":26,"h":52},
	"pivot": {"x":0.5,"y":0.5}
},
"01_010.png":
{
	"frame": {"x":2007,"y":174,"w":23,"h":46},
	"rotated": false,
	"trimmed": true,
	"spriteSourceSize": {"x":3,"y":6,"w":23,"h":46},
	"sourceSize": {"w":26,"h":52},
	"pivot": {"x":0.5,"y":0.5}
},
"01_011.png":
{
	"frame": {"x":1772,"y":271,"w":25,"h":48},
	"rotated": false,
	"trimmed": true,
	"spriteSourceSize": {"x":1,"y":3,"w":25,"h":48},
	"sourceSize": {"w":26,"h":52},
	"pivot": {"x":0.5,"y":0.5}
},
"01_012.png":
{
	"frame": {"x":1868,"y":271,"w":25,"h":48},
	"rotated": false,
	"trimmed": true,
	"spriteSourceSize": {"x":1,"y":0,"w":25,"h":48},
	"sourceSize": {"w":26,"h":52},
	"pivot": {"x":0.5,"y":0.5}
},
"01_013.png":
{
	"frame": {"x":1744,"y":271,"w":26,"h":48},
	"rotated": false,
	"trimmed": true,
	"spriteSourceSize": {"x":0,"y":0,"w":26,"h":48},
	"sourceSize": {"w":26,"h":52},
	"pivot": {"x":0.5,"y":0.5}
},
"01_014.png":
{
	"frame": {"x":1922,"y":127,"w":26,"h":45},
	"rotated": false,
	"trimmed": true,
	"spriteSourceSize": {"x":0,"y":0,"w":26,"h":45},
	"sourceSize": {"w":26,"h":52},
	"pivot": {"x":0.5,"y":0.5}
},
"01_015.png":
{
	"frame": {"x":972,"y":38,"w":25,"h":40},
	"rotated": false,
	"trimmed": true,
	"spriteSourceSize": {"x":1,"y":0,"w":25,"h":40},
	"sourceSize": {"w":26,"h":52},
	"pivot": {"x":0.5,"y":0.5}
},
"01_016.png":
{
	"frame": {"x":514,"y":38,"w":24,"h":39},
	"rotated": false,
	"trimmed": true,
	"spriteSourceSize": {"x":1,"y":1,"w":24,"h":39},
	"sourceSize": {"w":26,"h":52},
	"pivot": {"x":0.5,"y":0.5}
},
"01_017.png":
{
	"frame": {"x":849,"y":1,"w":24,"h":34},
	"rotated": false,
	"trimmed": true,
	"spriteSourceSize": {"x":1,"y":2,"w":24,"h":34},
	"sourceSize": {"w":26,"h":52},
	"pivot": {"x":0.5,"y":0.5}
},
"01_018.png":
{
	"frame": {"x":772,"y":1,"w":19,"h":34},
	"rotated": false,
	"trimmed": true,
	"spriteSourceSize": {"x":3,"y":2,"w":19,"h":34},
	"sourceSize": {"w":26,"h":52},
	"pivot": {"x":0.5,"y":0.5}
},
"02_000.png":
{
	"frame": {"x":236,"y":38,"w":26,"h":36},
	"rotated": false,
	"trimmed": true,
	"spriteSourceSize": {"x":7,"y":16,"w":26,"h":36},
	"sourceSize": {"w":33,"h":52},
	"pivot": {"x":0.5,"y":0.5}
},
"02_001.png":
{
	"frame": {"x":208,"y":38,"w":26,"h":36},
	"rotated": false,
	"trimmed": true,
	"spriteSourceSize": {"x":7,"y":16,"w":26,"h":36},
	"sourceSize": {"w":33,"h":52},
	"pivot": {"x":0.5,"y":0.5}
},
"02_002.png":
{
	"frame": {"x":180,"y":38,"w":26,"h":36},
	"rotated": false,
	"trimmed": true,
	"spriteSourceSize": {"x":7,"y":16,"w":26,"h":36},
	"sourceSize": {"w":33,"h":52},
	"pivot": {"x":0.5,"y":0.5}
},
"02_003.png":
{
	"frame": {"x":1,"y":38,"w":27,"h":36},
	"rotated": false,
	"trimmed": true,
	"spriteSourceSize": {"x":6,"y":16,"w":27,"h":36},
	"sourceSize": {"w":33,"h":52},
	"pivot": {"x":0.5,"y":0.5}
},
"02_004.png":
{
	"frame": {"x":119,"y":38,"w":27,"h":36},
	"rotated": false,
	"trimmed": true,
	"spriteSourceSize": {"x":6,"y":16,"w":27,"h":36},
	"sourceSize": {"w":33,"h":52},
	"pivot": {"x":0.5,"y":0.5}
},
"02_005.png":
{
	"frame": {"x":89,"y":38,"w":28,"h":36},
	"rotated": false,
	"trimmed": true,
	"spriteSourceSize": {"x":5,"y":16,"w":28,"h":36},
	"sourceSize": {"w":33,"h":52},
	"pivot": {"x":0.5,"y":0.5}
},
"02_006.png":
{
	"frame": {"x":293,"y":38,"w":28,"h":37},
	"rotated": false,
	"trimmed": true,
	"spriteSourceSize": {"x":5,"y":15,"w":28,"h":37},
	"sourceSize": {"w":33,"h":52},
	"pivot": {"x":0.5,"y":0.5}
},
"02_007.png":
{
	"frame": {"x":1063,"y":38,"w":30,"h":40},
	"rotated": false,
	"trimmed": true,
	"spriteSourceSize": {"x":3,"y":12,"w":30,"h":40},
	"sourceSize": {"w":33,"h":52},
	"pivot": {"x":0.5,"y":0.5}
},
"02_008.png":
{
	"frame": {"x":1969,"y":38,"w":31,"h":42},
	"rotated": false,
	"trimmed": true,
	"spriteSourceSize": {"x":2,"y":10,"w":31,"h":42},
	"sourceSize": {"w":33,"h":52},
	"pivot": {"x":0.5,"y":0.5}
},
"02_009.png":
{
	"frame": {"x":1963,"y":222,"w":32,"h":47},
	"rotated": false,
	"trimmed": true,
	"spriteSourceSize": {"x":1,"y":5,"w":32,"h":47},
	"sourceSize": {"w":33,"h":52},
	"pivot": {"x":0.5,"y":0.5}
},
"02_010.png":
{
	"frame": {"x":810,"y":321,"w":32,"h":51},
	"rotated": false,
	"trimmed": true,
	"spriteSourceSize": {"x":1,"y":1,"w":32,"h":51},
	"sourceSize": {"w":33,"h":52},
	"pivot": {"x":0.5,"y":0.5}
},
"02_011.png":
{
	"frame": {"x":939,"y":321,"w":33,"h":52},
	"rotated": false,
	"trimmed": false,
	"spriteSourceSize": {"x":0,"y":0,"w":33,"h":52},
	"sourceSize": {"w":33,"h":52},
	"pivot": {"x":0.5,"y":0.5}
},
"02_012.png":
{
	"frame": {"x":609,"y":321,"w":33,"h":49},
	"rotated": false,
	"trimmed": true,
	"spriteSourceSize": {"x":0,"y":0,"w":33,"h":49},
	"sourceSize": {"w":33,"h":52},
	"pivot": {"x":0.5,"y":0.5}
},
"02_013.png":
{
	"frame": {"x":1833,"y":271,"w":33,"h":48},
	"rotated": false,
	"trimmed": true,
	"spriteSourceSize": {"x":0,"y":0,"w":33,"h":48},
	"sourceSize": {"w":33,"h":52},
	"pivot": {"x":0.5,"y":0.5}
},
"02_014.png":
{
	"frame": {"x":1895,"y":271,"w":32,"h":48},
	"rotated": false,
	"trimmed": true,
	"spriteSourceSize": {"x":0,"y":0,"w":32,"h":48},
	"sourceSize": {"w":33,"h":52},
	"pivot": {"x":0.5,"y":0.5}
},
"02_015.png":
{
	"frame": {"x":1852,"y":82,"w":31,"h":43},
	"rotated": false,
	"trimmed": true,
	"spriteSourceSize": {"x":0,"y":0,"w":31,"h":43},
	"sourceSize": {"w":33,"h":52},
	"pivot": {"x":0.5,"y":0.5}
},
"02_016.png":
{
	"frame": {"x":1212,"y":38,"w":30,"h":40},
	"rotated": false,
	"trimmed": true,
	"spriteSourceSize": {"x":1,"y":0,"w":30,"h":40},
	"sourceSize": {"w":33,"h":52},
	"pivot": {"x":0.5,"y":0.5}
},
"02_017.png":
{
	"frame": {"x":790,"y":38,"w":28,"h":39},
	"rotated": false,
	"trimmed": true,
	"spriteSourceSize": {"x":3,"y":1,"w":28,"h":39},
	"sourceSize": {"w":33,"h":52},
	"pivot": {"x":0.5,"y":0.5}
},
"02_018.png":
{
	"frame": {"x":1067,"y":1,"w":24,"h":35},
	"rotated": false,
	"trimmed": true,
	"spriteSourceSize": {"x":5,"y":1,"w":24,"h":35},
	"sourceSize": {"w":33,"h":52},
	"pivot": {"x":0.5,"y":0.5}
},
"03_000.png":
{
	"frame": {"x":1393,"y":1,"w":26,"h":35},
	"rotated": false,
	"trimmed": true,
	"spriteSourceSize": {"x":6,"y":17,"w":26,"h":35},
	"sourceSize": {"w":32,"h":52},
	"pivot": {"x":0.5,"y":0.5}
},
"03_001.png":
{
	"frame": {"x":1254,"y":1,"w":25,"h":35},
	"rotated": false,
	"trimmed": true,
	"spriteSourceSize": {"x":7,"y":17,"w":25,"h":35},
	"sourceSize": {"w":32,"h":52},
	"pivot": {"x":0.5,"y":0.5}
},
"03_002.png":
{
	"frame": {"x":1442,"y":1,"w":25,"h":35},
	"rotated": false,
	"trimmed": true,
	"spriteSourceSize": {"x":7,"y":17,"w":25,"h":35},
	"sourceSize": {"w":32,"h":52},
	"pivot": {"x":0.5,"y":0.5}
},
"03_003.png":
{
	"frame": {"x":903,"y":1,"w":26,"h":34},
	"rotated": false,
	"trimmed": true,
	"spriteSourceSize": {"x":6,"y":18,"w":26,"h":34},
	"sourceSize": {"w":32,"h":52},
	"pivot": {"x":0.5,"y":0.5}
},
"03_004.png":
{
	"frame": {"x":931,"y":1,"w":27,"h":34},
	"rotated": false,
	"trimmed": true,
	"spriteSourceSize": {"x":5,"y":18,"w":27,"h":34},
	"sourceSize": {"w":32,"h":52},
	"pivot": {"x":0.5,"y":0.5}
},
"03_005.png":
{
	"frame": {"x":1142,"y":1,"w":27,"h":35},
	"rotated": false,
	"trimmed": true,
	"spriteSourceSize": {"x":5,"y":17,"w":27,"h":35},
	"sourceSize": {"w":32,"h":52},
	"pivot": {"x":0.5,"y":0.5}
},
"03_006.png":
{
	"frame": {"x":30,"y":38,"w":28,"h":36},
	"rotated": false,
	"trimmed": true,
	"spriteSourceSize": {"x":4,"y":16,"w":28,"h":36},
	"sourceSize": {"w":32,"h":52},
	"pivot": {"x":0.5,"y":0.5}
},
"03_007.png":
{
	"frame": {"x":434,"y":38,"w":29,"h":38},
	"rotated": false,
	"trimmed": true,
	"spriteSourceSize": {"x":3,"y":14,"w":29,"h":38},
	"sourceSize": {"w":32,"h":52},
	"pivot": {"x":0.5,"y":0.5}
},
"03_008.png":
{
	"frame": {"x":1244,"y":38,"w":29,"h":40},
	"rotated": false,
	"trimmed": true,
	"spriteSourceSize": {"x":3,"y":12,"w":29,"h":40},
	"sourceSize": {"w":32,"h":52},
	"pivot": {"x":0.5,"y":0.5}
},
"03_009.png":
{
	"frame": {"x":1711,"y":127,"w":29,"h":45},
	"rotated": false,
	"trimmed": true,
	"spriteSourceSize": {"x":3,"y":7,"w":29,"h":45},
	"sourceSize": {"w":32,"h":52},
	"pivot": {"x":0.5,"y":0.5}
},
"03_010.png":
{
	"frame": {"x":677,"y":321,"w":32,"h":49},
	"rotated": false,
	"trimmed": true,
	"spriteSourceSize": {"x":0,"y":3,"w":32,"h":49},
	"sourceSize": {"w":32,"h":52},
	"pivot": {"x":0.5,"y":0.5}
},
"03_011.png":
{
	"frame": {"x":906,"y":321,"w":31,"h":51},
	"rotated": false,
	"trimmed": true,
	"spriteSourceSize": {"x":1,"y":1,"w":31,"h":51},
	"sourceSize": {"w":32,"h":52},
	"pivot": {"x":0.5,"y":0.5}
},
"03_012.png":
{
	"frame": {"x":447,"y":321,"w":32,"h":48},
	"rotated": false,
	"trimmed": true,
	"spriteSourceSize": {"x":0,"y":0,"w":32,"h":48},
	"sourceSize": {"w":32,"h":52},
	"pivot": {"x":0.5,"y":0.5}
},
"03_013.png":
{
	"frame": {"x":413,"y":321,"w":32,"h":48},
	"rotated": false,
	"trimmed": true,
	"spriteSourceSize": {"x":0,"y":0,"w":32,"h":48},
	"sourceSize": {"w":32,"h":52},
	"pivot": {"x":0.5,"y":0.5}
},
"03_014.png":
{
	"frame": {"x":1950,"y":127,"w":31,"h":45},
	"rotated": false,
	"trimmed": true,
	"spriteSourceSize": {"x":1,"y":0,"w":31,"h":45},
	"sourceSize": {"w":32,"h":52},
	"pivot": {"x":0.5,"y":0.5}
},
"03_015.png":
{
	"frame": {"x":1327,"y":38,"w":30,"h":41},
	"rotated": false,
	"trimmed": true,
	"spriteSourceSize": {"x":1,"y":0,"w":30,"h":41},
	"sourceSize": {"w":32,"h":52},
	"pivot": {"x":0.5,"y":0.5}
},
"03_016.png":
{
	"frame": {"x":700,"y":38,"w":27,"h":39},
	"rotated": false,
	"trimmed": true,
	"spriteSourceSize": {"x":3,"y":1,"w":27,"h":39},
	"sourceSize": {"w":32,"h":52},
	"pivot": {"x":0.5,"y":0.5}
},
"03_017.png":
{
	"frame": {"x":821,"y":1,"w":26,"h":34},
	"rotated": false,
	"trimmed": true,
	"spriteSourceSize": {"x":4,"y":3,"w":26,"h":34},
	"sourceSize": {"w":32,"h":52},
	"pivot": {"x":0.5,"y":0.5}
},
"03_018.png":
{
	"frame": {"x":691,"y":1,"w":25,"h":33},
	"rotated": false,
	"trimmed": true,
	"spriteSourceSize": {"x":4,"y":3,"w":25,"h":33},
	"sourceSize": {"w":32,"h":52},
	"pivot": {"x":0.5,"y":0.5}
},
"04_000.png":
{
	"frame": {"x":1585,"y":1,"w":28,"h":35},
	"rotated": false,
	"trimmed": true,
	"spriteSourceSize": {"x":5,"y":17,"w":28,"h":35},
	"sourceSize": {"w":33,"h":52},
	"pivot": {"x":0.5,"y":0.5}
},
"04_001.png":
{
	"frame": {"x":1497,"y":1,"w":27,"h":35},
	"rotated": false,
	"trimmed": true,
	"spriteSourceSize": {"x":6,"y":17,"w":27,"h":35},
	"sourceSize": {"w":33,"h":52},
	"pivot": {"x":0.5,"y":0.5}
},
"04_002.png":
{
	"frame": {"x":1986,"y":1,"w":28,"h":35},
	"rotated": false,
	"trimmed": true,
	"spriteSourceSize": {"x":5,"y":17,"w":28,"h":35},
	"sourceSize": {"w":33,"h":52},
	"pivot": {"x":0.5,"y":0.5}
},
"04_003.png":
{
	"frame": {"x":1526,"y":1,"w":28,"h":35},
	"rotated": false,
	"trimmed": true,
	"spriteSourceSize": {"x":5,"y":17,"w":28,"h":35},
	"sourceSize": {"w":33,"h":52},
	"pivot": {"x":0.5,"y":0.5}
},
"04_004.png":
{
	"frame": {"x":1676,"y":1,"w":29,"h":35},
	"rotated": false,
	"trimmed": true,
	"spriteSourceSize": {"x":4,"y":17,"w":29,"h":35},
	"sourceSize": {"w":33,"h":52},
	"pivot": {"x":0.5,"y":0.5}
},
"04_005.png":
{
	"frame": {"x":1707,"y":1,"w":29,"h":35},
	"rotated": false,
	"trimmed": true,
	"spriteSourceSize": {"x":4,"y":17,"w":29,"h":35},
	"sourceSize": {"w":33,"h":52},
	"pivot": {"x":0.5,"y":0.5}
},
"04_006.png":
{
	"frame": {"x":1615,"y":1,"w":30,"h":35},
	"rotated": false,
	"trimmed": true,
	"spriteSourceSize": {"x":3,"y":17,"w":30,"h":35},
	"sourceSize": {"w":33,"h":52},
	"pivot": {"x":0.5,"y":0.5}
},
"04_007.png":
{
	"frame": {"x":148,"y":38,"w":30,"h":36},
	"rotated": false,
	"trimmed": true,
	"spriteSourceSize": {"x":3,"y":16,"w":30,"h":36},
	"sourceSize": {"w":33,"h":52},
	"pivot": {"x":0.5,"y":0.5}
},
"04_008.png":
{
	"frame": {"x":540,"y":38,"w":31,"h":39},
	"rotated": false,
	"trimmed": true,
	"spriteSourceSize": {"x":2,"y":13,"w":31,"h":39},
	"sourceSize": {"w":33,"h":52},
	"pivot": {"x":0.5,"y":0.5}
},
"04_009.png":
{
	"frame": {"x":1359,"y":38,"w":31,"h":41},
	"rotated": false,
	"trimmed": true,
	"spriteSourceSize": {"x":2,"y":11,"w":31,"h":41},
	"sourceSize": {"w":33,"h":52},
	"pivot": {"x":0.5,"y":0.5}
},
"04_010.png":
{
	"frame": {"x":1644,"y":82,"w":33,"h":43},
	"rotated": false,
	"trimmed": true,
	"spriteSourceSize": {"x":0,"y":9,"w":33,"h":43},
	"sourceSize": {"w":33,"h":52},
	"pivot": {"x":0.5,"y":0.5}
},
"04_011.png":
{
	"frame": {"x":1382,"y":271,"w":33,"h":47},
	"rotated": false,
	"trimmed": true,
	"spriteSourceSize": {"x":0,"y":4,"w":33,"h":47},
	"sourceSize": {"w":33,"h":52},
	"pivot": {"x":0.5,"y":0.5}
},
"04_012.png":
{
	"frame": {"x":274,"y":321,"w":33,"h":48},
	"rotated": false,
	"trimmed": true,
	"spriteSourceSize": {"x":0,"y":1,"w":33,"h":48},
	"sourceSize": {"w":33,"h":52},
	"pivot": {"x":0.5,"y":0.5}
},
"04_013.png":
{
	"frame": {"x":378,"y":321,"w":33,"h":48},
	"rotated": false,
	"trimmed": true,
	"spriteSourceSize": {"x":0,"y":0,"w":33,"h":48},
	"sourceSize": {"w":33,"h":52},
	"pivot": {"x":0.5,"y":0.5}
},
"04_014.png":
{
	"frame": {"x":343,"y":321,"w":33,"h":48},
	"rotated": false,
	"trimmed": true,
	"spriteSourceSize": {"x":0,"y":0,"w":33,"h":48},
	"sourceSize": {"w":33,"h":52},
	"pivot": {"x":0.5,"y":0.5}
},
"04_015.png":
{
	"frame": {"x":999,"y":38,"w":30,"h":40},
	"rotated": false,
	"trimmed": true,
	"spriteSourceSize": {"x":2,"y":0,"w":30,"h":40},
	"sourceSize": {"w":33,"h":52},
	"pivot": {"x":0.5,"y":0.5}
},
"04_016.png":
{
	"frame": {"x":882,"y":38,"w":29,"h":40},
	"rotated": false,
	"trimmed": true,
	"spriteSourceSize": {"x":2,"y":0,"w":29,"h":40},
	"sourceSize": {"w":33,"h":52},
	"pivot": {"x":0.5,"y":0.5}
},
"04_017.png":
{
	"frame": {"x":465,"y":38,"w":25,"h":38},
	"rotated": false,
	"trimmed": true,
	"spriteSourceSize": {"x":5,"y":2,"w":25,"h":38},
	"sourceSize": {"w":33,"h":52},
	"pivot": {"x":0.5,"y":0.5}
},
"04_018.png":
{
	"frame": {"x":1018,"y":1,"w":26,"h":34},
	"rotated": false,
	"trimmed": true,
	"spriteSourceSize": {"x":4,"y":2,"w":26,"h":34},
	"sourceSize": {"w":33,"h":52},
	"pivot": {"x":0.5,"y":0.5}
},
"05_000.png":
{
	"frame": {"x":1958,"y":1,"w":26,"h":35},
	"rotated": false,
	"trimmed": true,
	"spriteSourceSize": {"x":5,"y":17,"w":26,"h":35},
	"sourceSize": {"w":31,"h":52},
	"pivot": {"x":0.5,"y":0.5}
},
"05_001.png":
{
	"frame": {"x":1793,"y":1,"w":26,"h":35},
	"rotated": false,
	"trimmed": true,
	"spriteSourceSize": {"x":5,"y":17,"w":26,"h":35},
	"sourceSize": {"w":31,"h":52},
	"pivot": {"x":0.5,"y":0.5}
},
"05_002.png":
{
	"frame": {"x":1323,"y":1,"w":25,"h":35},
	"rotated": false,
	"trimmed": true,
	"spriteSourceSize": {"x":6,"y":17,"w":25,"h":35},
	"sourceSize": {"w":31,"h":52},
	"pivot": {"x":0.5,"y":0.5}
},
"05_003.png":
{
	"frame": {"x":1227,"y":1,"w":25,"h":35},
	"rotated": false,
	"trimmed": true,
	"spriteSourceSize": {"x":6,"y":17,"w":25,"h":35},
	"sourceSize": {"w":31,"h":52},
	"pivot": {"x":0.5,"y":0.5}
},
"05_004.png":
{
	"frame": {"x":1114,"y":1,"w":26,"h":35},
	"rotated": false,
	"trimmed": true,
	"spriteSourceSize": {"x":5,"y":17,"w":26,"h":35},
	"sourceSize": {"w":31,"h":52},
	"pivot": {"x":0.5,"y":0.5}
},
"05_005.png":
{
	"frame": {"x":1199,"y":1,"w":26,"h":35},
	"rotated": false,
	"trimmed": true,
	"spriteSourceSize": {"x":5,"y":17,"w":26,"h":35},
	"sourceSize": {"w":31,"h":52},
	"pivot": {"x":0.5,"y":0.5}
},
"05_006.png":
{
	"frame": {"x":375,"y":38,"w":27,"h":37},
	"rotated": false,
	"trimmed": true,
	"spriteSourceSize": {"x":4,"y":15,"w":27,"h":37},
	"sourceSize": {"w":31,"h":52},
	"pivot": {"x":0.5,"y":0.5}
},
"05_007.png":
{
	"frame": {"x":729,"y":38,"w":28,"h":39},
	"rotated": false,
	"trimmed": true,
	"spriteSourceSize": {"x":3,"y":13,"w":28,"h":39},
	"sourceSize": {"w":31,"h":52},
	"pivot": {"x":0.5,"y":0.5}
},
"05_008.png":
{
	"frame": {"x":1128,"y":38,"w":30,"h":40},
	"rotated": false,
	"trimmed": true,
	"spriteSourceSize": {"x":1,"y":12,"w":30,"h":40},
	"sourceSize": {"w":31,"h":52},
	"pivot": {"x":0.5,"y":0.5}
},
"05_009.png":
{
	"frame": {"x":447,"y":271,"w":29,"h":47},
	"rotated": false,
	"trimmed": true,
	"spriteSourceSize": {"x":2,"y":5,"w":29,"h":47},
	"sourceSize": {"w":31,"h":52},
	"pivot": {"x":0.5,"y":0.5}
},
"05_010.png":
{
	"frame": {"x":778,"y":321,"w":30,"h":50},
	"rotated": false,
	"trimmed": true,
	"spriteSourceSize": {"x":1,"y":2,"w":30,"h":50},
	"sourceSize": {"w":31,"h":52},
	"pivot": {"x":0.5,"y":0.5}
},
"05_011.png":
{
	"frame": {"x":644,"y":321,"w":31,"h":49},
	"rotated": false,
	"trimmed": true,
	"spriteSourceSize": {"x":0,"y":1,"w":31,"h":49},
	"sourceSize": {"w":31,"h":52},
	"pivot": {"x":0.5,"y":0.5}
},
"05_012.png":
{
	"frame": {"x":481,"y":321,"w":31,"h":48},
	"rotated": false,
	"trimmed": true,
	"spriteSourceSize": {"x":0,"y":0,"w":31,"h":48},
	"sourceSize": {"w":31,"h":52},
	"pivot": {"x":0.5,"y":0.5}
},
"05_013.png":
{
	"frame": {"x":1711,"y":271,"w":31,"h":47},
	"rotated": false,
	"trimmed": true,
	"spriteSourceSize": {"x":0,"y":0,"w":31,"h":47},
	"sourceSize": {"w":31,"h":52},
	"pivot": {"x":0.5,"y":0.5}
},
"05_014.png":
{
	"frame": {"x":1211,"y":127,"w":31,"h":44},
	"rotated": false,
	"trimmed": true,
	"spriteSourceSize": {"x":0,"y":0,"w":31,"h":44},
	"sourceSize": {"w":31,"h":52},
	"pivot": {"x":0.5,"y":0.5}
},
"05_015.png":
{
	"frame": {"x":913,"y":38,"w":30,"h":40},
	"rotated": false,
	"trimmed": true,
	"spriteSourceSize": {"x":0,"y":0,"w":30,"h":40},
	"sourceSize": {"w":31,"h":52},
	"pivot": {"x":0.5,"y":0.5}
},
"05_016.png":
{
	"frame": {"x":820,"y":38,"w":28,"h":39},
	"rotated": false,
	"trimmed": true,
	"spriteSourceSize": {"x":1,"y":1,"w":28,"h":39},
	"sourceSize": {"w":31,"h":52},
	"pivot": {"x":0.5,"y":0.5}
},
"05_017.png":
{
	"frame": {"x":988,"y":1,"w":28,"h":34},
	"rotated": false,
	"trimmed": true,
	"spriteSourceSize": {"x":0,"y":2,"w":28,"h":34},
	"sourceSize": {"w":31,"h":52},
	"pivot": {"x":0.5,"y":0.5}
},
"05_018.png":
{
	"frame": {"x":612,"y":1,"w":25,"h":32},
	"rotated": false,
	"trimmed": true,
	"spriteSourceSize": {"x":3,"y":3,"w":25,"h":32},
	"sourceSize": {"w":31,"h":52},
	"pivot": {"x":0.5,"y":0.5}
},
"06_000.png":
{
	"frame": {"x":1765,"y":1,"w":26,"h":35},
	"rotated": false,
	"trimmed": true,
	"spriteSourceSize": {"x":7,"y":17,"w":26,"h":35},
	"sourceSize": {"w":33,"h":52},
	"pivot": {"x":0.5,"y":0.5}
},
"06_001.png":
{
	"frame": {"x":2016,"y":1,"w":26,"h":35},
	"rotated": false,
	"trimmed": true,
	"spriteSourceSize": {"x":7,"y":17,"w":26,"h":35},
	"sourceSize": {"w":33,"h":52},
	"pivot": {"x":0.5,"y":0.5}
},
"06_002.png":
{
	"frame": {"x":1821,"y":1,"w":26,"h":35},
	"rotated": false,
	"trimmed": true,
	"spriteSourceSize": {"x":7,"y":17,"w":26,"h":35},
	"sourceSize": {"w":33,"h":52},
	"pivot": {"x":0.5,"y":0.5}
},
"06_003.png":
{
	"frame": {"x":1849,"y":1,"w":26,"h":35},
	"rotated": false,
	"trimmed": true,
	"spriteSourceSize": {"x":7,"y":17,"w":26,"h":35},
	"sourceSize": {"w":33,"h":52},
	"pivot": {"x":0.5,"y":0.5}
},
"06_004.png":
{
	"frame": {"x":1877,"y":1,"w":27,"h":35},
	"rotated": false,
	"trimmed": true,
	"spriteSourceSize": {"x":6,"y":17,"w":27,"h":35},
	"sourceSize": {"w":33,"h":52},
	"pivot": {"x":0.5,"y":0.5}
},
"06_005.png":
{
	"frame": {"x":1556,"y":1,"w":27,"h":35},
	"rotated": false,
	"trimmed": true,
	"spriteSourceSize": {"x":6,"y":17,"w":27,"h":35},
	"sourceSize": {"w":33,"h":52},
	"pivot": {"x":0.5,"y":0.5}
},
"06_006.png":
{
	"frame": {"x":60,"y":38,"w":27,"h":36},
	"rotated": false,
	"trimmed": true,
	"spriteSourceSize": {"x":6,"y":16,"w":27,"h":36},
	"sourceSize": {"w":33,"h":52},
	"pivot": {"x":0.5,"y":0.5}
},
"06_007.png":
{
	"frame": {"x":404,"y":38,"w":28,"h":37},
	"rotated": false,
	"trimmed": true,
	"spriteSourceSize": {"x":5,"y":15,"w":28,"h":37},
	"sourceSize": {"w":33,"h":52},
	"pivot": {"x":0.5,"y":0.5}
},
"06_008.png":
{
	"frame": {"x":759,"y":38,"w":29,"h":39},
	"rotated": false,
	"trimmed": true,
	"spriteSourceSize": {"x":4,"y":13,"w":29,"h":39},
	"sourceSize": {"w":33,"h":52},
	"pivot": {"x":0.5,"y":0.5}
},
"06_009.png":
{
	"frame": {"x":1885,"y":82,"w":30,"h":43},
	"rotated": false,
	"trimmed": true,
	"spriteSourceSize": {"x":3,"y":9,"w":30,"h":43},
	"sourceSize": {"w":33,"h":52},
	"pivot": {"x":0.5,"y":0.5}
},
"06_010.png":
{
	"frame": {"x":1799,"y":271,"w":32,"h":48},
	"rotated": false,
	"trimmed": true,
	"spriteSourceSize": {"x":1,"y":4,"w":32,"h":48},
	"sourceSize": {"w":33,"h":52},
	"pivot": {"x":0.5,"y":0.5}
},
"06_011.png":
{
	"frame": {"x":575,"y":321,"w":32,"h":49},
	"rotated": false,
	"trimmed": true,
	"spriteSourceSize": {"x":1,"y":1,"w":32,"h":49},
	"sourceSize": {"w":33,"h":52},
	"pivot": {"x":0.5,"y":0.5}
},
"06_012.png":
{
	"frame": {"x":1609,"y":174,"w":33,"h":46},
	"rotated": false,
	"trimmed": true,
	"spriteSourceSize": {"x":0,"y":1,"w":33,"h":46},
	"sourceSize": {"w":33,"h":52},
	"pivot": {"x":0.5,"y":0.5}
},
"06_013.png":
{
	"frame": {"x":1417,"y":271,"w":33,"h":47},
	"rotated": false,
	"trimmed": true,
	"spriteSourceSize": {"x":0,"y":0,"w":33,"h":47},
	"sourceSize": {"w":33,"h":52},
	"pivot": {"x":0.5,"y":0.5}
},
"06_014.png":
{
	"frame": {"x":1244,"y":127,"w":33,"h":44},
	"rotated": false,
	"trimmed": true,
	"spriteSourceSize": {"x":0,"y":0,"w":33,"h":44},
	"sourceSize": {"w":33,"h":52},
	"pivot": {"x":0.5,"y":0.5}
},
"06_015.png":
{
	"frame": {"x":1031,"y":38,"w":30,"h":40},
	"rotated": false,
	"trimmed": true,
	"spriteSourceSize": {"x":1,"y":0,"w":30,"h":40},
	"sourceSize": {"w":33,"h":52},
	"pivot": {"x":0.5,"y":0.5}
},
"06_016.png":
{
	"frame": {"x":850,"y":38,"w":30,"h":39},
	"rotated": false,
	"trimmed": true,
	"spriteSourceSize": {"x":1,"y":1,"w":30,"h":39},
	"sourceSize": {"w":33,"h":52},
	"pivot": {"x":0.5,"y":0.5}
},
"06_017.png":
{
	"frame": {"x":718,"y":1,"w":30,"h":33},
	"rotated": false,
	"trimmed": true,
	"spriteSourceSize": {"x":1,"y":3,"w":30,"h":33},
	"sourceSize": {"w":33,"h":52},
	"pivot": {"x":0.5,"y":0.5}
},
"06_018.png":
{
	"frame": {"x":581,"y":1,"w":29,"h":32},
	"rotated": false,
	"trimmed": true,
	"spriteSourceSize": {"x":1,"y":3,"w":29,"h":32},
	"sourceSize": {"w":33,"h":52},
	"pivot": {"x":0.5,"y":0.5}
},
"07_000.png":
{
	"frame": {"x":960,"y":1,"w":26,"h":34},
	"rotated": false,
	"trimmed": true,
	"spriteSourceSize": {"x":7,"y":18,"w":26,"h":34},
	"sourceSize": {"w":33,"h":52},
	"pivot": {"x":0.5,"y":0.5}
},
"07_001.png":
{
	"frame": {"x":793,"y":1,"w":26,"h":34},
	"rotated": false,
	"trimmed": true,
	"spriteSourceSize": {"x":7,"y":18,"w":26,"h":34},
	"sourceSize": {"w":33,"h":52},
	"pivot": {"x":0.5,"y":0.5}
},
"07_002.png":
{
	"frame": {"x":875,"y":1,"w":26,"h":34},
	"rotated": false,
	"trimmed": true,
	"spriteSourceSize": {"x":7,"y":18,"w":26,"h":34},
	"sourceSize": {"w":33,"h":52},
	"pivot": {"x":0.5,"y":0.5}
},
"07_003.png":
{
	"frame": {"x":1171,"y":1,"w":26,"h":35},
	"rotated": false,
	"trimmed": true,
	"spriteSourceSize": {"x":7,"y":17,"w":26,"h":35},
	"sourceSize": {"w":33,"h":52},
	"pivot": {"x":0.5,"y":0.5}
},
"07_004.png":
{
	"frame": {"x":1469,"y":1,"w":26,"h":35},
	"rotated": false,
	"trimmed": true,
	"spriteSourceSize": {"x":7,"y":17,"w":26,"h":35},
	"sourceSize": {"w":33,"h":52},
	"pivot": {"x":0.5,"y":0.5}
},
"07_005.png":
{
	"frame": {"x":1647,"y":1,"w":27,"h":35},
	"rotated": false,
	"trimmed": true,
	"spriteSourceSize": {"x":6,"y":17,"w":27,"h":35},
	"sourceSize": {"w":33,"h":52},
	"pivot": {"x":0.5,"y":0.5}
},
"07_006.png":
{
	"frame": {"x":264,"y":38,"w":27,"h":37},
	"rotated": false,
	"trimmed": true,
	"spriteSourceSize": {"x":6,"y":15,"w":27,"h":37},
	"sourceSize": {"w":33,"h":52},
	"pivot": {"x":0.5,"y":0.5}
},
"07_007.png":
{
	"frame": {"x":1392,"y":38,"w":29,"h":41},
	"rotated": false,
	"trimmed": true,
	"spriteSourceSize": {"x":4,"y":11,"w":29,"h":41},
	"sourceSize": {"w":33,"h":52},
	"pivot": {"x":0.5,"y":0.5}
},
"07_008.png":
{
	"frame": {"x":775,"y":127,"w":29,"h":44},
	"rotated": false,
	"trimmed": true,
	"spriteSourceSize": {"x":4,"y":8,"w":29,"h":44},
	"sourceSize": {"w":33,"h":52},
	"pivot": {"x":0.5,"y":0.5}
},
"07_009.png":
{
	"frame": {"x":745,"y":321,"w":31,"h":50},
	"rotated": false,
	"trimmed": true,
	"spriteSourceSize": {"x":2,"y":2,"w":31,"h":50},
	"sourceSize": {"w":33,"h":52},
	"pivot": {"x":0.5,"y":0.5}
},
"07_010.png":
{
	"frame": {"x":711,"y":321,"w":32,"h":50},
	"rotated": false,
	"trimmed": true,
	"spriteSourceSize": {"x":1,"y":2,"w":32,"h":50},
	"sourceSize": {"w":33,"h":52},
	"pivot": {"x":0.5,"y":0.5}
},
"07_011.png":
{
	"frame": {"x":309,"y":321,"w":32,"h":48},
	"rotated": false,
	"trimmed": true,
	"spriteSourceSize": {"x":1,"y":0,"w":32,"h":48},
	"sourceSize": {"w":33,"h":52},
	"pivot": {"x":0.5,"y":0.5}
},
"07_012.png":
{
	"frame": {"x":642,"y":271,"w":33,"h":47},
	"rotated": false,
	"trimmed": true,
	"spriteSourceSize": {"x":0,"y":0,"w":33,"h":47},
	"sourceSize": {"w":33,"h":52},
	"pivot": {"x":0.5,"y":0.5}
},
"07_013.png":
{
	"frame": {"x":495,"y":127,"w":33,"h":44},
	"rotated": false,
	"trimmed": true,
	"spriteSourceSize": {"x":0,"y":0,"w":33,"h":44},
	"sourceSize": {"w":33,"h":52},
	"pivot": {"x":0.5,"y":0.5}
},
"07_014.png":
{
	"frame": {"x":1423,"y":38,"w":31,"h":41},
	"rotated": false,
	"trimmed": true,
	"spriteSourceSize": {"x":2,"y":0,"w":31,"h":41},
	"sourceSize": {"w":33,"h":52},
	"pivot": {"x":0.5,"y":0.5}
},
"07_015.png":
{
	"frame": {"x":1095,"y":38,"w":31,"h":40},
	"rotated": false,
	"trimmed": true,
	"spriteSourceSize": {"x":1,"y":0,"w":31,"h":40},
	"sourceSize": {"w":33,"h":52},
	"pivot": {"x":0.5,"y":0.5}
},
"07_016.png":
{
	"frame": {"x":945,"y":38,"w":25,"h":40},
	"rotated": false,
	"trimmed": true,
	"spriteSourceSize": {"x":5,"y":0,"w":25,"h":40},
	"sourceSize": {"w":33,"h":52},
	"pivot": {"x":0.5,"y":0.5}
},
"07_017.png":
{
	"frame": {"x":750,"y":1,"w":20,"h":34},
	"rotated": false,
	"trimmed": true,
	"spriteSourceSize": {"x":9,"y":3,"w":20,"h":34},
	"sourceSize": {"w":33,"h":52},
	"pivot": {"x":0.5,"y":0.5}
},
"07_018.png":
{
	"frame": {"x":559,"y":1,"w":20,"h":32},
	"rotated": false,
	"trimmed": true,
	"spriteSourceSize": {"x":9,"y":4,"w":20,"h":32},
	"sourceSize": {"w":33,"h":52},
	"pivot": {"x":0.5,"y":0.5}
},
"bigJackpotBox_0_000.png":
{
	"frame": {"x":903,"y":380,"w":174,"h":57},
	"rotated": false,
	"trimmed": false,
	"spriteSourceSize": {"x":0,"y":0,"w":174,"h":57},
	"sourceSize": {"w":174,"h":57},
	"pivot": {"x":0.5,"y":0.5}
},
"bigJackpotBox_0_001.png":
{
	"frame": {"x":1079,"y":380,"w":174,"h":57},
	"rotated": false,
	"trimmed": false,
	"spriteSourceSize": {"x":0,"y":0,"w":174,"h":57},
	"sourceSize": {"w":174,"h":57},
	"pivot": {"x":0.5,"y":0.5}
},
"bigJackpotBox_0_002.png":
{
	"frame": {"x":353,"y":380,"w":174,"h":57},
	"rotated": false,
	"trimmed": false,
	"spriteSourceSize": {"x":0,"y":0,"w":174,"h":57},
	"sourceSize": {"w":174,"h":57},
	"pivot": {"x":0.5,"y":0.5}
},
"bigJackpotBox_0_003.png":
{
	"frame": {"x":974,"y":321,"w":174,"h":57},
	"rotated": false,
	"trimmed": false,
	"spriteSourceSize": {"x":0,"y":0,"w":174,"h":57},
	"sourceSize": {"w":174,"h":57},
	"pivot": {"x":0.5,"y":0.5}
},
"bigJackpotBox_0_004.png":
{
	"frame": {"x":529,"y":380,"w":174,"h":57},
	"rotated": false,
	"trimmed": false,
	"spriteSourceSize": {"x":0,"y":0,"w":174,"h":57},
	"sourceSize": {"w":174,"h":57},
	"pivot": {"x":0.5,"y":0.5}
},
"bigJackpotBox_0_005.png":
{
	"frame": {"x":1712,"y":439,"w":174,"h":57},
	"rotated": false,
	"trimmed": false,
	"spriteSourceSize": {"x":0,"y":0,"w":174,"h":57},
	"sourceSize": {"w":174,"h":57},
	"pivot": {"x":0.5,"y":0.5}
},
"bigJackpotBox_0_006.png":
{
	"frame": {"x":207,"y":616,"w":174,"h":57},
	"rotated": false,
	"trimmed": false,
	"spriteSourceSize": {"x":0,"y":0,"w":174,"h":57},
	"sourceSize": {"w":174,"h":57},
	"pivot": {"x":0.5,"y":0.5}
},
"bigJackpotBox_0_007.png":
{
	"frame": {"x":383,"y":616,"w":174,"h":57},
	"rotated": false,
	"trimmed": false,
	"spriteSourceSize": {"x":0,"y":0,"w":174,"h":57},
	"sourceSize": {"w":174,"h":57},
	"pivot": {"x":0.5,"y":0.5}
},
"bigJackpotBox_0_008.png":
{
	"frame": {"x":559,"y":616,"w":174,"h":57},
	"rotated": false,
	"trimmed": false,
	"spriteSourceSize": {"x":0,"y":0,"w":174,"h":57},
	"sourceSize": {"w":174,"h":57},
	"pivot": {"x":0.5,"y":0.5}
},
"bigJackpotBox_0_009.png":
{
	"frame": {"x":603,"y":498,"w":174,"h":57},
	"rotated": false,
	"trimmed": false,
	"spriteSourceSize": {"x":0,"y":0,"w":174,"h":57},
	"sourceSize": {"w":174,"h":57},
	"pivot": {"x":0.5,"y":0.5}
},
"bigJackpotBox_0_010.png":
{
	"frame": {"x":1,"y":380,"w":174,"h":57},
	"rotated": false,
	"trimmed": false,
	"spriteSourceSize": {"x":0,"y":0,"w":174,"h":57},
	"sourceSize": {"w":174,"h":57},
	"pivot": {"x":0.5,"y":0.5}
},
"bigJackpotBox_0_011.png":
{
	"frame": {"x":1854,"y":321,"w":174,"h":57},
	"rotated": false,
	"trimmed": false,
	"spriteSourceSize": {"x":0,"y":0,"w":174,"h":57},
	"sourceSize": {"w":174,"h":57},
	"pivot": {"x":0.5,"y":0.5}
},
"bigJackpotBox_0_012.png":
{
	"frame": {"x":1150,"y":321,"w":174,"h":57},
	"rotated": false,
	"trimmed": false,
	"spriteSourceSize": {"x":0,"y":0,"w":174,"h":57},
	"sourceSize": {"w":174,"h":57},
	"pivot": {"x":0.5,"y":0.5}
},
"bigJackpotBox_0_013.png":
{
	"frame": {"x":1,"y":498,"w":174,"h":57},
	"rotated": false,
	"trimmed": false,
	"spriteSourceSize": {"x":0,"y":0,"w":174,"h":57},
	"sourceSize": {"w":174,"h":57},
	"pivot": {"x":0.5,"y":0.5}
},
"bigJackpotBox_0_014.png":
{
	"frame": {"x":1360,"y":439,"w":174,"h":57},
	"rotated": false,
	"trimmed": false,
	"spriteSourceSize": {"x":0,"y":0,"w":174,"h":57},
	"sourceSize": {"w":174,"h":57},
	"pivot": {"x":0.5,"y":0.5}
},
"bigJackpotBox_0_015.png":
{
	"frame": {"x":1536,"y":439,"w":174,"h":57},
	"rotated": false,
	"trimmed": false,
	"spriteSourceSize": {"x":0,"y":0,"w":174,"h":57},
	"sourceSize": {"w":174,"h":57},
	"pivot": {"x":0.5,"y":0.5}
},
"bigJackpotBox_0_016.png":
{
	"frame": {"x":1184,"y":439,"w":174,"h":57},
	"rotated": false,
	"trimmed": false,
	"spriteSourceSize": {"x":0,"y":0,"w":174,"h":57},
	"sourceSize": {"w":174,"h":57},
	"pivot": {"x":0.5,"y":0.5}
},
"bigJackpotBox_0_017.png":
{
	"frame": {"x":1008,"y":439,"w":174,"h":57},
	"rotated": false,
	"trimmed": false,
	"spriteSourceSize": {"x":0,"y":0,"w":174,"h":57},
	"sourceSize": {"w":174,"h":57},
	"pivot": {"x":0.5,"y":0.5}
},
"bigJackpotBox_0_018.png":
{
	"frame": {"x":1637,"y":380,"w":174,"h":57},
	"rotated": false,
	"trimmed": false,
	"spriteSourceSize": {"x":0,"y":0,"w":174,"h":57},
	"sourceSize": {"w":174,"h":57},
	"pivot": {"x":0.5,"y":0.5}
},
"bigJackpotBox_0_019.png":
{
	"frame": {"x":1502,"y":321,"w":174,"h":57},
	"rotated": false,
	"trimmed": false,
	"spriteSourceSize": {"x":0,"y":0,"w":174,"h":57},
	"sourceSize": {"w":174,"h":57},
	"pivot": {"x":0.5,"y":0.5}
},
"bigJackpotBox_0_020.png":
{
	"frame": {"x":1678,"y":321,"w":174,"h":57},
	"rotated": false,
	"trimmed": false,
	"spriteSourceSize": {"x":0,"y":0,"w":174,"h":57},
	"sourceSize": {"w":174,"h":57},
	"pivot": {"x":0.5,"y":0.5}
},
"bigJackpotBox_0_021.png":
{
	"frame": {"x":1326,"y":321,"w":174,"h":57},
	"rotated": false,
	"trimmed": false,
	"spriteSourceSize": {"x":0,"y":0,"w":174,"h":57},
	"sourceSize": {"w":174,"h":57},
	"pivot": {"x":0.5,"y":0.5}
},
"bigJackpotBox_0_022.png":
{
	"frame": {"x":177,"y":380,"w":174,"h":57},
	"rotated": false,
	"trimmed": false,
	"spriteSourceSize": {"x":0,"y":0,"w":174,"h":57},
	"sourceSize": {"w":174,"h":57},
	"pivot": {"x":0.5,"y":0.5}
},
"bigJackpotBox_0_023.png":
{
	"frame": {"x":832,"y":439,"w":174,"h":57},
	"rotated": false,
	"trimmed": false,
	"spriteSourceSize": {"x":0,"y":0,"w":174,"h":57},
	"sourceSize": {"w":174,"h":57},
	"pivot": {"x":0.5,"y":0.5}
},
"bigJackpotBox_0_024.png":
{
	"frame": {"x":1255,"y":380,"w":174,"h":57},
	"rotated": false,
	"trimmed": false,
	"spriteSourceSize": {"x":0,"y":0,"w":174,"h":57},
	"sourceSize": {"w":174,"h":57},
	"pivot": {"x":0.5,"y":0.5}
},
"bigJackpotBox_0_025.png":
{
	"frame": {"x":1374,"y":616,"w":174,"h":57},
	"rotated": false,
	"trimmed": false,
	"spriteSourceSize": {"x":0,"y":0,"w":174,"h":57},
	"sourceSize": {"w":174,"h":57},
	"pivot": {"x":0.5,"y":0.5}
},
"bigJackpotBox_0_026.png":
{
	"frame": {"x":1022,"y":557,"w":174,"h":57},
	"rotated": false,
	"trimmed": false,
	"spriteSourceSize": {"x":0,"y":0,"w":174,"h":57},
	"sourceSize": {"w":174,"h":57},
	"pivot": {"x":0.5,"y":0.5}
},
"bigJackpotBox_0_027.png":
{
	"frame": {"x":846,"y":557,"w":174,"h":57},
	"rotated": false,
	"trimmed": false,
	"spriteSourceSize": {"x":0,"y":0,"w":174,"h":57},
	"sourceSize": {"w":174,"h":57},
	"pivot": {"x":0.5,"y":0.5}
},
"bigJackpotBox_0_028.png":
{
	"frame": {"x":1198,"y":557,"w":174,"h":57},
	"rotated": false,
	"trimmed": false,
	"spriteSourceSize": {"x":0,"y":0,"w":174,"h":57},
	"sourceSize": {"w":174,"h":57},
	"pivot": {"x":0.5,"y":0.5}
},
"bigJackpotBox_1_000.png":
{
	"frame": {"x":1593,"y":793,"w":204,"h":57},
	"rotated": false,
	"trimmed": false,
	"spriteSourceSize": {"x":0,"y":0,"w":204,"h":57},
	"sourceSize": {"w":204,"h":57},
	"pivot": {"x":0.5,"y":0.5}
},
"bigJackpotBox_1_001.png":
{
	"frame": {"x":1,"y":616,"w":204,"h":57},
	"rotated": false,
	"trimmed": false,
	"spriteSourceSize": {"x":0,"y":0,"w":204,"h":57},
	"sourceSize": {"w":204,"h":57},
	"pivot": {"x":0.5,"y":0.5}
},
"bigJackpotBox_1_002.png":
{
	"frame": {"x":1213,"y":970,"w":204,"h":57},
	"rotated": false,
	"trimmed": false,
	"spriteSourceSize": {"x":0,"y":0,"w":204,"h":57},
	"sourceSize": {"w":204,"h":57},
	"pivot": {"x":0.5,"y":0.5}
},
"bigJackpotBox_1_003.png":
{
	"frame": {"x":1007,"y":970,"w":204,"h":57},
	"rotated": false,
	"trimmed": false,
	"spriteSourceSize": {"x":0,"y":0,"w":204,"h":57},
	"sourceSize": {"w":204,"h":57},
	"pivot": {"x":0.5,"y":0.5}
},
"bigJackpotBox_1_004.png":
{
	"frame": {"x":801,"y":852,"w":204,"h":57},
	"rotated": false,
	"trimmed": false,
	"spriteSourceSize": {"x":0,"y":0,"w":204,"h":57},
	"sourceSize": {"w":204,"h":57},
	"pivot": {"x":0.5,"y":0.5}
},
"bigJackpotBox_1_005.png":
{
	"frame": {"x":1213,"y":852,"w":204,"h":57},
	"rotated": false,
	"trimmed": false,
	"spriteSourceSize": {"x":0,"y":0,"w":204,"h":57},
	"sourceSize": {"w":204,"h":57},
	"pivot": {"x":0.5,"y":0.5}
},
"bigJackpotBox_1_006.png":
{
	"frame": {"x":1419,"y":852,"w":204,"h":57},
	"rotated": false,
	"trimmed": false,
	"spriteSourceSize": {"x":0,"y":0,"w":204,"h":57},
	"sourceSize": {"w":204,"h":57},
	"pivot": {"x":0.5,"y":0.5}
},
"bigJackpotBox_1_007.png":
{
	"frame": {"x":427,"y":675,"w":204,"h":57},
	"rotated": false,
	"trimmed": false,
	"spriteSourceSize": {"x":0,"y":0,"w":204,"h":57},
	"sourceSize": {"w":204,"h":57},
	"pivot": {"x":0.5,"y":0.5}
},
"bigJackpotBox_1_008.png":
{
	"frame": {"x":801,"y":970,"w":204,"h":57},
	"rotated": false,
	"trimmed": false,
	"spriteSourceSize": {"x":0,"y":0,"w":204,"h":57},
	"sourceSize": {"w":204,"h":57},
	"pivot": {"x":0.5,"y":0.5}
},
"bigJackpotBox_1_009.png":
{
	"frame": {"x":1,"y":1029,"w":204,"h":57},
	"rotated": false,
	"trimmed": false,
	"spriteSourceSize": {"x":0,"y":0,"w":204,"h":57},
	"sourceSize": {"w":204,"h":57},
	"pivot": {"x":0.5,"y":0.5}
},
"bigJackpotBox_1_010.png":
{
	"frame": {"x":1,"y":970,"w":204,"h":57},
	"rotated": false,
	"trimmed": false,
	"spriteSourceSize": {"x":0,"y":0,"w":204,"h":57},
	"sourceSize": {"w":204,"h":57},
	"pivot": {"x":0.5,"y":0.5}
},
"bigJackpotBox_1_011.png":
{
	"frame": {"x":1616,"y":911,"w":204,"h":57},
	"rotated": false,
	"trimmed": false,
	"spriteSourceSize": {"x":0,"y":0,"w":204,"h":57},
	"sourceSize": {"w":204,"h":57},
	"pivot": {"x":0.5,"y":0.5}
},
"bigJackpotBox_1_012.png":
{
	"frame": {"x":1822,"y":911,"w":204,"h":57},
	"rotated": false,
	"trimmed": false,
	"spriteSourceSize": {"x":0,"y":0,"w":204,"h":57},
	"sourceSize": {"w":204,"h":57},
	"pivot": {"x":0.5,"y":0.5}
},
"bigJackpotBox_1_013.png":
{
	"frame": {"x":1625,"y":970,"w":204,"h":57},
	"rotated": false,
	"trimmed": false,
	"spriteSourceSize": {"x":0,"y":0,"w":204,"h":57},
	"sourceSize": {"w":204,"h":57},
	"pivot": {"x":0.5,"y":0.5}
},
"bigJackpotBox_1_014.png":
{
	"frame": {"x":1419,"y":970,"w":204,"h":57},
	"rotated": false,
	"trimmed": false,
	"spriteSourceSize": {"x":0,"y":0,"w":204,"h":57},
	"sourceSize": {"w":204,"h":57},
	"pivot": {"x":0.5,"y":0.5}
},
"bigJackpotBox_1_015.png":
{
	"frame": {"x":1831,"y":970,"w":204,"h":57},
	"rotated": false,
	"trimmed": false,
	"spriteSourceSize": {"x":0,"y":0,"w":204,"h":57},
	"sourceSize": {"w":204,"h":57},
	"pivot": {"x":0.5,"y":0.5}
},
"bigJackpotBox_1_016.png":
{
	"frame": {"x":1625,"y":852,"w":204,"h":57},
	"rotated": false,
	"trimmed": false,
	"spriteSourceSize": {"x":0,"y":0,"w":204,"h":57},
	"sourceSize": {"w":204,"h":57},
	"pivot": {"x":0.5,"y":0.5}
},
"bigJackpotBox_1_017.png":
{
	"frame": {"x":1831,"y":852,"w":204,"h":57},
	"rotated": false,
	"trimmed": false,
	"spriteSourceSize": {"x":0,"y":0,"w":204,"h":57},
	"sourceSize": {"w":204,"h":57},
	"pivot": {"x":0.5,"y":0.5}
},
"bigJackpotBox_1_018.png":
{
	"frame": {"x":1,"y":911,"w":204,"h":57},
	"rotated": false,
	"trimmed": false,
	"spriteSourceSize": {"x":0,"y":0,"w":204,"h":57},
	"sourceSize": {"w":204,"h":57},
	"pivot": {"x":0.5,"y":0.5}
},
"bigJackpotBox_1_019.png":
{
	"frame": {"x":991,"y":793,"w":204,"h":57},
	"rotated": false,
	"trimmed": false,
	"spriteSourceSize": {"x":0,"y":0,"w":204,"h":57},
	"sourceSize": {"w":204,"h":57},
	"pivot": {"x":0.5,"y":0.5}
},
"bigJackpotBox_1_020.png":
{
	"frame": {"x":207,"y":439,"w":204,"h":57},
	"rotated": false,
	"trimmed": false,
	"spriteSourceSize": {"x":0,"y":0,"w":204,"h":57},
	"sourceSize": {"w":204,"h":57},
	"pivot": {"x":0.5,"y":0.5}
},
"bigJackpotBox_1_021.png":
{
	"frame": {"x":1,"y":439,"w":204,"h":57},
	"rotated": false,
	"trimmed": false,
	"spriteSourceSize": {"x":0,"y":0,"w":204,"h":57},
	"sourceSize": {"w":204,"h":57},
	"pivot": {"x":0.5,"y":0.5}
},
"bigJackpotBox_1_022.png":
{
	"frame": {"x":1813,"y":380,"w":204,"h":57},
	"rotated": false,
	"trimmed": false,
	"spriteSourceSize": {"x":0,"y":0,"w":204,"h":57},
	"sourceSize": {"w":204,"h":57},
	"pivot": {"x":0.5,"y":0.5}
},
"bigJackpotBox_1_023.png":
{
	"frame": {"x":1431,"y":380,"w":204,"h":57},
	"rotated": false,
	"trimmed": false,
	"spriteSourceSize": {"x":0,"y":0,"w":204,"h":57},
	"sourceSize": {"w":204,"h":57},
	"pivot": {"x":0.5,"y":0.5}
},
"bigJackpotBox_1_024.png":
{
	"frame": {"x":413,"y":439,"w":204,"h":57},
	"rotated": false,
	"trimmed": false,
	"spriteSourceSize": {"x":0,"y":0,"w":204,"h":57},
	"sourceSize": {"w":204,"h":57},
	"pivot": {"x":0.5,"y":0.5}
},
"bigJackpotBox_1_025.png":
{
	"frame": {"x":1,"y":557,"w":204,"h":57},
	"rotated": false,
	"trimmed": false,
	"spriteSourceSize": {"x":0,"y":0,"w":204,"h":57},
	"sourceSize": {"w":204,"h":57},
	"pivot": {"x":0.5,"y":0.5}
},
"bigJackpotBox_1_026.png":
{
	"frame": {"x":405,"y":911,"w":204,"h":57},
	"rotated": false,
	"trimmed": false,
	"spriteSourceSize": {"x":0,"y":0,"w":204,"h":57},
	"sourceSize": {"w":204,"h":57},
	"pivot": {"x":0.5,"y":0.5}
},
"bigJackpotBox_1_027.png":
{
	"frame": {"x":1007,"y":852,"w":204,"h":57},
	"rotated": false,
	"trimmed": false,
	"spriteSourceSize": {"x":0,"y":0,"w":204,"h":57},
	"sourceSize": {"w":204,"h":57},
	"pivot": {"x":0.5,"y":0.5}
},
"bigJackpotBox_1_028.png":
{
	"frame": {"x":595,"y":852,"w":204,"h":57},
	"rotated": false,
	"trimmed": false,
	"spriteSourceSize": {"x":0,"y":0,"w":204,"h":57},
	"sourceSize": {"w":204,"h":57},
	"pivot": {"x":0.5,"y":0.5}
},
"bigJackpotBox_2_000.png":
{
	"frame": {"x":207,"y":911,"w":196,"h":57},
	"rotated": false,
	"trimmed": false,
	"spriteSourceSize": {"x":0,"y":0,"w":196,"h":57},
	"sourceSize": {"w":196,"h":57},
	"pivot": {"x":0.5,"y":0.5}
},
"bigJackpotBox_2_001.png":
{
	"frame": {"x":1007,"y":911,"w":196,"h":57},
	"rotated": false,
	"trimmed": false,
	"spriteSourceSize": {"x":0,"y":0,"w":196,"h":57},
	"sourceSize": {"w":196,"h":57},
	"pivot": {"x":0.5,"y":0.5}
},
"bigJackpotBox_2_002.png":
{
	"frame": {"x":809,"y":911,"w":196,"h":57},
	"rotated": false,
	"trimmed": false,
	"spriteSourceSize": {"x":0,"y":0,"w":196,"h":57},
	"sourceSize": {"w":196,"h":57},
	"pivot": {"x":0.5,"y":0.5}
},
"bigJackpotBox_2_003.png":
{
	"frame": {"x":611,"y":911,"w":196,"h":57},
	"rotated": false,
	"trimmed": false,
	"spriteSourceSize": {"x":0,"y":0,"w":196,"h":57},
	"sourceSize": {"w":196,"h":57},
	"pivot": {"x":0.5,"y":0.5}
},
"bigJackpotBox_2_004.png":
{
	"frame": {"x":603,"y":970,"w":196,"h":57},
	"rotated": false,
	"trimmed": false,
	"spriteSourceSize": {"x":0,"y":0,"w":196,"h":57},
	"sourceSize": {"w":196,"h":57},
	"pivot": {"x":0.5,"y":0.5}
},
"bigJackpotBox_2_005.png":
{
	"frame": {"x":1044,"y":675,"w":196,"h":57},
	"rotated": false,
	"trimmed": false,
	"spriteSourceSize": {"x":0,"y":0,"w":196,"h":57},
	"sourceSize": {"w":196,"h":57},
	"pivot": {"x":0.5,"y":0.5}
},
"bigJackpotBox_2_006.png":
{
	"frame": {"x":1799,"y":793,"w":196,"h":57},
	"rotated": false,
	"trimmed": false,
	"spriteSourceSize": {"x":0,"y":0,"w":196,"h":57},
	"sourceSize": {"w":196,"h":57},
	"pivot": {"x":0.5,"y":0.5}
},
"bigJackpotBox_2_007.png":
{
	"frame": {"x":199,"y":852,"w":196,"h":57},
	"rotated": false,
	"trimmed": false,
	"spriteSourceSize": {"x":0,"y":0,"w":196,"h":57},
	"sourceSize": {"w":196,"h":57},
	"pivot": {"x":0.5,"y":0.5}
},
"bigJackpotBox_2_008.png":
{
	"frame": {"x":1197,"y":793,"w":196,"h":57},
	"rotated": false,
	"trimmed": false,
	"spriteSourceSize": {"x":0,"y":0,"w":196,"h":57},
	"sourceSize": {"w":196,"h":57},
	"pivot": {"x":0.5,"y":0.5}
},
"bigJackpotBox_2_009.png":
{
	"frame": {"x":1447,"y":734,"w":196,"h":57},
	"rotated": false,
	"trimmed": false,
	"spriteSourceSize": {"x":0,"y":0,"w":196,"h":57},
	"sourceSize": {"w":196,"h":57},
	"pivot": {"x":0.5,"y":0.5}
},
"bigJackpotBox_2_010.png":
{
	"frame": {"x":397,"y":852,"w":196,"h":57},
	"rotated": false,
	"trimmed": false,
	"spriteSourceSize": {"x":0,"y":0,"w":196,"h":57},
	"sourceSize": {"w":196,"h":57},
	"pivot": {"x":0.5,"y":0.5}
},
"bigJackpotBox_2_011.png":
{
	"frame": {"x":1843,"y":734,"w":196,"h":57},
	"rotated": false,
	"trimmed": false,
	"spriteSourceSize": {"x":0,"y":0,"w":196,"h":57},
	"sourceSize": {"w":196,"h":57},
	"pivot": {"x":0.5,"y":0.5}
},
"bigJackpotBox_2_012.png":
{
	"frame": {"x":1,"y":852,"w":196,"h":57},
	"rotated": false,
	"trimmed": false,
	"spriteSourceSize": {"x":0,"y":0,"w":196,"h":57},
	"sourceSize": {"w":196,"h":57},
	"pivot": {"x":0.5,"y":0.5}
},
"bigJackpotBox_2_013.png":
{
	"frame": {"x":1395,"y":793,"w":196,"h":57},
	"rotated": false,
	"trimmed": false,
	"spriteSourceSize": {"x":0,"y":0,"w":196,"h":57},
	"sourceSize": {"w":196,"h":57},
	"pivot": {"x":0.5,"y":0.5}
},
"bigJackpotBox_2_014.png":
{
	"frame": {"x":199,"y":793,"w":196,"h":57},
	"rotated": false,
	"trimmed": false,
	"spriteSourceSize": {"x":0,"y":0,"w":196,"h":57},
	"sourceSize": {"w":196,"h":57},
	"pivot": {"x":0.5,"y":0.5}
},
"bigJackpotBox_2_015.png":
{
	"frame": {"x":397,"y":793,"w":196,"h":57},
	"rotated": false,
	"trimmed": false,
	"spriteSourceSize": {"x":0,"y":0,"w":196,"h":57},
	"sourceSize": {"w":196,"h":57},
	"pivot": {"x":0.5,"y":0.5}
},
"bigJackpotBox_2_016.png":
{
	"frame": {"x":595,"y":793,"w":196,"h":57},
	"rotated": false,
	"trimmed": false,
	"spriteSourceSize": {"x":0,"y":0,"w":196,"h":57},
	"sourceSize": {"w":196,"h":57},
	"pivot": {"x":0.5,"y":0.5}
},
"bigJackpotBox_2_017.png":
{
	"frame": {"x":1,"y":793,"w":196,"h":57},
	"rotated": false,
	"trimmed": false,
	"spriteSourceSize": {"x":0,"y":0,"w":196,"h":57},
	"sourceSize": {"w":196,"h":57},
	"pivot": {"x":0.5,"y":0.5}
},
"bigJackpotBox_2_018.png":
{
	"frame": {"x":1645,"y":734,"w":196,"h":57},
	"rotated": false,
	"trimmed": false,
	"spriteSourceSize": {"x":0,"y":0,"w":196,"h":57},
	"sourceSize": {"w":196,"h":57},
	"pivot": {"x":0.5,"y":0.5}
},
"bigJackpotBox_2_019.png":
{
	"frame": {"x":793,"y":793,"w":196,"h":57},
	"rotated": false,
	"trimmed": false,
	"spriteSourceSize": {"x":0,"y":0,"w":196,"h":57},
	"sourceSize": {"w":196,"h":57},
	"pivot": {"x":0.5,"y":0.5}
},
"bigJackpotBox_2_020.png":
{
	"frame": {"x":705,"y":380,"w":196,"h":57},
	"rotated": false,
	"trimmed": false,
	"spriteSourceSize": {"x":0,"y":0,"w":196,"h":57},
	"sourceSize": {"w":196,"h":57},
	"pivot": {"x":0.5,"y":0.5}
},
"bigJackpotBox_2_021.png":
{
	"frame": {"x":1455,"y":675,"w":196,"h":57},
	"rotated": false,
	"trimmed": false,
	"spriteSourceSize": {"x":0,"y":0,"w":196,"h":57},
	"sourceSize": {"w":196,"h":57},
	"pivot": {"x":0.5,"y":0.5}
},
"bigJackpotBox_2_022.png":
{
	"frame": {"x":1249,"y":734,"w":196,"h":57},
	"rotated": false,
	"trimmed": false,
	"spriteSourceSize": {"x":0,"y":0,"w":196,"h":57},
	"sourceSize": {"w":196,"h":57},
	"pivot": {"x":0.5,"y":0.5}
},
"bigJackpotBox_2_023.png":
{
	"frame": {"x":625,"y":734,"w":196,"h":57},
	"rotated": false,
	"trimmed": false,
	"spriteSourceSize": {"x":0,"y":0,"w":196,"h":57},
	"sourceSize": {"w":196,"h":57},
	"pivot": {"x":0.5,"y":0.5}
},
"bigJackpotBox_2_024.png":
{
	"frame": {"x":846,"y":675,"w":196,"h":57},
	"rotated": false,
	"trimmed": false,
	"spriteSourceSize": {"x":0,"y":0,"w":196,"h":57},
	"sourceSize": {"w":196,"h":57},
	"pivot": {"x":0.5,"y":0.5}
},
"bigJackpotBox_2_025.png":
{
	"frame": {"x":207,"y":970,"w":196,"h":57},
	"rotated": false,
	"trimmed": false,
	"spriteSourceSize": {"x":0,"y":0,"w":196,"h":57},
	"sourceSize": {"w":196,"h":57},
	"pivot": {"x":0.5,"y":0.5}
},
"bigJackpotBox_2_026.png":
{
	"frame": {"x":1205,"y":911,"w":196,"h":57},
	"rotated": false,
	"trimmed": false,
	"spriteSourceSize": {"x":0,"y":0,"w":196,"h":57},
	"sourceSize": {"w":196,"h":57},
	"pivot": {"x":0.5,"y":0.5}
},
"bigJackpotBox_2_027.png":
{
	"frame": {"x":405,"y":970,"w":196,"h":57},
	"rotated": false,
	"trimmed": false,
	"spriteSourceSize": {"x":0,"y":0,"w":196,"h":57},
	"sourceSize": {"w":196,"h":57},
	"pivot": {"x":0.5,"y":0.5}
},
"bigJackpotBox_2_028.png":
{
	"frame": {"x":214,"y":734,"w":196,"h":57},
	"rotated": false,
	"trimmed": false,
	"spriteSourceSize": {"x":0,"y":0,"w":196,"h":57},
	"sourceSize": {"w":196,"h":57},
	"pivot": {"x":0.5,"y":0.5}
},
"bigJackpotBox_3_000.png":
{
	"frame": {"x":823,"y":734,"w":211,"h":57},
	"rotated": false,
	"trimmed": false,
	"spriteSourceSize": {"x":0,"y":0,"w":211,"h":57},
	"sourceSize": {"w":211,"h":57},
	"pivot": {"x":0.5,"y":0.5}
},
"bigJackpotBox_3_001.png":
{
	"frame": {"x":1242,"y":675,"w":211,"h":57},
	"rotated": false,
	"trimmed": false,
	"spriteSourceSize": {"x":0,"y":0,"w":211,"h":57},
	"sourceSize": {"w":211,"h":57},
	"pivot": {"x":0.5,"y":0.5}
},
"bigJackpotBox_3_002.png":
{
	"frame": {"x":1653,"y":675,"w":211,"h":57},
	"rotated": false,
	"trimmed": false,
	"spriteSourceSize": {"x":0,"y":0,"w":211,"h":57},
	"sourceSize": {"w":211,"h":57},
	"pivot": {"x":0.5,"y":0.5}
},
"bigJackpotBox_3_003.png":
{
	"frame": {"x":633,"y":675,"w":211,"h":57},
	"rotated": false,
	"trimmed": false,
	"spriteSourceSize": {"x":0,"y":0,"w":211,"h":57},
	"sourceSize": {"w":211,"h":57},
	"pivot": {"x":0.5,"y":0.5}
},
"bigJackpotBox_3_004.png":
{
	"frame": {"x":1036,"y":734,"w":211,"h":57},
	"rotated": false,
	"trimmed": false,
	"spriteSourceSize": {"x":0,"y":0,"w":211,"h":57},
	"sourceSize": {"w":211,"h":57},
	"pivot": {"x":0.5,"y":0.5}
},
"bigJackpotBox_3_005.png":
{
	"frame": {"x":1,"y":734,"w":211,"h":57},
	"rotated": false,
	"trimmed": false,
	"spriteSourceSize": {"x":0,"y":0,"w":211,"h":57},
	"sourceSize": {"w":211,"h":57},
	"pivot": {"x":0.5,"y":0.5}
},
"bigJackpotBox_3_006.png":
{
	"frame": {"x":412,"y":734,"w":211,"h":57},
	"rotated": false,
	"trimmed": false,
	"spriteSourceSize": {"x":0,"y":0,"w":211,"h":57},
	"sourceSize": {"w":211,"h":57},
	"pivot": {"x":0.5,"y":0.5}
},
"bigJackpotBox_3_007.png":
{
	"frame": {"x":1403,"y":911,"w":211,"h":57},
	"rotated": false,
	"trimmed": false,
	"spriteSourceSize": {"x":0,"y":0,"w":211,"h":57},
	"sourceSize": {"w":211,"h":57},
	"pivot": {"x":0.5,"y":0.5}
},
"bigJackpotBox_3_008.png":
{
	"frame": {"x":619,"y":439,"w":211,"h":57},
	"rotated": false,
	"trimmed": false,
	"spriteSourceSize": {"x":0,"y":0,"w":211,"h":57},
	"sourceSize": {"w":211,"h":57},
	"pivot": {"x":0.5,"y":0.5}
},
"bigJackpotBox_3_009.png":
{
	"frame": {"x":1800,"y":557,"w":211,"h":57},
	"rotated": false,
	"trimmed": false,
	"spriteSourceSize": {"x":0,"y":0,"w":211,"h":57},
	"sourceSize": {"w":211,"h":57},
	"pivot": {"x":0.5,"y":0.5}
},
"bigJackpotBox_3_010.png":
{
	"frame": {"x":1374,"y":557,"w":211,"h":57},
	"rotated": false,
	"trimmed": false,
	"spriteSourceSize": {"x":0,"y":0,"w":211,"h":57},
	"sourceSize": {"w":211,"h":57},
	"pivot": {"x":0.5,"y":0.5}
},
"bigJackpotBox_3_011.png":
{
	"frame": {"x":992,"y":498,"w":211,"h":57},
	"rotated": false,
	"trimmed": false,
	"spriteSourceSize": {"x":0,"y":0,"w":211,"h":57},
	"sourceSize": {"w":211,"h":57},
	"pivot": {"x":0.5,"y":0.5}
},
"bigJackpotBox_3_012.png":
{
	"frame": {"x":1418,"y":498,"w":211,"h":57},
	"rotated": false,
	"trimmed": false,
	"spriteSourceSize": {"x":0,"y":0,"w":211,"h":57},
	"sourceSize": {"w":211,"h":57},
	"pivot": {"x":0.5,"y":0.5}
},
"bigJackpotBox_3_013.png":
{
	"frame": {"x":390,"y":498,"w":211,"h":57},
	"rotated": false,
	"trimmed": false,
	"spriteSourceSize": {"x":0,"y":0,"w":211,"h":57},
	"sourceSize": {"w":211,"h":57},
	"pivot": {"x":0.5,"y":0.5}
},
"bigJackpotBox_3_014.png":
{
	"frame": {"x":1631,"y":498,"w":211,"h":57},
	"rotated": false,
	"trimmed": false,
	"spriteSourceSize": {"x":0,"y":0,"w":211,"h":57},
	"sourceSize": {"w":211,"h":57},
	"pivot": {"x":0.5,"y":0.5}
},
"bigJackpotBox_3_015.png":
{
	"frame": {"x":779,"y":498,"w":211,"h":57},
	"rotated": false,
	"trimmed": false,
	"spriteSourceSize": {"x":0,"y":0,"w":211,"h":57},
	"sourceSize": {"w":211,"h":57},
	"pivot": {"x":0.5,"y":0.5}
},
"bigJackpotBox_3_016.png":
{
	"frame": {"x":1205,"y":498,"w":211,"h":57},
	"rotated": false,
	"trimmed": false,
	"spriteSourceSize": {"x":0,"y":0,"w":211,"h":57},
	"sourceSize": {"w":211,"h":57},
	"pivot": {"x":0.5,"y":0.5}
},
"bigJackpotBox_3_017.png":
{
	"frame": {"x":948,"y":616,"w":211,"h":57},
	"rotated": false,
	"trimmed": false,
	"spriteSourceSize": {"x":0,"y":0,"w":211,"h":57},
	"sourceSize": {"w":211,"h":57},
	"pivot": {"x":0.5,"y":0.5}
},
"bigJackpotBox_3_018.png":
{
	"frame": {"x":1587,"y":557,"w":211,"h":57},
	"rotated": false,
	"trimmed": false,
	"spriteSourceSize": {"x":0,"y":0,"w":211,"h":57},
	"sourceSize": {"w":211,"h":57},
	"pivot": {"x":0.5,"y":0.5}
},
"bigJackpotBox_3_019.png":
{
	"frame": {"x":735,"y":616,"w":211,"h":57},
	"rotated": false,
	"trimmed": false,
	"spriteSourceSize": {"x":0,"y":0,"w":211,"h":57},
	"sourceSize": {"w":211,"h":57},
	"pivot": {"x":0.5,"y":0.5}
},
"bigJackpotBox_3_020.png":
{
	"frame": {"x":1,"y":675,"w":211,"h":57},
	"rotated": false,
	"trimmed": false,
	"spriteSourceSize": {"x":0,"y":0,"w":211,"h":57},
	"sourceSize": {"w":211,"h":57},
	"pivot": {"x":0.5,"y":0.5}
},
"bigJackpotBox_3_021.png":
{
	"frame": {"x":1763,"y":616,"w":211,"h":57},
	"rotated": false,
	"trimmed": false,
	"spriteSourceSize": {"x":0,"y":0,"w":211,"h":57},
	"sourceSize": {"w":211,"h":57},
	"pivot": {"x":0.5,"y":0.5}
},
"bigJackpotBox_3_022.png":
{
	"frame": {"x":1550,"y":616,"w":211,"h":57},
	"rotated": false,
	"trimmed": false,
	"spriteSourceSize": {"x":0,"y":0,"w":211,"h":57},
	"sourceSize": {"w":211,"h":57},
	"pivot": {"x":0.5,"y":0.5}
},
"bigJackpotBox_3_023.png":
{
	"frame": {"x":1161,"y":616,"w":211,"h":57},
	"rotated": false,
	"trimmed": false,
	"spriteSourceSize": {"x":0,"y":0,"w":211,"h":57},
	"sourceSize": {"w":211,"h":57},
	"pivot": {"x":0.5,"y":0.5}
},
"bigJackpotBox_3_024.png":
{
	"frame": {"x":214,"y":675,"w":211,"h":57},
	"rotated": false,
	"trimmed": false,
	"spriteSourceSize": {"x":0,"y":0,"w":211,"h":57},
	"sourceSize": {"w":211,"h":57},
	"pivot": {"x":0.5,"y":0.5}
},
"bigJackpotBox_3_025.png":
{
	"frame": {"x":420,"y":557,"w":211,"h":57},
	"rotated": false,
	"trimmed": false,
	"spriteSourceSize": {"x":0,"y":0,"w":211,"h":57},
	"sourceSize": {"w":211,"h":57},
	"pivot": {"x":0.5,"y":0.5}
},
"bigJackpotBox_3_026.png":
{
	"frame": {"x":633,"y":557,"w":211,"h":57},
	"rotated": false,
	"trimmed": false,
	"spriteSourceSize": {"x":0,"y":0,"w":211,"h":57},
	"sourceSize": {"w":211,"h":57},
	"pivot": {"x":0.5,"y":0.5}
},
"bigJackpotBox_3_027.png":
{
	"frame": {"x":207,"y":557,"w":211,"h":57},
	"rotated": false,
	"trimmed": false,
	"spriteSourceSize": {"x":0,"y":0,"w":211,"h":57},
	"sourceSize": {"w":211,"h":57},
	"pivot": {"x":0.5,"y":0.5}
},
"bigJackpotBox_3_028.png":
{
	"frame": {"x":177,"y":498,"w":211,"h":57},
	"rotated": false,
	"trimmed": false,
	"spriteSourceSize": {"x":0,"y":0,"w":211,"h":57},
	"sourceSize": {"w":211,"h":57},
	"pivot": {"x":0.5,"y":0.5}
},
"dust_fall_000.png":
{
	"frame": {"x":459,"y":1029,"w":237,"h":109},
	"rotated": false,
	"trimmed": true,
	"spriteSourceSize": {"x":14,"y":0,"w":237,"h":109},
	"sourceSize": {"w":266,"h":160},
	"pivot": {"x":0.5,"y":0.5}
},
"dust_fall_001.png":
{
	"frame": {"x":698,"y":1029,"w":236,"h":121},
	"rotated": false,
	"trimmed": true,
	"spriteSourceSize": {"x":16,"y":0,"w":236,"h":121},
	"sourceSize": {"w":266,"h":160},
	"pivot": {"x":0.5,"y":0.5}
},
"dust_fall_002.png":
{
	"frame": {"x":936,"y":1029,"w":236,"h":128},
	"rotated": false,
	"trimmed": true,
	"spriteSourceSize": {"x":16,"y":1,"w":236,"h":128},
	"sourceSize": {"w":266,"h":160},
	"pivot": {"x":0.5,"y":0.5}
},
"dust_fall_003.png":
{
	"frame": {"x":1174,"y":1029,"w":237,"h":138},
	"rotated": false,
	"trimmed": true,
	"spriteSourceSize": {"x":16,"y":1,"w":237,"h":138},
	"sourceSize": {"w":266,"h":160},
	"pivot": {"x":0.5,"y":0.5}
},
"dust_fall_004.png":
{
	"frame": {"x":1413,"y":1029,"w":240,"h":143},
	"rotated": false,
	"trimmed": true,
	"spriteSourceSize": {"x":14,"y":2,"w":240,"h":143},
	"sourceSize": {"w":266,"h":160},
	"pivot": {"x":0.5,"y":0.5}
},
"dust_fall_005.png":
{
	"frame": {"x":1655,"y":1029,"w":243,"h":148},
	"rotated": false,
	"trimmed": true,
	"spriteSourceSize": {"x":12,"y":3,"w":243,"h":148},
	"sourceSize": {"w":266,"h":160},
	"pivot": {"x":0.5,"y":0.5}
},
"dust_fall_006.png":
{
	"frame": {"x":246,"y":1338,"w":247,"h":157},
	"rotated": false,
	"trimmed": true,
	"spriteSourceSize": {"x":10,"y":3,"w":247,"h":157},
	"sourceSize": {"w":266,"h":160},
	"pivot": {"x":0.5,"y":0.5}
},
"dust_fall_007.png":
{
	"frame": {"x":511,"y":1179,"w":245,"h":156},
	"rotated": false,
	"trimmed": true,
	"spriteSourceSize": {"x":12,"y":4,"w":245,"h":156},
	"sourceSize": {"w":266,"h":160},
	"pivot": {"x":0.5,"y":0.5}
},
"dust_fall_008.png":
{
	"frame": {"x":265,"y":1179,"w":244,"h":156},
	"rotated": false,
	"trimmed": true,
	"spriteSourceSize": {"x":15,"y":4,"w":244,"h":156},
	"sourceSize": {"w":266,"h":160},
	"pivot": {"x":0.5,"y":0.5}
},
"dust_fall_009.png":
{
	"frame": {"x":1542,"y":1179,"w":245,"h":157},
	"rotated": false,
	"trimmed": true,
	"spriteSourceSize": {"x":16,"y":3,"w":245,"h":157},
	"sourceSize": {"w":266,"h":160},
	"pivot": {"x":0.5,"y":0.5}
},
"dust_fall_010.png":
{
	"frame": {"x":1,"y":1338,"w":243,"h":157},
	"rotated": false,
	"trimmed": true,
	"spriteSourceSize": {"x":18,"y":3,"w":243,"h":157},
	"sourceSize": {"w":266,"h":160},
	"pivot": {"x":0.5,"y":0.5}
},
"dust_fall_011.png":
{
	"frame": {"x":1011,"y":1338,"w":236,"h":158},
	"rotated": false,
	"trimmed": true,
	"spriteSourceSize": {"x":19,"y":2,"w":236,"h":158},
	"sourceSize": {"w":266,"h":160},
	"pivot": {"x":0.5,"y":0.5}
},
"dust_fall_012.png":
{
	"frame": {"x":511,"y":1498,"w":235,"h":158},
	"rotated": false,
	"trimmed": true,
	"spriteSourceSize": {"x":18,"y":1,"w":235,"h":158},
	"sourceSize": {"w":266,"h":160},
	"pivot": {"x":0.5,"y":0.5}
},
"dust_fall_013.png":
{
	"frame": {"x":255,"y":1498,"w":254,"h":158},
	"rotated": false,
	"trimmed": true,
	"spriteSourceSize": {"x":6,"y":0,"w":254,"h":158},
	"sourceSize": {"w":266,"h":160},
	"pivot": {"x":0.5,"y":0.5}
},
"dust_fall_014.png":
{
	"frame": {"x":1,"y":1498,"w":252,"h":158},
	"rotated": false,
	"trimmed": true,
	"spriteSourceSize": {"x":7,"y":0,"w":252,"h":158},
	"sourceSize": {"w":266,"h":160},
	"pivot": {"x":0.5,"y":0.5}
},
"dust_fall_015.png":
{
	"frame": {"x":1024,"y":1179,"w":250,"h":157},
	"rotated": false,
	"trimmed": true,
	"spriteSourceSize": {"x":8,"y":0,"w":250,"h":157},
	"sourceSize": {"w":266,"h":160},
	"pivot": {"x":0.5,"y":0.5}
},
"dust_fall_016.png":
{
	"frame": {"x":1789,"y":1179,"w":248,"h":157},
	"rotated": false,
	"trimmed": true,
	"spriteSourceSize": {"x":9,"y":0,"w":248,"h":157},
	"sourceSize": {"w":266,"h":160},
	"pivot": {"x":0.5,"y":0.5}
},
"dust_fall_017.png":
{
	"frame": {"x":495,"y":1338,"w":246,"h":158},
	"rotated": false,
	"trimmed": true,
	"spriteSourceSize": {"x":10,"y":0,"w":246,"h":158},
	"sourceSize": {"w":266,"h":160},
	"pivot": {"x":0.5,"y":0.5}
},
"dust_fall_018.png":
{
	"frame": {"x":1249,"y":1338,"w":241,"h":158},
	"rotated": false,
	"trimmed": true,
	"spriteSourceSize": {"x":11,"y":0,"w":241,"h":158},
	"sourceSize": {"w":266,"h":160},
	"pivot": {"x":0.5,"y":0.5}
},
"dust_fall_019.png":
{
	"frame": {"x":1492,"y":1338,"w":240,"h":158},
	"rotated": false,
	"trimmed": true,
	"spriteSourceSize": {"x":12,"y":0,"w":240,"h":158},
	"sourceSize": {"w":266,"h":160},
	"pivot": {"x":0.5,"y":0.5}
},
"dust_fall_020.png":
{
	"frame": {"x":743,"y":1338,"w":266,"h":158},
	"rotated": false,
	"trimmed": true,
	"spriteSourceSize": {"x":0,"y":0,"w":266,"h":158},
	"sourceSize": {"w":266,"h":160},
	"pivot": {"x":0.5,"y":0.5}
},
"dust_fall_021.png":
{
	"frame": {"x":1734,"y":1338,"w":266,"h":158},
	"rotated": false,
	"trimmed": true,
	"spriteSourceSize": {"x":0,"y":0,"w":266,"h":158},
	"sourceSize": {"w":266,"h":160},
	"pivot": {"x":0.5,"y":0.5}
},
"dust_fall_022.png":
{
	"frame": {"x":758,"y":1179,"w":264,"h":157},
	"rotated": false,
	"trimmed": true,
	"spriteSourceSize": {"x":1,"y":0,"w":264,"h":157},
	"sourceSize": {"w":266,"h":160},
	"pivot": {"x":0.5,"y":0.5}
},
"dust_fall_023.png":
{
	"frame": {"x":1276,"y":1179,"w":264,"h":157},
	"rotated": false,
	"trimmed": true,
	"spriteSourceSize": {"x":1,"y":0,"w":264,"h":157},
	"sourceSize": {"w":266,"h":160},
	"pivot": {"x":0.5,"y":0.5}
},
"dust_fall_024.png":
{
	"frame": {"x":1,"y":1179,"w":262,"h":154},
	"rotated": false,
	"trimmed": true,
	"spriteSourceSize": {"x":2,"y":0,"w":262,"h":154},
	"sourceSize": {"w":266,"h":160},
	"pivot": {"x":0.5,"y":0.5}
},
"efekt_switch_000.png":
{
	"frame": {"x":748,"y":1498,"w":300,"h":300},
	"rotated": false,
	"trimmed": false,
	"spriteSourceSize": {"x":0,"y":0,"w":300,"h":300},
	"sourceSize": {"w":300,"h":300},
	"pivot": {"x":0.5,"y":0.5}
},
"efekt_switch_001.png":
{
	"frame": {"x":1050,"y":1498,"w":300,"h":300},
	"rotated": false,
	"trimmed": false,
	"spriteSourceSize": {"x":0,"y":0,"w":300,"h":300},
	"sourceSize": {"w":300,"h":300},
	"pivot": {"x":0.5,"y":0.5}
},
"efekt_switch_002.png":
{
	"frame": {"x":1352,"y":1498,"w":300,"h":300},
	"rotated": false,
	"trimmed": false,
	"spriteSourceSize": {"x":0,"y":0,"w":300,"h":300},
	"sourceSize": {"w":300,"h":300},
	"pivot": {"x":0.5,"y":0.5}
},
"pergament_000.png":
{
	"frame": {"x":514,"y":321,"w":59,"h":49},
	"rotated": false,
	"trimmed": true,
	"spriteSourceSize": {"x":1,"y":0,"w":59,"h":49},
	"sourceSize": {"w":61,"h":61},
	"pivot": {"x":0.5,"y":0.5}
},
"pergament_001.png":
{
	"frame": {"x":844,"y":321,"w":60,"h":51},
	"rotated": false,
	"trimmed": true,
	"spriteSourceSize": {"x":0,"y":0,"w":60,"h":51},
	"sourceSize": {"w":61,"h":61},
	"pivot": {"x":0.5,"y":0.5}
},
"pergament_002.png":
{
	"frame": {"x":207,"y":1029,"w":61,"h":58},
	"rotated": false,
	"trimmed": true,
	"spriteSourceSize": {"x":0,"y":0,"w":61,"h":58},
	"sourceSize": {"w":61,"h":61},
	"pivot": {"x":0.5,"y":0.5}
},
"pergament_003.png":
{
	"frame": {"x":333,"y":1029,"w":61,"h":61},
	"rotated": false,
	"trimmed": false,
	"spriteSourceSize": {"x":0,"y":0,"w":61,"h":61},
	"sourceSize": {"w":61,"h":61},
	"pivot": {"x":0.5,"y":0.5}
},
"pergament_004.png":
{
	"frame": {"x":270,"y":1029,"w":61,"h":61},
	"rotated": false,
	"trimmed": false,
	"spriteSourceSize": {"x":0,"y":0,"w":61,"h":61},
	"sourceSize": {"w":61,"h":61},
	"pivot": {"x":0.5,"y":0.5}
},
"pergament_005.png":
{
	"frame": {"x":396,"y":1029,"w":61,"h":61},
	"rotated": false,
	"trimmed": false,
	"spriteSourceSize": {"x":0,"y":0,"w":61,"h":61},
	"sourceSize": {"w":61,"h":61},
	"pivot": {"x":0.5,"y":0.5}
},
"pile_sand_000.png":
{
	"frame": {"x":1160,"y":38,"w":50,"h":40},
	"rotated": false,
	"trimmed": true,
	"spriteSourceSize": {"x":0,"y":0,"w":50,"h":40},
	"sourceSize": {"w":50,"h":46},
	"pivot": {"x":0.5,"y":0.5}
},
"pile_sand_001.png":
{
	"frame": {"x":159,"y":82,"w":50,"h":42},
	"rotated": false,
	"trimmed": true,
	"spriteSourceSize": {"x":0,"y":0,"w":50,"h":42},
	"sourceSize": {"w":50,"h":46},
	"pivot": {"x":0.5,"y":0.5}
},
"pile_sand_002.png":
{
	"frame": {"x":294,"y":82,"w":50,"h":42},
	"rotated": false,
	"trimmed": true,
	"spriteSourceSize": {"x":0,"y":0,"w":50,"h":42},
	"sourceSize": {"w":50,"h":46},
	"pivot": {"x":0.5,"y":0.5}
},
"pile_sand_003.png":
{
	"frame": {"x":1,"y":222,"w":50,"h":46},
	"rotated": false,
	"trimmed": false,
	"spriteSourceSize": {"x":0,"y":0,"w":50,"h":46},
	"sourceSize": {"w":50,"h":46},
	"pivot": {"x":0.5,"y":0.5}
},
"pile_sand_004.png":
{
	"frame": {"x":639,"y":1,"w":50,"h":33},
	"rotated": false,
	"trimmed": true,
	"spriteSourceSize": {"x":0,"y":0,"w":50,"h":33},
	"sourceSize": {"w":50,"h":46},
	"pivot": {"x":0.5,"y":0.5}
},
"pile_sand_005.png":
{
	"frame": {"x":1906,"y":1,"w":50,"h":35},
	"rotated": false,
	"trimmed": true,
	"spriteSourceSize": {"x":0,"y":0,"w":50,"h":35},
	"sourceSize": {"w":50,"h":46},
	"pivot": {"x":0.5,"y":0.5}
},
"pile_sand_006.png":
{
	"frame": {"x":323,"y":38,"w":50,"h":37},
	"rotated": false,
	"trimmed": true,
	"spriteSourceSize": {"x":0,"y":0,"w":50,"h":37},
	"sourceSize": {"w":50,"h":46},
	"pivot": {"x":0.5,"y":0.5}
},
"pile_sand_007.png":
{
	"frame": {"x":573,"y":38,"w":50,"h":39},
	"rotated": false,
	"trimmed": true,
	"spriteSourceSize": {"x":0,"y":0,"w":50,"h":39},
	"sourceSize": {"w":50,"h":46},
	"pivot": {"x":0.5,"y":0.5}
},
"pile_sand_008.png":
{
	"frame": {"x":648,"y":38,"w":50,"h":39},
	"rotated": false,
	"trimmed": true,
	"spriteSourceSize": {"x":0,"y":0,"w":50,"h":39},
	"sourceSize": {"w":50,"h":46},
	"pivot": {"x":0.5,"y":0.5}
},
"pile_sand_009.png":
{
	"frame": {"x":1275,"y":38,"w":50,"h":41},
	"rotated": false,
	"trimmed": true,
	"spriteSourceSize": {"x":0,"y":0,"w":50,"h":41},
	"sourceSize": {"w":50,"h":46},
	"pivot": {"x":0.5,"y":0.5}
},
"scroll_number_08.png":
{
	"frame": {"x":1738,"y":1,"w":25,"h":35},
	"rotated": false,
	"trimmed": true,
	"spriteSourceSize": {"x":8,"y":17,"w":25,"h":35},
	"sourceSize": {"w":33,"h":52},
	"pivot": {"x":0.5,"y":0.5}
},
"small_bronze.png":
{
	"frame": {"x":409,"y":1,"w":73,"h":29},
	"rotated": false,
	"trimmed": true,
	"spriteSourceSize": {"x":8,"y":13,"w":73,"h":29},
	"sourceSize": {"w":90,"h":50},
	"pivot": {"x":0.5,"y":0.5}
},
"small_bronze_000.png":
{
	"frame": {"x":515,"y":82,"w":88,"h":42},
	"rotated": false,
	"trimmed": true,
	"spriteSourceSize": {"x":0,"y":0,"w":88,"h":42},
	"sourceSize": {"w":90,"h":50},
	"pivot": {"x":0.5,"y":0.5}
},
"small_bronze_001.png":
{
	"frame": {"x":1299,"y":82,"w":88,"h":42},
	"rotated": false,
	"trimmed": true,
	"spriteSourceSize": {"x":0,"y":0,"w":88,"h":42},
	"sourceSize": {"w":90,"h":50},
	"pivot": {"x":0.5,"y":0.5}
},
"small_bronze_002.png":
{
	"frame": {"x":605,"y":82,"w":88,"h":42},
	"rotated": false,
	"trimmed": true,
	"spriteSourceSize": {"x":0,"y":0,"w":88,"h":42},
	"sourceSize": {"w":90,"h":50},
	"pivot": {"x":0.5,"y":0.5}
},
"small_bronze_003.png":
{
	"frame": {"x":785,"y":82,"w":88,"h":42},
	"rotated": false,
	"trimmed": true,
	"spriteSourceSize": {"x":0,"y":0,"w":88,"h":42},
	"sourceSize": {"w":90,"h":50},
	"pivot": {"x":0.5,"y":0.5}
},
"small_bronze_004.png":
{
	"frame": {"x":695,"y":82,"w":88,"h":42},
	"rotated": false,
	"trimmed": true,
	"spriteSourceSize": {"x":0,"y":0,"w":88,"h":42},
	"sourceSize": {"w":90,"h":50},
	"pivot": {"x":0.5,"y":0.5}
},
"small_bronze_005.png":
{
	"frame": {"x":1126,"y":82,"w":88,"h":42},
	"rotated": false,
	"trimmed": true,
	"spriteSourceSize": {"x":0,"y":0,"w":88,"h":42},
	"sourceSize": {"w":90,"h":50},
	"pivot": {"x":0.5,"y":0.5}
},
"small_bronze_006.png":
{
	"frame": {"x":1036,"y":82,"w":88,"h":42},
	"rotated": false,
	"trimmed": true,
	"spriteSourceSize": {"x":0,"y":0,"w":88,"h":42},
	"sourceSize": {"w":90,"h":50},
	"pivot": {"x":0.5,"y":0.5}
},
"small_bronze_007.png":
{
	"frame": {"x":1292,"y":271,"w":88,"h":47},
	"rotated": false,
	"trimmed": true,
	"spriteSourceSize": {"x":0,"y":0,"w":88,"h":47},
	"sourceSize": {"w":90,"h":50},
	"pivot": {"x":0.5,"y":0.5}
},
"small_bronze_008.png":
{
	"frame": {"x":1537,"y":271,"w":88,"h":47},
	"rotated": false,
	"trimmed": true,
	"spriteSourceSize": {"x":0,"y":0,"w":88,"h":47},
	"sourceSize": {"w":90,"h":50},
	"pivot": {"x":0.5,"y":0.5}
},
"small_bronze_009.png":
{
	"frame": {"x":935,"y":271,"w":88,"h":47},
	"rotated": false,
	"trimmed": true,
	"spriteSourceSize": {"x":0,"y":0,"w":88,"h":47},
	"sourceSize": {"w":90,"h":50},
	"pivot": {"x":0.5,"y":0.5}
},
"small_bronze_010.png":
{
	"frame": {"x":845,"y":271,"w":88,"h":47},
	"rotated": false,
	"trimmed": true,
	"spriteSourceSize": {"x":0,"y":0,"w":88,"h":47},
	"sourceSize": {"w":90,"h":50},
	"pivot": {"x":0.5,"y":0.5}
},
"small_bronze_011.png":
{
	"frame": {"x":1735,"y":174,"w":88,"h":46},
	"rotated": false,
	"trimmed": true,
	"spriteSourceSize": {"x":0,"y":0,"w":88,"h":46},
	"sourceSize": {"w":90,"h":50},
	"pivot": {"x":0.5,"y":0.5}
},
"small_bronze_012.png":
{
	"frame": {"x":53,"y":222,"w":88,"h":46},
	"rotated": false,
	"trimmed": true,
	"spriteSourceSize": {"x":0,"y":0,"w":88,"h":46},
	"sourceSize": {"w":90,"h":50},
	"pivot": {"x":0.5,"y":0.5}
},
"small_bronze_013.png":
{
	"frame": {"x":484,"y":174,"w":88,"h":45},
	"rotated": false,
	"trimmed": true,
	"spriteSourceSize": {"x":0,"y":0,"w":88,"h":45},
	"sourceSize": {"w":90,"h":50},
	"pivot": {"x":0.5,"y":0.5}
},
"small_bronze_014.png":
{
	"frame": {"x":1621,"y":127,"w":88,"h":45},
	"rotated": false,
	"trimmed": true,
	"spriteSourceSize": {"x":0,"y":0,"w":88,"h":45},
	"sourceSize": {"w":90,"h":50},
	"pivot": {"x":0.5,"y":0.5}
},
"small_bronze_015.png":
{
	"frame": {"x":1121,"y":127,"w":88,"h":44},
	"rotated": false,
	"trimmed": true,
	"spriteSourceSize": {"x":0,"y":0,"w":88,"h":44},
	"sourceSize": {"w":90,"h":50},
	"pivot": {"x":0.5,"y":0.5}
},
"small_bronze_016.png":
{
	"frame": {"x":1279,"y":127,"w":88,"h":44},
	"rotated": false,
	"trimmed": true,
	"spriteSourceSize": {"x":0,"y":0,"w":88,"h":44},
	"sourceSize": {"w":90,"h":50},
	"pivot": {"x":0.5,"y":0.5}
},
"small_bronze_017.png":
{
	"frame": {"x":1554,"y":82,"w":88,"h":43},
	"rotated": false,
	"trimmed": true,
	"spriteSourceSize": {"x":0,"y":0,"w":88,"h":43},
	"sourceSize": {"w":90,"h":50},
	"pivot": {"x":0.5,"y":0.5}
},
"small_bronze_018.png":
{
	"frame": {"x":1464,"y":82,"w":88,"h":43},
	"rotated": false,
	"trimmed": true,
	"spriteSourceSize": {"x":0,"y":0,"w":88,"h":43},
	"sourceSize": {"w":90,"h":50},
	"pivot": {"x":0.5,"y":0.5}
},
"small_bronze_019.png":
{
	"frame": {"x":1762,"y":82,"w":88,"h":43},
	"rotated": false,
	"trimmed": true,
	"spriteSourceSize": {"x":0,"y":0,"w":88,"h":43},
	"sourceSize": {"w":90,"h":50},
	"pivot": {"x":0.5,"y":0.5}
},
"small_bronze_020.png":
{
	"frame": {"x":1030,"y":222,"w":88,"h":46},
	"rotated": false,
	"trimmed": true,
	"spriteSourceSize": {"x":0,"y":0,"w":88,"h":46},
	"sourceSize": {"w":90,"h":50},
	"pivot": {"x":0.5,"y":0.5}
},
"small_bronze_021.png":
{
	"frame": {"x":1352,"y":174,"w":88,"h":46},
	"rotated": false,
	"trimmed": true,
	"spriteSourceSize": {"x":0,"y":0,"w":88,"h":46},
	"sourceSize": {"w":90,"h":50},
	"pivot": {"x":0.5,"y":0.5}
},
"small_bronze_022.png":
{
	"frame": {"x":1262,"y":174,"w":88,"h":46},
	"rotated": false,
	"trimmed": true,
	"spriteSourceSize": {"x":0,"y":0,"w":88,"h":46},
	"sourceSize": {"w":90,"h":50},
	"pivot": {"x":0.5,"y":0.5}
},
"small_bronze_023.png":
{
	"frame": {"x":1742,"y":127,"w":88,"h":45},
	"rotated": false,
	"trimmed": true,
	"spriteSourceSize": {"x":0,"y":0,"w":88,"h":45},
	"sourceSize": {"w":90,"h":50},
	"pivot": {"x":0.5,"y":0.5}
},
"small_bronze_024.png":
{
	"frame": {"x":81,"y":174,"w":88,"h":45},
	"rotated": false,
	"trimmed": true,
	"spriteSourceSize": {"x":0,"y":0,"w":88,"h":45},
	"sourceSize": {"w":90,"h":50},
	"pivot": {"x":0.5,"y":0.5}
},
"small_bronze_025.png":
{
	"frame": {"x":1832,"y":127,"w":88,"h":45},
	"rotated": false,
	"trimmed": true,
	"spriteSourceSize": {"x":0,"y":0,"w":88,"h":45},
	"sourceSize": {"w":90,"h":50},
	"pivot": {"x":0.5,"y":0.5}
},
"small_bronze_026.png":
{
	"frame": {"x":1369,"y":127,"w":88,"h":44},
	"rotated": false,
	"trimmed": true,
	"spriteSourceSize": {"x":0,"y":0,"w":88,"h":44},
	"sourceSize": {"w":90,"h":50},
	"pivot": {"x":0.5,"y":0.5}
},
"small_bronze_027.png":
{
	"frame": {"x":405,"y":127,"w":88,"h":44},
	"rotated": false,
	"trimmed": true,
	"spriteSourceSize": {"x":0,"y":0,"w":88,"h":44},
	"sourceSize": {"w":90,"h":50},
	"pivot": {"x":0.5,"y":0.5}
},
"small_bronze_028.png":
{
	"frame": {"x":1638,"y":38,"w":88,"h":42},
	"rotated": false,
	"trimmed": true,
	"spriteSourceSize": {"x":0,"y":0,"w":88,"h":42},
	"sourceSize": {"w":90,"h":50},
	"pivot": {"x":0.5,"y":0.5}
},
"small_bronze_txt.png":
{
	"frame": {"x":175,"y":1,"w":88,"h":23},
	"rotated": false,
	"trimmed": true,
	"spriteSourceSize": {"x":0,"y":0,"w":88,"h":23},
	"sourceSize": {"w":90,"h":50},
	"pivot": {"x":0.5,"y":0.5}
},
"small_gold.png":
{
	"frame": {"x":334,"y":1,"w":73,"h":29},
	"rotated": false,
	"trimmed": true,
	"spriteSourceSize": {"x":8,"y":13,"w":73,"h":29},
	"sourceSize": {"w":90,"h":50},
	"pivot": {"x":0.5,"y":0.5}
},
"small_gold_000.png":
{
	"frame": {"x":1563,"y":38,"w":73,"h":42},
	"rotated": false,
	"trimmed": true,
	"spriteSourceSize": {"x":8,"y":0,"w":73,"h":42},
	"sourceSize": {"w":90,"h":50},
	"pivot": {"x":0.5,"y":0.5}
},
"small_gold_001.png":
{
	"frame": {"x":1563,"y":38,"w":73,"h":42},
	"rotated": false,
	"trimmed": true,
	"spriteSourceSize": {"x":8,"y":0,"w":73,"h":42},
	"sourceSize": {"w":90,"h":50},
	"pivot": {"x":0.5,"y":0.5}
},
"small_gold_002.png":
{
	"frame": {"x":1,"y":82,"w":73,"h":42},
	"rotated": false,
	"trimmed": true,
	"spriteSourceSize": {"x":8,"y":0,"w":73,"h":42},
	"sourceSize": {"w":90,"h":50},
	"pivot": {"x":0.5,"y":0.5}
},
"small_gold_003.png":
{
	"frame": {"x":1811,"y":38,"w":73,"h":42},
	"rotated": false,
	"trimmed": true,
	"spriteSourceSize": {"x":8,"y":0,"w":73,"h":42},
	"sourceSize": {"w":90,"h":50},
	"pivot": {"x":0.5,"y":0.5}
},
"small_gold_004.png":
{
	"frame": {"x":961,"y":82,"w":73,"h":42},
	"rotated": false,
	"trimmed": true,
	"spriteSourceSize": {"x":8,"y":0,"w":73,"h":42},
	"sourceSize": {"w":90,"h":50},
	"pivot": {"x":0.5,"y":0.5}
},
"small_gold_005.png":
{
	"frame": {"x":1728,"y":38,"w":81,"h":42},
	"rotated": false,
	"trimmed": true,
	"spriteSourceSize": {"x":0,"y":0,"w":81,"h":42},
	"sourceSize": {"w":90,"h":50},
	"pivot": {"x":0.5,"y":0.5}
},
"small_gold_006.png":
{
	"frame": {"x":76,"y":82,"w":81,"h":42},
	"rotated": false,
	"trimmed": true,
	"spriteSourceSize": {"x":0,"y":0,"w":81,"h":42},
	"sourceSize": {"w":90,"h":50},
	"pivot": {"x":0.5,"y":0.5}
},
"small_gold_007.png":
{
	"frame": {"x":478,"y":271,"w":81,"h":47},
	"rotated": false,
	"trimmed": true,
	"spriteSourceSize": {"x":0,"y":0,"w":81,"h":47},
	"sourceSize": {"w":90,"h":50},
	"pivot": {"x":0.5,"y":0.5}
},
"small_gold_008.png":
{
	"frame": {"x":677,"y":271,"w":80,"h":47},
	"rotated": false,
	"trimmed": true,
	"spriteSourceSize": {"x":1,"y":0,"w":80,"h":47},
	"sourceSize": {"w":90,"h":50},
	"pivot": {"x":0.5,"y":0.5}
},
"small_gold_009.png":
{
	"frame": {"x":365,"y":271,"w":80,"h":47},
	"rotated": false,
	"trimmed": true,
	"spriteSourceSize": {"x":1,"y":0,"w":80,"h":47},
	"sourceSize": {"w":90,"h":50},
	"pivot": {"x":0.5,"y":0.5}
},
"small_gold_010.png":
{
	"frame": {"x":561,"y":271,"w":79,"h":47},
	"rotated": false,
	"trimmed": true,
	"spriteSourceSize": {"x":2,"y":0,"w":79,"h":47},
	"sourceSize": {"w":90,"h":50},
	"pivot": {"x":0.5,"y":0.5}
},
"small_gold_011.png":
{
	"frame": {"x":1385,"y":222,"w":79,"h":46},
	"rotated": false,
	"trimmed": true,
	"spriteSourceSize": {"x":2,"y":0,"w":79,"h":46},
	"sourceSize": {"w":90,"h":50},
	"pivot": {"x":0.5,"y":0.5}
},
"small_gold_012.png":
{
	"frame": {"x":1618,"y":222,"w":78,"h":46},
	"rotated": false,
	"trimmed": true,
	"spriteSourceSize": {"x":3,"y":0,"w":78,"h":46},
	"sourceSize": {"w":90,"h":50},
	"pivot": {"x":0.5,"y":0.5}
},
"small_gold_013.png":
{
	"frame": {"x":329,"y":174,"w":78,"h":45},
	"rotated": false,
	"trimmed": true,
	"spriteSourceSize": {"x":3,"y":0,"w":78,"h":45},
	"sourceSize": {"w":90,"h":50},
	"pivot": {"x":0.5,"y":0.5}
},
"small_gold_014.png":
{
	"frame": {"x":1,"y":174,"w":78,"h":45},
	"rotated": false,
	"trimmed": true,
	"spriteSourceSize": {"x":3,"y":0,"w":78,"h":45},
	"sourceSize": {"w":90,"h":50},
	"pivot": {"x":0.5,"y":0.5}
},
"small_gold_015.png":
{
	"frame": {"x":613,"y":127,"w":77,"h":44},
	"rotated": false,
	"trimmed": true,
	"spriteSourceSize": {"x":4,"y":0,"w":77,"h":44},
	"sourceSize": {"w":90,"h":50},
	"pivot": {"x":0.5,"y":0.5}
},
"small_gold_016.png":
{
	"frame": {"x":1459,"y":127,"w":77,"h":44},
	"rotated": false,
	"trimmed": true,
	"spriteSourceSize": {"x":4,"y":0,"w":77,"h":44},
	"sourceSize": {"w":90,"h":50},
	"pivot": {"x":0.5,"y":0.5}
},
"small_gold_017.png":
{
	"frame": {"x":167,"y":127,"w":76,"h":43},
	"rotated": false,
	"trimmed": true,
	"spriteSourceSize": {"x":5,"y":0,"w":76,"h":43},
	"sourceSize": {"w":90,"h":50},
	"pivot": {"x":0.5,"y":0.5}
},
"small_gold_018.png":
{
	"frame": {"x":245,"y":127,"w":75,"h":43},
	"rotated": false,
	"trimmed": true,
	"spriteSourceSize": {"x":6,"y":0,"w":75,"h":43},
	"sourceSize": {"w":90,"h":50},
	"pivot": {"x":0.5,"y":0.5}
},
"small_gold_019.png":
{
	"frame": {"x":1917,"y":82,"w":75,"h":43},
	"rotated": false,
	"trimmed": true,
	"spriteSourceSize": {"x":6,"y":0,"w":75,"h":43},
	"sourceSize": {"w":90,"h":50},
	"pivot": {"x":0.5,"y":0.5}
},
"small_gold_020.png":
{
	"frame": {"x":1466,"y":222,"w":74,"h":46},
	"rotated": false,
	"trimmed": true,
	"spriteSourceSize": {"x":7,"y":0,"w":74,"h":46},
	"sourceSize": {"w":90,"h":50},
	"pivot": {"x":0.5,"y":0.5}
},
"small_gold_021.png":
{
	"frame": {"x":1533,"y":174,"w":74,"h":46},
	"rotated": false,
	"trimmed": true,
	"spriteSourceSize": {"x":7,"y":0,"w":74,"h":46},
	"sourceSize": {"w":90,"h":50},
	"pivot": {"x":0.5,"y":0.5}
},
"small_gold_022.png":
{
	"frame": {"x":1542,"y":222,"w":74,"h":46},
	"rotated": false,
	"trimmed": true,
	"spriteSourceSize": {"x":7,"y":0,"w":74,"h":46},
	"sourceSize": {"w":90,"h":50},
	"pivot": {"x":0.5,"y":0.5}
},
"small_gold_023.png":
{
	"frame": {"x":171,"y":174,"w":73,"h":45},
	"rotated": false,
	"trimmed": true,
	"spriteSourceSize": {"x":8,"y":0,"w":73,"h":45},
	"sourceSize": {"w":90,"h":50},
	"pivot": {"x":0.5,"y":0.5}
},
"small_gold_024.png":
{
	"frame": {"x":409,"y":174,"w":73,"h":45},
	"rotated": false,
	"trimmed": true,
	"spriteSourceSize": {"x":8,"y":0,"w":73,"h":45},
	"sourceSize": {"w":90,"h":50},
	"pivot": {"x":0.5,"y":0.5}
},
"small_gold_025.png":
{
	"frame": {"x":574,"y":174,"w":73,"h":45},
	"rotated": false,
	"trimmed": true,
	"spriteSourceSize": {"x":8,"y":0,"w":73,"h":45},
	"sourceSize": {"w":90,"h":50},
	"pivot": {"x":0.5,"y":0.5}
},
"small_gold_026.png":
{
	"frame": {"x":1046,"y":127,"w":73,"h":44},
	"rotated": false,
	"trimmed": true,
	"spriteSourceSize": {"x":8,"y":0,"w":73,"h":44},
	"sourceSize": {"w":90,"h":50},
	"pivot": {"x":0.5,"y":0.5}
},
"small_gold_027.png":
{
	"frame": {"x":889,"y":127,"w":73,"h":44},
	"rotated": false,
	"trimmed": true,
	"spriteSourceSize": {"x":8,"y":0,"w":73,"h":44},
	"sourceSize": {"w":90,"h":50},
	"pivot": {"x":0.5,"y":0.5}
},
"small_gold_028.png":
{
	"frame": {"x":1389,"y":82,"w":73,"h":42},
	"rotated": false,
	"trimmed": true,
	"spriteSourceSize": {"x":8,"y":0,"w":73,"h":42},
	"sourceSize": {"w":90,"h":50},
	"pivot": {"x":0.5,"y":0.5}
},
"small_gold_txt.png":
{
	"frame": {"x":265,"y":1,"w":67,"h":23},
	"rotated": false,
	"trimmed": true,
	"spriteSourceSize": {"x":11,"y":0,"w":67,"h":23},
	"sourceSize": {"w":90,"h":50},
	"pivot": {"x":0.5,"y":0.5}
},
"small_plat.png":
{
	"frame": {"x":964,"y":127,"w":80,"h":44},
	"rotated": false,
	"trimmed": true,
	"spriteSourceSize": {"x":5,"y":2,"w":80,"h":44},
	"sourceSize": {"w":90,"h":50},
	"pivot": {"x":0.5,"y":0.5}
},
"small_plat_000.png":
{
	"frame": {"x":1916,"y":174,"w":89,"h":46},
	"rotated": false,
	"trimmed": true,
	"spriteSourceSize": {"x":0,"y":0,"w":89,"h":46},
	"sourceSize": {"w":90,"h":50},
	"pivot": {"x":0.5,"y":0.5}
},
"small_plat_001.png":
{
	"frame": {"x":898,"y":174,"w":89,"h":46},
	"rotated": false,
	"trimmed": true,
	"spriteSourceSize": {"x":0,"y":0,"w":89,"h":46},
	"sourceSize": {"w":90,"h":50},
	"pivot": {"x":0.5,"y":0.5}
},
"small_plat_002.png":
{
	"frame": {"x":1442,"y":174,"w":89,"h":46},
	"rotated": false,
	"trimmed": true,
	"spriteSourceSize": {"x":0,"y":0,"w":89,"h":46},
	"sourceSize": {"w":90,"h":50},
	"pivot": {"x":0.5,"y":0.5}
},
"small_plat_003.png":
{
	"frame": {"x":1171,"y":174,"w":89,"h":46},
	"rotated": false,
	"trimmed": true,
	"spriteSourceSize": {"x":0,"y":0,"w":89,"h":46},
	"sourceSize": {"w":90,"h":50},
	"pivot": {"x":0.5,"y":0.5}
},
"small_plat_004.png":
{
	"frame": {"x":143,"y":222,"w":89,"h":46},
	"rotated": false,
	"trimmed": true,
	"spriteSourceSize": {"x":0,"y":0,"w":89,"h":46},
	"sourceSize": {"w":90,"h":50},
	"pivot": {"x":0.5,"y":0.5}
},
"small_plat_005.png":
{
	"frame": {"x":1080,"y":174,"w":89,"h":46},
	"rotated": false,
	"trimmed": true,
	"spriteSourceSize": {"x":0,"y":0,"w":89,"h":46},
	"sourceSize": {"w":90,"h":50},
	"pivot": {"x":0.5,"y":0.5}
},
"small_plat_006.png":
{
	"frame": {"x":1825,"y":174,"w":89,"h":46},
	"rotated": false,
	"trimmed": true,
	"spriteSourceSize": {"x":0,"y":0,"w":89,"h":46},
	"sourceSize": {"w":90,"h":50},
	"pivot": {"x":0.5,"y":0.5}
},
"small_plat_007.png":
{
	"frame": {"x":1929,"y":271,"w":89,"h":48},
	"rotated": false,
	"trimmed": true,
	"spriteSourceSize": {"x":0,"y":0,"w":89,"h":48},
	"sourceSize": {"w":90,"h":50},
	"pivot": {"x":0.5,"y":0.5}
},
"small_plat_008.png":
{
	"frame": {"x":1,"y":321,"w":89,"h":48},
	"rotated": false,
	"trimmed": true,
	"spriteSourceSize": {"x":0,"y":0,"w":89,"h":48},
	"sourceSize": {"w":90,"h":50},
	"pivot": {"x":0.5,"y":0.5}
},
"small_plat_009.png":
{
	"frame": {"x":92,"y":321,"w":89,"h":48},
	"rotated": false,
	"trimmed": true,
	"spriteSourceSize": {"x":0,"y":0,"w":89,"h":48},
	"sourceSize": {"w":90,"h":50},
	"pivot": {"x":0.5,"y":0.5}
},
"small_plat_010.png":
{
	"frame": {"x":183,"y":321,"w":89,"h":48},
	"rotated": false,
	"trimmed": true,
	"spriteSourceSize": {"x":0,"y":0,"w":89,"h":48},
	"sourceSize": {"w":90,"h":50},
	"pivot": {"x":0.5,"y":0.5}
},
"small_plat_011.png":
{
	"frame": {"x":183,"y":271,"w":89,"h":47},
	"rotated": false,
	"trimmed": true,
	"spriteSourceSize": {"x":0,"y":0,"w":89,"h":47},
	"sourceSize": {"w":90,"h":50},
	"pivot": {"x":0.5,"y":0.5}
},
"small_plat_012.png":
{
	"frame": {"x":1,"y":271,"w":89,"h":47},
	"rotated": false,
	"trimmed": true,
	"spriteSourceSize": {"x":0,"y":0,"w":89,"h":47},
	"sourceSize": {"w":90,"h":50},
	"pivot": {"x":0.5,"y":0.5}
},
"small_plat_013.png":
{
	"frame": {"x":274,"y":271,"w":89,"h":47},
	"rotated": false,
	"trimmed": true,
	"spriteSourceSize": {"x":0,"y":0,"w":89,"h":47},
	"sourceSize": {"w":90,"h":50},
	"pivot": {"x":0.5,"y":0.5}
},
"small_plat_014.png":
{
	"frame": {"x":234,"y":222,"w":89,"h":46},
	"rotated": false,
	"trimmed": true,
	"spriteSourceSize": {"x":0,"y":0,"w":89,"h":46},
	"sourceSize": {"w":90,"h":50},
	"pivot": {"x":0.5,"y":0.5}
},
"small_plat_015.png":
{
	"frame": {"x":1644,"y":174,"w":89,"h":46},
	"rotated": false,
	"trimmed": true,
	"spriteSourceSize": {"x":0,"y":0,"w":89,"h":46},
	"sourceSize": {"w":90,"h":50},
	"pivot": {"x":0.5,"y":0.5}
},
"small_plat_016.png":
{
	"frame": {"x":989,"y":174,"w":89,"h":46},
	"rotated": false,
	"trimmed": true,
	"spriteSourceSize": {"x":0,"y":0,"w":89,"h":46},
	"sourceSize": {"w":90,"h":50},
	"pivot": {"x":0.5,"y":0.5}
},
"small_plat_017.png":
{
	"frame": {"x":757,"y":222,"w":89,"h":46},
	"rotated": false,
	"trimmed": true,
	"spriteSourceSize": {"x":0,"y":0,"w":89,"h":46},
	"sourceSize": {"w":90,"h":50},
	"pivot": {"x":0.5,"y":0.5}
},
"small_plat_018.png":
{
	"frame": {"x":939,"y":222,"w":89,"h":46},
	"rotated": false,
	"trimmed": true,
	"spriteSourceSize": {"x":0,"y":0,"w":89,"h":46},
	"sourceSize": {"w":90,"h":50},
	"pivot": {"x":0.5,"y":0.5}
},
"small_plat_019.png":
{
	"frame": {"x":666,"y":222,"w":89,"h":46},
	"rotated": false,
	"trimmed": true,
	"spriteSourceSize": {"x":0,"y":0,"w":89,"h":46},
	"sourceSize": {"w":90,"h":50},
	"pivot": {"x":0.5,"y":0.5}
},
"small_plat_020.png":
{
	"frame": {"x":1872,"y":222,"w":89,"h":47},
	"rotated": false,
	"trimmed": true,
	"spriteSourceSize": {"x":0,"y":0,"w":89,"h":47},
	"sourceSize": {"w":90,"h":50},
	"pivot": {"x":0.5,"y":0.5}
},
"small_plat_021.png":
{
	"frame": {"x":92,"y":271,"w":89,"h":47},
	"rotated": false,
	"trimmed": true,
	"spriteSourceSize": {"x":0,"y":0,"w":89,"h":47},
	"sourceSize": {"w":90,"h":50},
	"pivot": {"x":0.5,"y":0.5}
},
"small_plat_022.png":
{
	"frame": {"x":1201,"y":271,"w":89,"h":47},
	"rotated": false,
	"trimmed": true,
	"spriteSourceSize": {"x":0,"y":0,"w":89,"h":47},
	"sourceSize": {"w":90,"h":50},
	"pivot": {"x":0.5,"y":0.5}
},
"small_plat_023.png":
{
	"frame": {"x":1025,"y":271,"w":89,"h":47},
	"rotated": false,
	"trimmed": true,
	"spriteSourceSize": {"x":0,"y":0,"w":89,"h":47},
	"sourceSize": {"w":90,"h":50},
	"pivot": {"x":0.5,"y":0.5}
},
"small_plat_024.png":
{
	"frame": {"x":1698,"y":222,"w":89,"h":46},
	"rotated": false,
	"trimmed": true,
	"spriteSourceSize": {"x":0,"y":0,"w":89,"h":46},
	"sourceSize": {"w":90,"h":50},
	"pivot": {"x":0.5,"y":0.5}
},
"small_plat_025.png":
{
	"frame": {"x":1203,"y":222,"w":89,"h":46},
	"rotated": false,
	"trimmed": true,
	"spriteSourceSize": {"x":0,"y":0,"w":89,"h":46},
	"sourceSize": {"w":90,"h":50},
	"pivot": {"x":0.5,"y":0.5}
},
"small_plat_026.png":
{
	"frame": {"x":1294,"y":222,"w":89,"h":46},
	"rotated": false,
	"trimmed": true,
	"spriteSourceSize": {"x":0,"y":0,"w":89,"h":46},
	"sourceSize": {"w":90,"h":50},
	"pivot": {"x":0.5,"y":0.5}
},
"small_plat_027.png":
{
	"frame": {"x":848,"y":222,"w":89,"h":46},
	"rotated": false,
	"trimmed": true,
	"spriteSourceSize": {"x":0,"y":0,"w":89,"h":46},
	"sourceSize": {"w":90,"h":50},
	"pivot": {"x":0.5,"y":0.5}
},
"small_plat_028.png":
{
	"frame": {"x":492,"y":222,"w":89,"h":46},
	"rotated": false,
	"trimmed": true,
	"spriteSourceSize": {"x":0,"y":0,"w":89,"h":46},
	"sourceSize": {"w":90,"h":50},
	"pivot": {"x":0.5,"y":0.5}
},
"small_plat_txt.png":
{
	"frame": {"x":1,"y":1,"w":89,"h":20},
	"rotated": false,
	"trimmed": true,
	"spriteSourceSize": {"x":0,"y":0,"w":89,"h":20},
	"sourceSize": {"w":90,"h":50},
	"pivot": {"x":0.5,"y":0.5}
},
"small_silver.png":
{
	"frame": {"x":484,"y":1,"w":73,"h":29},
	"rotated": false,
	"trimmed": true,
	"spriteSourceSize": {"x":8,"y":13,"w":73,"h":29},
	"sourceSize": {"w":90,"h":50},
	"pivot": {"x":0.5,"y":0.5}
},
"small_silver_000.png":
{
	"frame": {"x":1216,"y":82,"w":81,"h":42},
	"rotated": false,
	"trimmed": true,
	"spriteSourceSize": {"x":3,"y":0,"w":81,"h":42},
	"sourceSize": {"w":90,"h":50},
	"pivot": {"x":0.5,"y":0.5}
},
"small_silver_001.png":
{
	"frame": {"x":1216,"y":82,"w":81,"h":42},
	"rotated": false,
	"trimmed": true,
	"spriteSourceSize": {"x":3,"y":0,"w":81,"h":42},
	"sourceSize": {"w":90,"h":50},
	"pivot": {"x":0.5,"y":0.5}
},
"small_silver_002.png":
{
	"frame": {"x":211,"y":82,"w":81,"h":42},
	"rotated": false,
	"trimmed": true,
	"spriteSourceSize": {"x":3,"y":0,"w":81,"h":42},
	"sourceSize": {"w":90,"h":50},
	"pivot": {"x":0.5,"y":0.5}
},
"small_silver_003.png":
{
	"frame": {"x":1480,"y":38,"w":81,"h":42},
	"rotated": false,
	"trimmed": true,
	"spriteSourceSize": {"x":3,"y":0,"w":81,"h":42},
	"sourceSize": {"w":90,"h":50},
	"pivot": {"x":0.5,"y":0.5}
},
"small_silver_004.png":
{
	"frame": {"x":346,"y":82,"w":81,"h":42},
	"rotated": false,
	"trimmed": true,
	"spriteSourceSize": {"x":3,"y":0,"w":81,"h":42},
	"sourceSize": {"w":90,"h":50},
	"pivot": {"x":0.5,"y":0.5}
},
"small_silver_005.png":
{
	"frame": {"x":875,"y":82,"w":84,"h":42},
	"rotated": false,
	"trimmed": true,
	"spriteSourceSize": {"x":0,"y":0,"w":84,"h":42},
	"sourceSize": {"w":90,"h":50},
	"pivot": {"x":0.5,"y":0.5}
},
"small_silver_006.png":
{
	"frame": {"x":429,"y":82,"w":84,"h":42},
	"rotated": false,
	"trimmed": true,
	"spriteSourceSize": {"x":0,"y":0,"w":84,"h":42},
	"sourceSize": {"w":90,"h":50},
	"pivot": {"x":0.5,"y":0.5}
},
"small_silver_007.png":
{
	"frame": {"x":759,"y":271,"w":84,"h":47},
	"rotated": false,
	"trimmed": true,
	"spriteSourceSize": {"x":0,"y":0,"w":84,"h":47},
	"sourceSize": {"w":90,"h":50},
	"pivot": {"x":0.5,"y":0.5}
},
"small_silver_008.png":
{
	"frame": {"x":1116,"y":271,"w":83,"h":47},
	"rotated": false,
	"trimmed": true,
	"spriteSourceSize": {"x":1,"y":0,"w":83,"h":47},
	"sourceSize": {"w":90,"h":50},
	"pivot": {"x":0.5,"y":0.5}
},
"small_silver_009.png":
{
	"frame": {"x":1452,"y":271,"w":83,"h":47},
	"rotated": false,
	"trimmed": true,
	"spriteSourceSize": {"x":1,"y":0,"w":83,"h":47},
	"sourceSize": {"w":90,"h":50},
	"pivot": {"x":0.5,"y":0.5}
},
"small_silver_010.png":
{
	"frame": {"x":1627,"y":271,"w":82,"h":47},
	"rotated": false,
	"trimmed": true,
	"spriteSourceSize": {"x":2,"y":0,"w":82,"h":47},
	"sourceSize": {"w":90,"h":50},
	"pivot": {"x":0.5,"y":0.5}
},
"small_silver_011.png":
{
	"frame": {"x":408,"y":222,"w":82,"h":46},
	"rotated": false,
	"trimmed": true,
	"spriteSourceSize": {"x":2,"y":0,"w":82,"h":46},
	"sourceSize": {"w":90,"h":50},
	"pivot": {"x":0.5,"y":0.5}
},
"small_silver_012.png":
{
	"frame": {"x":583,"y":222,"w":81,"h":46},
	"rotated": false,
	"trimmed": true,
	"spriteSourceSize": {"x":3,"y":0,"w":81,"h":46},
	"sourceSize": {"w":90,"h":50},
	"pivot": {"x":0.5,"y":0.5}
},
"small_silver_013.png":
{
	"frame": {"x":815,"y":174,"w":81,"h":45},
	"rotated": false,
	"trimmed": true,
	"spriteSourceSize": {"x":3,"y":0,"w":81,"h":45},
	"sourceSize": {"w":90,"h":50},
	"pivot": {"x":0.5,"y":0.5}
},
"small_silver_014.png":
{
	"frame": {"x":732,"y":174,"w":81,"h":45},
	"rotated": false,
	"trimmed": true,
	"spriteSourceSize": {"x":3,"y":0,"w":81,"h":45},
	"sourceSize": {"w":90,"h":50},
	"pivot": {"x":0.5,"y":0.5}
},
"small_silver_015.png":
{
	"frame": {"x":530,"y":127,"w":81,"h":44},
	"rotated": false,
	"trimmed": true,
	"spriteSourceSize": {"x":3,"y":0,"w":81,"h":44},
	"sourceSize": {"w":90,"h":50},
	"pivot": {"x":0.5,"y":0.5}
},
"small_silver_016.png":
{
	"frame": {"x":806,"y":127,"w":81,"h":44},
	"rotated": false,
	"trimmed": true,
	"spriteSourceSize": {"x":3,"y":0,"w":81,"h":44},
	"sourceSize": {"w":90,"h":50},
	"pivot": {"x":0.5,"y":0.5}
},
"small_silver_017.png":
{
	"frame": {"x":84,"y":127,"w":81,"h":43},
	"rotated": false,
	"trimmed": true,
	"spriteSourceSize": {"x":3,"y":0,"w":81,"h":43},
	"sourceSize": {"w":90,"h":50},
	"pivot": {"x":0.5,"y":0.5}
},
"small_silver_018.png":
{
	"frame": {"x":1679,"y":82,"w":81,"h":43},
	"rotated": false,
	"trimmed": true,
	"spriteSourceSize": {"x":3,"y":0,"w":81,"h":43},
	"sourceSize": {"w":90,"h":50},
	"pivot": {"x":0.5,"y":0.5}
},
"small_silver_019.png":
{
	"frame": {"x":1,"y":127,"w":81,"h":43},
	"rotated": false,
	"trimmed": true,
	"spriteSourceSize": {"x":3,"y":0,"w":81,"h":43},
	"sourceSize": {"w":90,"h":50},
	"pivot": {"x":0.5,"y":0.5}
},
"small_silver_020.png":
{
	"frame": {"x":1120,"y":222,"w":81,"h":46},
	"rotated": false,
	"trimmed": true,
	"spriteSourceSize": {"x":3,"y":0,"w":81,"h":46},
	"sourceSize": {"w":90,"h":50},
	"pivot": {"x":0.5,"y":0.5}
},
"small_silver_021.png":
{
	"frame": {"x":1789,"y":222,"w":81,"h":46},
	"rotated": false,
	"trimmed": true,
	"spriteSourceSize": {"x":3,"y":0,"w":81,"h":46},
	"sourceSize": {"w":90,"h":50},
	"pivot": {"x":0.5,"y":0.5}
},
"small_silver_022.png":
{
	"frame": {"x":325,"y":222,"w":81,"h":46},
	"rotated": false,
	"trimmed": true,
	"spriteSourceSize": {"x":3,"y":0,"w":81,"h":46},
	"sourceSize": {"w":90,"h":50},
	"pivot": {"x":0.5,"y":0.5}
},
"small_silver_023.png":
{
	"frame": {"x":246,"y":174,"w":81,"h":45},
	"rotated": false,
	"trimmed": true,
	"spriteSourceSize": {"x":3,"y":0,"w":81,"h":45},
	"sourceSize": {"w":90,"h":50},
	"pivot": {"x":0.5,"y":0.5}
},
"small_silver_024.png":
{
	"frame": {"x":649,"y":174,"w":81,"h":45},
	"rotated": false,
	"trimmed": true,
	"spriteSourceSize": {"x":3,"y":0,"w":81,"h":45},
	"sourceSize": {"w":90,"h":50},
	"pivot": {"x":0.5,"y":0.5}
},
"small_silver_025.png":
{
	"frame": {"x":1538,"y":127,"w":81,"h":45},
	"rotated": false,
	"trimmed": true,
	"spriteSourceSize": {"x":3,"y":0,"w":81,"h":45},
	"sourceSize": {"w":90,"h":50},
	"pivot": {"x":0.5,"y":0.5}
},
"small_silver_026.png":
{
	"frame": {"x":692,"y":127,"w":81,"h":44},
	"rotated": false,
	"trimmed": true,
	"spriteSourceSize": {"x":3,"y":0,"w":81,"h":44},
	"sourceSize": {"w":90,"h":50},
	"pivot": {"x":0.5,"y":0.5}
},
"small_silver_027.png":
{
	"frame": {"x":322,"y":127,"w":81,"h":44},
	"rotated": false,
	"trimmed": true,
	"spriteSourceSize": {"x":3,"y":0,"w":81,"h":44},
	"sourceSize": {"w":90,"h":50},
	"pivot": {"x":0.5,"y":0.5}
},
"small_silver_028.png":
{
	"frame": {"x":1886,"y":38,"w":81,"h":42},
	"rotated": false,
	"trimmed": true,
	"spriteSourceSize": {"x":3,"y":0,"w":81,"h":42},
	"sourceSize": {"w":90,"h":50},
	"pivot": {"x":0.5,"y":0.5}
},
"small_silver_txt.png":
{
	"frame": {"x":92,"y":1,"w":81,"h":23},
	"rotated": false,
	"trimmed": true,
	"spriteSourceSize": {"x":3,"y":0,"w":81,"h":23},
	"sourceSize": {"w":90,"h":50},
	"pivot": {"x":0.5,"y":0.5}
}},
"meta": {
	"app": "http://www.codeandweb.com/texturepacker",
	"version": "1.0",
	"image": "egyptQuestAnimationsPNG-0.png",
	"format": "RGBA8888",
	"size": {"w":2048,"h":2048},
	"scale": "1",
	"smartupdate": "$TexturePacker:SmartUpdate:3d5ae91e83e3b39ed4f3707fff2eecd2:3617d4c49a8f30af23d807a85c58a41c:219689f6f6be10aa175fa6c56e9dce90$"
}
}
