{"frames": {

"betButtonActive.png":
{
	"frame": {"x":155,"y":71,"w":86,"h":68},
	"rotated": false,
	"trimmed": false,
	"spriteSourceSize": {"x":0,"y":0,"w":86,"h":68},
	"sourceSize": {"w":86,"h":68},
	"pivot": {"x":0.5,"y":0.5}
},
"betButtonInactive.png":
{
	"frame": {"x":243,"y":71,"w":86,"h":68},
	"rotated": false,
	"trimmed": false,
	"spriteSourceSize": {"x":0,"y":0,"w":86,"h":68},
	"sourceSize": {"w":86,"h":68},
	"pivot": {"x":0.5,"y":0.5}
},
"bigJackpotBox_0.png":
{
	"frame": {"x":768,"y":141,"w":174,"h":57},
	"rotated": false,
	"trimmed": false,
	"spriteSourceSize": {"x":0,"y":0,"w":174,"h":57},
	"sourceSize": {"w":174,"h":57},
	"pivot": {"x":0.5,"y":0.5}
},
"bigJackpotBox_1.png":
{
	"frame": {"x":199,"y":348,"w":204,"h":57},
	"rotated": false,
	"trimmed": false,
	"spriteSourceSize": {"x":0,"y":0,"w":204,"h":57},
	"sourceSize": {"w":204,"h":57},
	"pivot": {"x":0.5,"y":0.5}
},
"bigJackpotBox_2.png":
{
	"frame": {"x":1,"y":348,"w":196,"h":57},
	"rotated": false,
	"trimmed": false,
	"spriteSourceSize": {"x":0,"y":0,"w":196,"h":57},
	"sourceSize": {"w":196,"h":57},
	"pivot": {"x":0.5,"y":0.5}
},
"bigJackpotBox_3.png":
{
	"frame": {"x":405,"y":348,"w":211,"h":57},
	"rotated": false,
	"trimmed": false,
	"spriteSourceSize": {"x":0,"y":0,"w":211,"h":57},
	"sourceSize": {"w":211,"h":57},
	"pivot": {"x":0.5,"y":0.5}
},
"bigJackpotBox_oval_0.png":
{
	"frame": {"x":331,"y":71,"w":144,"h":22},
	"rotated": false,
	"trimmed": false,
	"spriteSourceSize": {"x":0,"y":0,"w":144,"h":22},
	"sourceSize": {"w":144,"h":22},
	"pivot": {"x":0.5,"y":0.5}
},
"bigJackpotBox_oval_1.png":
{
	"frame": {"x":623,"y":71,"w":144,"h":22},
	"rotated": false,
	"trimmed": false,
	"spriteSourceSize": {"x":0,"y":0,"w":144,"h":22},
	"sourceSize": {"w":144,"h":22},
	"pivot": {"x":0.5,"y":0.5}
},
"bigJackpotBox_oval_2.png":
{
	"frame": {"x":769,"y":71,"w":144,"h":22},
	"rotated": false,
	"trimmed": false,
	"spriteSourceSize": {"x":0,"y":0,"w":144,"h":22},
	"sourceSize": {"w":144,"h":22},
	"pivot": {"x":0.5,"y":0.5}
},
"bigJackpotBox_oval_3.png":
{
	"frame": {"x":477,"y":71,"w":144,"h":22},
	"rotated": false,
	"trimmed": false,
	"spriteSourceSize": {"x":0,"y":0,"w":144,"h":22},
	"sourceSize": {"w":144,"h":22},
	"pivot": {"x":0.5,"y":0.5}
},
"denominationButtonDown.png":
{
	"frame": {"x":931,"y":1,"w":75,"h":68},
	"rotated": false,
	"trimmed": false,
	"spriteSourceSize": {"x":0,"y":0,"w":75,"h":68},
	"sourceSize": {"w":75,"h":68},
	"pivot": {"x":0.5,"y":0.5}
},
"denominationButtonUp.png":
{
	"frame": {"x":1,"y":71,"w":75,"h":68},
	"rotated": false,
	"trimmed": false,
	"spriteSourceSize": {"x":0,"y":0,"w":75,"h":68},
	"sourceSize": {"w":75,"h":68},
	"pivot": {"x":0.5,"y":0.5}
},
"denominationButtonUpInactive.png":
{
	"frame": {"x":78,"y":71,"w":75,"h":68},
	"rotated": false,
	"trimmed": false,
	"spriteSourceSize": {"x":0,"y":0,"w":75,"h":68},
	"sourceSize": {"w":75,"h":68},
	"pivot": {"x":0.5,"y":0.5}
},
"fullscreenButtonDown.png":
{
	"frame": {"x":133,"y":1,"w":42,"h":43},
	"rotated": false,
	"trimmed": false,
	"spriteSourceSize": {"x":0,"y":0,"w":42,"h":43},
	"sourceSize": {"w":42,"h":43},
	"pivot": {"x":0.5,"y":0.5}
},
"fullscreenButtonUp.png":
{
	"frame": {"x":265,"y":1,"w":42,"h":43},
	"rotated": false,
	"trimmed": false,
	"spriteSourceSize": {"x":0,"y":0,"w":42,"h":43},
	"sourceSize": {"w":42,"h":43},
	"pivot": {"x":0.5,"y":0.5}
},
"gameTitle.png":
{
	"frame": {"x":1,"y":407,"w":366,"h":66},
	"rotated": false,
	"trimmed": false,
	"spriteSourceSize": {"x":0,"y":0,"w":366,"h":66},
	"sourceSize": {"w":366,"h":66},
	"pivot": {"x":0.5,"y":0.5}
},
"homeButtonDisabled.png":
{
	"frame": {"x":511,"y":1,"w":68,"h":43},
	"rotated": false,
	"trimmed": false,
	"spriteSourceSize": {"x":0,"y":0,"w":68,"h":43},
	"sourceSize": {"w":68,"h":43},
	"pivot": {"x":0.5,"y":0.5}
},
"homeButtonDown.png":
{
	"frame": {"x":721,"y":1,"w":68,"h":43},
	"rotated": false,
	"trimmed": false,
	"spriteSourceSize": {"x":0,"y":0,"w":68,"h":43},
	"sourceSize": {"w":68,"h":43},
	"pivot": {"x":0.5,"y":0.5}
},
"homeButtonUp.png":
{
	"frame": {"x":791,"y":1,"w":68,"h":43},
	"rotated": false,
	"trimmed": false,
	"spriteSourceSize": {"x":0,"y":0,"w":68,"h":43},
	"sourceSize": {"w":68,"h":43},
	"pivot": {"x":0.5,"y":0.5}
},
"jackpotGradient.png":
{
	"frame": {"x":618,"y":348,"w":225,"h":29},
	"rotated": false,
	"trimmed": true,
	"spriteSourceSize": {"x":0,"y":1,"w":225,"h":29},
	"sourceSize": {"w":225,"h":31},
	"pivot": {"x":0.5,"y":0.5}
},
"jackpotPopUp_0.png":
{
	"frame": {"x":306,"y":141,"w":152,"h":205},
	"rotated": false,
	"trimmed": false,
	"spriteSourceSize": {"x":0,"y":0,"w":152,"h":205},
	"sourceSize": {"w":152,"h":205},
	"pivot": {"x":0.5,"y":0.5}
},
"jackpotPopUp_1.png":
{
	"frame": {"x":152,"y":141,"w":152,"h":205},
	"rotated": false,
	"trimmed": false,
	"spriteSourceSize": {"x":0,"y":0,"w":152,"h":205},
	"sourceSize": {"w":152,"h":205},
	"pivot": {"x":0.5,"y":0.5}
},
"jackpotPopUp_2.png":
{
	"frame": {"x":460,"y":141,"w":152,"h":205},
	"rotated": false,
	"trimmed": false,
	"spriteSourceSize": {"x":0,"y":0,"w":152,"h":205},
	"sourceSize": {"w":152,"h":205},
	"pivot": {"x":0.5,"y":0.5}
},
"jackpotPopUp_3.png":
{
	"frame": {"x":614,"y":141,"w":152,"h":205},
	"rotated": false,
	"trimmed": false,
	"spriteSourceSize": {"x":0,"y":0,"w":152,"h":205},
	"sourceSize": {"w":152,"h":205},
	"pivot": {"x":0.5,"y":0.5}
},
"noFullscreenButtonDown.png":
{
	"frame": {"x":177,"y":1,"w":42,"h":43},
	"rotated": false,
	"trimmed": false,
	"spriteSourceSize": {"x":0,"y":0,"w":42,"h":43},
	"sourceSize": {"w":42,"h":43},
	"pivot": {"x":0.5,"y":0.5}
},
"noFullscreenButtonUp.png":
{
	"frame": {"x":89,"y":1,"w":42,"h":43},
	"rotated": false,
	"trimmed": false,
	"spriteSourceSize": {"x":0,"y":0,"w":42,"h":43},
	"sourceSize": {"w":42,"h":43},
	"pivot": {"x":0.5,"y":0.5}
},
"noSoundButtonDown.png":
{
	"frame": {"x":1,"y":1,"w":42,"h":43},
	"rotated": false,
	"trimmed": false,
	"spriteSourceSize": {"x":0,"y":0,"w":42,"h":43},
	"sourceSize": {"w":42,"h":43},
	"pivot": {"x":0.5,"y":0.5}
},
"noSoundButtonUp.png":
{
	"frame": {"x":221,"y":1,"w":42,"h":43},
	"rotated": false,
	"trimmed": false,
	"spriteSourceSize": {"x":0,"y":0,"w":42,"h":43},
	"sourceSize": {"w":42,"h":43},
	"pivot": {"x":0.5,"y":0.5}
},
"paytableButtonDown.png":
{
	"frame": {"x":45,"y":1,"w":42,"h":43},
	"rotated": false,
	"trimmed": false,
	"spriteSourceSize": {"x":0,"y":0,"w":42,"h":43},
	"sourceSize": {"w":42,"h":43},
	"pivot": {"x":0.5,"y":0.5}
},
"paytableButtonUp.png":
{
	"frame": {"x":353,"y":1,"w":42,"h":43},
	"rotated": false,
	"trimmed": false,
	"spriteSourceSize": {"x":0,"y":0,"w":42,"h":43},
	"sourceSize": {"w":42,"h":43},
	"pivot": {"x":0.5,"y":0.5}
},
"smallWinPanel.png":
{
	"frame": {"x":1,"y":141,"w":149,"h":25},
	"rotated": false,
	"trimmed": false,
	"spriteSourceSize": {"x":0,"y":0,"w":149,"h":25},
	"sourceSize": {"w":149,"h":25},
	"pivot": {"x":0.5,"y":0.5}
},
"soundButtonDown.png":
{
	"frame": {"x":397,"y":1,"w":42,"h":43},
	"rotated": false,
	"trimmed": false,
	"spriteSourceSize": {"x":0,"y":0,"w":42,"h":43},
	"sourceSize": {"w":42,"h":43},
	"pivot": {"x":0.5,"y":0.5}
},
"soundButtonUp.png":
{
	"frame": {"x":309,"y":1,"w":42,"h":43},
	"rotated": false,
	"trimmed": false,
	"spriteSourceSize": {"x":0,"y":0,"w":42,"h":43},
	"sourceSize": {"w":42,"h":43},
	"pivot": {"x":0.5,"y":0.5}
},
"startAutoplayButtonDown.png":
{
	"frame": {"x":651,"y":1,"w":68,"h":43},
	"rotated": false,
	"trimmed": false,
	"spriteSourceSize": {"x":0,"y":0,"w":68,"h":43},
	"sourceSize": {"w":68,"h":43},
	"pivot": {"x":0.5,"y":0.5}
},
"startAutoplayButtonUp.png":
{
	"frame": {"x":581,"y":1,"w":68,"h":43},
	"rotated": false,
	"trimmed": false,
	"spriteSourceSize": {"x":0,"y":0,"w":68,"h":43},
	"sourceSize": {"w":68,"h":43},
	"pivot": {"x":0.5,"y":0.5}
},
"stopAutoplayButtonDown.png":
{
	"frame": {"x":441,"y":1,"w":68,"h":43},
	"rotated": false,
	"trimmed": false,
	"spriteSourceSize": {"x":0,"y":0,"w":68,"h":43},
	"sourceSize": {"w":68,"h":43},
	"pivot": {"x":0.5,"y":0.5}
},
"stopAutoplayButtonUp.png":
{
	"frame": {"x":861,"y":1,"w":68,"h":43},
	"rotated": false,
	"trimmed": false,
	"spriteSourceSize": {"x":0,"y":0,"w":68,"h":43},
	"sourceSize": {"w":68,"h":43},
	"pivot": {"x":0.5,"y":0.5}
}},
"meta": {
	"app": "http://www.codeandweb.com/texturepacker",
	"version": "1.0",
	"image": "mainResourcesEQ.png",
	"format": "RGBA8888",
	"size": {"w":1024,"h":1024},
	"scale": "1",
	"smartupdate": "$TexturePacker:SmartUpdate:9a12d0649dd1fc19a83ca37353bde9b7:cb6d7685daf336b4e12d4d2f8f223651:18dd8f78522a928f997ee75a673c9db7$"
}
}
