{"frames": {

"00.png":
{
	"frame": {"x":1,"y":1,"w":172,"h":172},
	"rotated": false,
	"trimmed": false,
	"spriteSourceSize": {"x":0,"y":0,"w":172,"h":172},
	"sourceSize": {"w":172,"h":172},
	"pivot": {"x":0.5,"y":0.5}
},
"01.png":
{
	"frame": {"x":175,"y":1,"w":172,"h":172},
	"rotated": false,
	"trimmed": false,
	"spriteSourceSize": {"x":0,"y":0,"w":172,"h":172},
	"sourceSize": {"w":172,"h":172},
	"pivot": {"x":0.5,"y":0.5}
},
"02.png":
{
	"frame": {"x":349,"y":1,"w":172,"h":172},
	"rotated": false,
	"trimmed": false,
	"spriteSourceSize": {"x":0,"y":0,"w":172,"h":172},
	"sourceSize": {"w":172,"h":172},
	"pivot": {"x":0.5,"y":0.5}
},
"03.png":
{
	"frame": {"x":523,"y":1,"w":172,"h":172},
	"rotated": false,
	"trimmed": false,
	"spriteSourceSize": {"x":0,"y":0,"w":172,"h":172},
	"sourceSize": {"w":172,"h":172},
	"pivot": {"x":0.5,"y":0.5}
},
"04.png":
{
	"frame": {"x":697,"y":1,"w":172,"h":172},
	"rotated": false,
	"trimmed": false,
	"spriteSourceSize": {"x":0,"y":0,"w":172,"h":172},
	"sourceSize": {"w":172,"h":172},
	"pivot": {"x":0.5,"y":0.5}
},
"s00.png":
{
	"frame": {"x":871,"y":1,"w":18,"h":18},
	"rotated": false,
	"trimmed": false,
	"spriteSourceSize": {"x":0,"y":0,"w":18,"h":18},
	"sourceSize": {"w":18,"h":18},
	"pivot": {"x":0.5,"y":0.5}
},
"s01.png":
{
	"frame": {"x":891,"y":1,"w":18,"h":18},
	"rotated": false,
	"trimmed": false,
	"spriteSourceSize": {"x":0,"y":0,"w":18,"h":18},
	"sourceSize": {"w":18,"h":18},
	"pivot": {"x":0.5,"y":0.5}
},
"s02.png":
{
	"frame": {"x":911,"y":1,"w":18,"h":18},
	"rotated": false,
	"trimmed": false,
	"spriteSourceSize": {"x":0,"y":0,"w":18,"h":18},
	"sourceSize": {"w":18,"h":18},
	"pivot": {"x":0.5,"y":0.5}
},
"s03.png":
{
	"frame": {"x":931,"y":1,"w":18,"h":18},
	"rotated": false,
	"trimmed": false,
	"spriteSourceSize": {"x":0,"y":0,"w":18,"h":18},
	"sourceSize": {"w":18,"h":18},
	"pivot": {"x":0.5,"y":0.5}
}},
"meta": {
	"app": "http://www.codeandweb.com/texturepacker",
	"version": "1.0",
	"image": "reelImagesEQ.png",
	"format": "RGBA8888",
	"size": {"w":1024,"h":1024},
	"scale": "1",
	"smartupdate": "$TexturePacker:SmartUpdate:3f930d8b1a6dca84ffc649a7746e3d49:0efcc9638189c735f7d13aa009961c07:2469b8c3a45e8080b5c79cb160e9e63d$"
}
}
