{"frames": {

"clubPanel.png":
{
	"frame": {"x":745,"y":1,"w":105,"h":40},
	"rotated": false,
	"trimmed": false,
	"spriteSourceSize": {"x":0,"y":0,"w":105,"h":40},
	"sourceSize": {"w":105,"h":40}
},
"clubPanel_portrait.png":
{
	"frame": {"x":1,"y":1,"w":225,"h":36},
	"rotated": false,
	"trimmed": false,
	"spriteSourceSize": {"x":0,"y":0,"w":225,"h":36},
	"sourceSize": {"w":225,"h":36}
},
"diamondPanel.png":
{
	"frame": {"x":604,"y":1,"w":139,"h":40},
	"rotated": false,
	"trimmed": false,
	"spriteSourceSize": {"x":0,"y":0,"w":139,"h":40},
	"sourceSize": {"w":139,"h":40}
},
"diamondPanel_portrait.png":
{
	"frame": {"x":228,"y":1,"w":225,"h":36},
	"rotated": false,
	"trimmed": false,
	"spriteSourceSize": {"x":0,"y":0,"w":225,"h":36},
	"sourceSize": {"w":225,"h":36}
},
"dropdown.png":
{
	"frame": {"x":443,"y":53,"w":200,"h":232},
	"rotated": false,
	"trimmed": false,
	"spriteSourceSize": {"x":0,"y":0,"w":200,"h":232},
	"sourceSize": {"w":200,"h":232}
},
"gameName.png":
{
	"frame": {"x":1521,"y":1,"w":292,"h":50},
	"rotated": false,
	"trimmed": false,
	"spriteSourceSize": {"x":0,"y":0,"w":292,"h":50},
	"sourceSize": {"w":292,"h":50}
},
"heartPanel.png":
{
	"frame": {"x":852,"y":1,"w":135,"h":40},
	"rotated": false,
	"trimmed": false,
	"spriteSourceSize": {"x":0,"y":0,"w":135,"h":40},
	"sourceSize": {"w":135,"h":40}
},
"heartPanel_portrait.png":
{
	"frame": {"x":989,"y":1,"w":264,"h":42},
	"rotated": false,
	"trimmed": false,
	"spriteSourceSize": {"x":0,"y":0,"w":264,"h":42},
	"sourceSize": {"w":264,"h":42}
},
"jackpotPanels_portrait.png":
{
	"frame": {"x":1,"y":53,"w":440,"h":85},
	"rotated": false,
	"trimmed": false,
	"spriteSourceSize": {"x":0,"y":0,"w":440,"h":85},
	"sourceSize": {"w":440,"h":85}
},
"reelsBackground_Landscape.png":
{
	"frame": {"x":1181,"y":53,"w":848,"h":406},
	"rotated": false,
	"trimmed": false,
	"spriteSourceSize": {"x":0,"y":0,"w":848,"h":406},
	"sourceSize": {"w":848,"h":406}
},
"reelsBackground_Portrait.png":
{
	"frame": {"x":645,"y":53,"w":534,"h":294},
	"rotated": false,
	"trimmed": false,
	"spriteSourceSize": {"x":0,"y":0,"w":534,"h":294},
	"sourceSize": {"w":534,"h":294}
},
"spadePanel.png":
{
	"frame": {"x":455,"y":1,"w":147,"h":40},
	"rotated": false,
	"trimmed": false,
	"spriteSourceSize": {"x":0,"y":0,"w":147,"h":40},
	"sourceSize": {"w":147,"h":40}
},
"spadePanel_portrait.png":
{
	"frame": {"x":1255,"y":1,"w":264,"h":42},
	"rotated": false,
	"trimmed": false,
	"spriteSourceSize": {"x":0,"y":0,"w":264,"h":42},
	"sourceSize": {"w":264,"h":42}
}},
"meta": {
	"app": "https://www.codeandweb.com/texturepacker",
	"version": "1.0",
	"image": "mainResources.png?123",
	"format": "RGBA8888",
	"size": {"w":2048,"h":2048},
	"scale": "1",
	"smartupdate": "$TexturePacker:SmartUpdate:5b0a1dde141628c2bc03c0914fcce522:45c641fa979fa9357e6cf3a2487b7389:7d5d1343b619bb663b2898c3a4911c1c$"
}
}
