{"frames": {

"01_000.png":
{
	"frame": {"x":530,"y":1,"w":128,"h":128},
	"rotated": false,
	"trimmed": true,
	"spriteSourceSize": {"x":4,"y":4,"w":128,"h":128},
	"sourceSize": {"w":132,"h":132},
	"pivot": {"x":0.5,"y":0.5}
},
"01_001.png":
{
	"frame": {"x":265,"y":393,"w":128,"h":129},
	"rotated": false,
	"trimmed": true,
	"spriteSourceSize": {"x":3,"y":3,"w":128,"h":129},
	"sourceSize": {"w":132,"h":132},
	"pivot": {"x":0.5,"y":0.5}
},
"01_002.png":
{
	"frame": {"x":395,"y":393,"w":129,"h":129},
	"rotated": false,
	"trimmed": true,
	"spriteSourceSize": {"x":2,"y":3,"w":129,"h":129},
	"sourceSize": {"w":132,"h":132},
	"pivot": {"x":0.5,"y":0.5}
},
"01_003.png":
{
	"frame": {"x":134,"y":393,"w":129,"h":129},
	"rotated": false,
	"trimmed": true,
	"spriteSourceSize": {"x":2,"y":3,"w":129,"h":129},
	"sourceSize": {"w":132,"h":132},
	"pivot": {"x":0.5,"y":0.5}
},
"01_004.png":
{
	"frame": {"x":666,"y":131,"w":129,"h":129},
	"rotated": false,
	"trimmed": true,
	"spriteSourceSize": {"x":2,"y":3,"w":129,"h":129},
	"sourceSize": {"w":132,"h":132},
	"pivot": {"x":0.5,"y":0.5}
},
"01_005.png":
{
	"frame": {"x":799,"y":262,"w":130,"h":129},
	"rotated": false,
	"trimmed": true,
	"spriteSourceSize": {"x":1,"y":3,"w":130,"h":129},
	"sourceSize": {"w":132,"h":132},
	"pivot": {"x":0.5,"y":0.5}
},
"01_006.png":
{
	"frame": {"x":660,"y":1,"w":131,"h":128},
	"rotated": false,
	"trimmed": true,
	"spriteSourceSize": {"x":1,"y":3,"w":131,"h":128},
	"sourceSize": {"w":132,"h":132},
	"pivot": {"x":0.5,"y":0.5}
},
"01_007.png":
{
	"frame": {"x":397,"y":1,"w":131,"h":128},
	"rotated": false,
	"trimmed": true,
	"spriteSourceSize": {"x":1,"y":3,"w":131,"h":128},
	"sourceSize": {"w":132,"h":132},
	"pivot": {"x":0.5,"y":0.5}
},
"01_008.png":
{
	"frame": {"x":267,"y":131,"w":131,"h":128},
	"rotated": false,
	"trimmed": true,
	"spriteSourceSize": {"x":1,"y":3,"w":131,"h":128},
	"sourceSize": {"w":132,"h":132},
	"pivot": {"x":0.5,"y":0.5}
},
"01_009.png":
{
	"frame": {"x":793,"y":1,"w":131,"h":128},
	"rotated": false,
	"trimmed": true,
	"spriteSourceSize": {"x":1,"y":3,"w":131,"h":128},
	"sourceSize": {"w":132,"h":132},
	"pivot": {"x":0.5,"y":0.5}
},
"01_010.png":
{
	"frame": {"x":1,"y":131,"w":131,"h":128},
	"rotated": false,
	"trimmed": true,
	"spriteSourceSize": {"x":1,"y":3,"w":131,"h":128},
	"sourceSize": {"w":132,"h":132},
	"pivot": {"x":0.5,"y":0.5}
},
"01_011.png":
{
	"frame": {"x":533,"y":131,"w":131,"h":129},
	"rotated": false,
	"trimmed": true,
	"spriteSourceSize": {"x":1,"y":2,"w":131,"h":129},
	"sourceSize": {"w":132,"h":132},
	"pivot": {"x":0.5,"y":0.5}
},
"01_012.png":
{
	"frame": {"x":797,"y":131,"w":131,"h":129},
	"rotated": false,
	"trimmed": true,
	"spriteSourceSize": {"x":1,"y":2,"w":131,"h":129},
	"sourceSize": {"w":132,"h":132},
	"pivot": {"x":0.5,"y":0.5}
},
"01_013.png":
{
	"frame": {"x":134,"y":262,"w":131,"h":129},
	"rotated": false,
	"trimmed": true,
	"spriteSourceSize": {"x":1,"y":2,"w":131,"h":129},
	"sourceSize": {"w":132,"h":132},
	"pivot": {"x":0.5,"y":0.5}
},
"01_014.png":
{
	"frame": {"x":533,"y":262,"w":131,"h":129},
	"rotated": false,
	"trimmed": true,
	"spriteSourceSize": {"x":1,"y":2,"w":131,"h":129},
	"sourceSize": {"w":132,"h":132},
	"pivot": {"x":0.5,"y":0.5}
},
"01_015.png":
{
	"frame": {"x":400,"y":262,"w":131,"h":129},
	"rotated": false,
	"trimmed": true,
	"spriteSourceSize": {"x":1,"y":2,"w":131,"h":129},
	"sourceSize": {"w":132,"h":132},
	"pivot": {"x":0.5,"y":0.5}
},
"01_016.png":
{
	"frame": {"x":656,"y":393,"w":131,"h":129},
	"rotated": false,
	"trimmed": true,
	"spriteSourceSize": {"x":1,"y":2,"w":131,"h":129},
	"sourceSize": {"w":132,"h":132},
	"pivot": {"x":0.5,"y":0.5}
},
"01_017.png":
{
	"frame": {"x":666,"y":262,"w":131,"h":129},
	"rotated": false,
	"trimmed": true,
	"spriteSourceSize": {"x":1,"y":2,"w":131,"h":129},
	"sourceSize": {"w":132,"h":132},
	"pivot": {"x":0.5,"y":0.5}
},
"01_018.png":
{
	"frame": {"x":267,"y":262,"w":131,"h":129},
	"rotated": false,
	"trimmed": true,
	"spriteSourceSize": {"x":1,"y":2,"w":131,"h":129},
	"sourceSize": {"w":132,"h":132},
	"pivot": {"x":0.5,"y":0.5}
},
"01_019.png":
{
	"frame": {"x":1,"y":262,"w":131,"h":129},
	"rotated": false,
	"trimmed": true,
	"spriteSourceSize": {"x":1,"y":2,"w":131,"h":129},
	"sourceSize": {"w":132,"h":132},
	"pivot": {"x":0.5,"y":0.5}
},
"01_020.png":
{
	"frame": {"x":1,"y":393,"w":131,"h":129},
	"rotated": false,
	"trimmed": true,
	"spriteSourceSize": {"x":1,"y":2,"w":131,"h":129},
	"sourceSize": {"w":132,"h":132},
	"pivot": {"x":0.5,"y":0.5}
},
"01_021.png":
{
	"frame": {"x":400,"y":131,"w":131,"h":128},
	"rotated": false,
	"trimmed": true,
	"spriteSourceSize": {"x":1,"y":3,"w":131,"h":128},
	"sourceSize": {"w":132,"h":132},
	"pivot": {"x":0.5,"y":0.5}
},
"01_022.png":
{
	"frame": {"x":1,"y":1,"w":131,"h":128},
	"rotated": false,
	"trimmed": true,
	"spriteSourceSize": {"x":1,"y":3,"w":131,"h":128},
	"sourceSize": {"w":132,"h":132},
	"pivot": {"x":0.5,"y":0.5}
},
"01_023.png":
{
	"frame": {"x":134,"y":131,"w":131,"h":128},
	"rotated": false,
	"trimmed": true,
	"spriteSourceSize": {"x":1,"y":3,"w":131,"h":128},
	"sourceSize": {"w":132,"h":132},
	"pivot": {"x":0.5,"y":0.5}
},
"01_024.png":
{
	"frame": {"x":134,"y":1,"w":131,"h":128},
	"rotated": false,
	"trimmed": true,
	"spriteSourceSize": {"x":1,"y":3,"w":131,"h":128},
	"sourceSize": {"w":132,"h":132},
	"pivot": {"x":0.5,"y":0.5}
},
"01_025.png":
{
	"frame": {"x":132,"y":524,"w":130,"h":129},
	"rotated": false,
	"trimmed": true,
	"spriteSourceSize": {"x":1,"y":3,"w":130,"h":129},
	"sourceSize": {"w":132,"h":132},
	"pivot": {"x":0.5,"y":0.5}
},
"01_026.png":
{
	"frame": {"x":789,"y":393,"w":129,"h":129},
	"rotated": false,
	"trimmed": true,
	"spriteSourceSize": {"x":2,"y":3,"w":129,"h":129},
	"sourceSize": {"w":132,"h":132},
	"pivot": {"x":0.5,"y":0.5}
},
"01_027.png":
{
	"frame": {"x":1,"y":524,"w":129,"h":129},
	"rotated": false,
	"trimmed": true,
	"spriteSourceSize": {"x":2,"y":3,"w":129,"h":129},
	"sourceSize": {"w":132,"h":132},
	"pivot": {"x":0.5,"y":0.5}
},
"01_028.png":
{
	"frame": {"x":526,"y":393,"w":128,"h":129},
	"rotated": false,
	"trimmed": true,
	"spriteSourceSize": {"x":3,"y":3,"w":128,"h":129},
	"sourceSize": {"w":132,"h":132},
	"pivot": {"x":0.5,"y":0.5}
},
"01_029.png":
{
	"frame": {"x":267,"y":1,"w":128,"h":128},
	"rotated": false,
	"trimmed": true,
	"spriteSourceSize": {"x":4,"y":4,"w":128,"h":128},
	"sourceSize": {"w":132,"h":132},
	"pivot": {"x":0.5,"y":0.5}
}},
"meta": {
	"app": "https://www.codeandweb.com/texturepacker",
	"version": "1.0",
	"image": "01-0.png",
	"format": "RGBA8888",
	"size": {"w":1024,"h":1024},
	"scale": "1",
	"smartupdate": "$TexturePacker:SmartUpdate:baa22ebcaf6b629a3ceb42966cfdd0f3:d5cbdba66e5c7e35a1a49b639638d077:626205842bab23c6ddb19c98edd4120f$"
}
}
