{"frames": {

"02_000.png":
{
	"frame": {"x":1,"y":1,"w":132,"h":130},
	"rotated": false,
	"trimmed": true,
	"spriteSourceSize": {"x":0,"y":2,"w":132,"h":130},
	"sourceSize": {"w":132,"h":132},
	"pivot": {"x":0.5,"y":0.5}
},
"02_001.png":
{
	"frame": {"x":135,"y":1,"w":131,"h":131},
	"rotated": false,
	"trimmed": true,
	"spriteSourceSize": {"x":1,"y":1,"w":131,"h":131},
	"sourceSize": {"w":132,"h":132},
	"pivot": {"x":0.5,"y":0.5}
},
"02_002.png":
{
	"frame": {"x":268,"y":1,"w":131,"h":131},
	"rotated": false,
	"trimmed": true,
	"spriteSourceSize": {"x":1,"y":1,"w":131,"h":131},
	"sourceSize": {"w":132,"h":132},
	"pivot": {"x":0.5,"y":0.5}
},
"02_003.png":
{
	"frame": {"x":401,"y":1,"w":131,"h":131},
	"rotated": false,
	"trimmed": true,
	"spriteSourceSize": {"x":1,"y":1,"w":131,"h":131},
	"sourceSize": {"w":132,"h":132},
	"pivot": {"x":0.5,"y":0.5}
},
"02_004.png":
{
	"frame": {"x":534,"y":1,"w":130,"h":131},
	"rotated": false,
	"trimmed": true,
	"spriteSourceSize": {"x":2,"y":1,"w":130,"h":131},
	"sourceSize": {"w":132,"h":132},
	"pivot": {"x":0.5,"y":0.5}
},
"02_005.png":
{
	"frame": {"x":666,"y":1,"w":131,"h":131},
	"rotated": false,
	"trimmed": true,
	"spriteSourceSize": {"x":1,"y":1,"w":131,"h":131},
	"sourceSize": {"w":132,"h":132},
	"pivot": {"x":0.5,"y":0.5}
},
"02_006.png":
{
	"frame": {"x":799,"y":1,"w":131,"h":131},
	"rotated": false,
	"trimmed": true,
	"spriteSourceSize": {"x":1,"y":1,"w":131,"h":131},
	"sourceSize": {"w":132,"h":132},
	"pivot": {"x":0.5,"y":0.5}
},
"02_007.png":
{
	"frame": {"x":1,"y":134,"w":131,"h":130},
	"rotated": false,
	"trimmed": true,
	"spriteSourceSize": {"x":1,"y":1,"w":131,"h":130},
	"sourceSize": {"w":132,"h":132},
	"pivot": {"x":0.5,"y":0.5}
},
"02_008.png":
{
	"frame": {"x":134,"y":134,"w":131,"h":130},
	"rotated": false,
	"trimmed": true,
	"spriteSourceSize": {"x":1,"y":1,"w":131,"h":130},
	"sourceSize": {"w":132,"h":132},
	"pivot": {"x":0.5,"y":0.5}
},
"02_009.png":
{
	"frame": {"x":267,"y":134,"w":131,"h":130},
	"rotated": false,
	"trimmed": true,
	"spriteSourceSize": {"x":1,"y":1,"w":131,"h":130},
	"sourceSize": {"w":132,"h":132},
	"pivot": {"x":0.5,"y":0.5}
},
"02_010.png":
{
	"frame": {"x":400,"y":134,"w":131,"h":130},
	"rotated": false,
	"trimmed": true,
	"spriteSourceSize": {"x":1,"y":1,"w":131,"h":130},
	"sourceSize": {"w":132,"h":132},
	"pivot": {"x":0.5,"y":0.5}
},
"02_011.png":
{
	"frame": {"x":533,"y":134,"w":131,"h":130},
	"rotated": false,
	"trimmed": true,
	"spriteSourceSize": {"x":1,"y":1,"w":131,"h":130},
	"sourceSize": {"w":132,"h":132},
	"pivot": {"x":0.5,"y":0.5}
},
"02_012.png":
{
	"frame": {"x":666,"y":134,"w":131,"h":130},
	"rotated": false,
	"trimmed": true,
	"spriteSourceSize": {"x":1,"y":1,"w":131,"h":130},
	"sourceSize": {"w":132,"h":132},
	"pivot": {"x":0.5,"y":0.5}
},
"02_013.png":
{
	"frame": {"x":799,"y":134,"w":131,"h":130},
	"rotated": false,
	"trimmed": true,
	"spriteSourceSize": {"x":1,"y":1,"w":131,"h":130},
	"sourceSize": {"w":132,"h":132},
	"pivot": {"x":0.5,"y":0.5}
},
"02_014.png":
{
	"frame": {"x":1,"y":266,"w":131,"h":130},
	"rotated": false,
	"trimmed": true,
	"spriteSourceSize": {"x":1,"y":1,"w":131,"h":130},
	"sourceSize": {"w":132,"h":132},
	"pivot": {"x":0.5,"y":0.5}
},
"02_015.png":
{
	"frame": {"x":134,"y":266,"w":131,"h":130},
	"rotated": false,
	"trimmed": true,
	"spriteSourceSize": {"x":1,"y":1,"w":131,"h":130},
	"sourceSize": {"w":132,"h":132},
	"pivot": {"x":0.5,"y":0.5}
},
"02_016.png":
{
	"frame": {"x":267,"y":266,"w":131,"h":130},
	"rotated": false,
	"trimmed": true,
	"spriteSourceSize": {"x":1,"y":1,"w":131,"h":130},
	"sourceSize": {"w":132,"h":132},
	"pivot": {"x":0.5,"y":0.5}
},
"02_017.png":
{
	"frame": {"x":400,"y":266,"w":131,"h":130},
	"rotated": false,
	"trimmed": true,
	"spriteSourceSize": {"x":1,"y":1,"w":131,"h":130},
	"sourceSize": {"w":132,"h":132},
	"pivot": {"x":0.5,"y":0.5}
},
"02_018.png":
{
	"frame": {"x":533,"y":266,"w":131,"h":130},
	"rotated": false,
	"trimmed": true,
	"spriteSourceSize": {"x":1,"y":1,"w":131,"h":130},
	"sourceSize": {"w":132,"h":132},
	"pivot": {"x":0.5,"y":0.5}
},
"02_019.png":
{
	"frame": {"x":666,"y":266,"w":131,"h":130},
	"rotated": false,
	"trimmed": true,
	"spriteSourceSize": {"x":1,"y":1,"w":131,"h":130},
	"sourceSize": {"w":132,"h":132},
	"pivot": {"x":0.5,"y":0.5}
},
"02_020.png":
{
	"frame": {"x":799,"y":266,"w":131,"h":130},
	"rotated": false,
	"trimmed": true,
	"spriteSourceSize": {"x":1,"y":1,"w":131,"h":130},
	"sourceSize": {"w":132,"h":132},
	"pivot": {"x":0.5,"y":0.5}
},
"02_021.png":
{
	"frame": {"x":1,"y":398,"w":131,"h":130},
	"rotated": false,
	"trimmed": true,
	"spriteSourceSize": {"x":1,"y":1,"w":131,"h":130},
	"sourceSize": {"w":132,"h":132},
	"pivot": {"x":0.5,"y":0.5}
},
"02_022.png":
{
	"frame": {"x":134,"y":398,"w":131,"h":130},
	"rotated": false,
	"trimmed": true,
	"spriteSourceSize": {"x":1,"y":1,"w":131,"h":130},
	"sourceSize": {"w":132,"h":132},
	"pivot": {"x":0.5,"y":0.5}
},
"02_023.png":
{
	"frame": {"x":267,"y":398,"w":131,"h":130},
	"rotated": false,
	"trimmed": true,
	"spriteSourceSize": {"x":1,"y":1,"w":131,"h":130},
	"sourceSize": {"w":132,"h":132},
	"pivot": {"x":0.5,"y":0.5}
},
"02_024.png":
{
	"frame": {"x":400,"y":398,"w":131,"h":131},
	"rotated": false,
	"trimmed": true,
	"spriteSourceSize": {"x":1,"y":1,"w":131,"h":131},
	"sourceSize": {"w":132,"h":132},
	"pivot": {"x":0.5,"y":0.5}
},
"02_025.png":
{
	"frame": {"x":533,"y":398,"w":131,"h":131},
	"rotated": false,
	"trimmed": true,
	"spriteSourceSize": {"x":1,"y":1,"w":131,"h":131},
	"sourceSize": {"w":132,"h":132},
	"pivot": {"x":0.5,"y":0.5}
},
"02_026.png":
{
	"frame": {"x":666,"y":398,"w":131,"h":131},
	"rotated": false,
	"trimmed": true,
	"spriteSourceSize": {"x":1,"y":1,"w":131,"h":131},
	"sourceSize": {"w":132,"h":132},
	"pivot": {"x":0.5,"y":0.5}
},
"02_027.png":
{
	"frame": {"x":799,"y":398,"w":131,"h":131},
	"rotated": false,
	"trimmed": true,
	"spriteSourceSize": {"x":1,"y":1,"w":131,"h":131},
	"sourceSize": {"w":132,"h":132},
	"pivot": {"x":0.5,"y":0.5}
},
"02_028.png":
{
	"frame": {"x":1,"y":531,"w":131,"h":131},
	"rotated": false,
	"trimmed": true,
	"spriteSourceSize": {"x":1,"y":1,"w":131,"h":131},
	"sourceSize": {"w":132,"h":132},
	"pivot": {"x":0.5,"y":0.5}
},
"02_029.png":
{
	"frame": {"x":134,"y":531,"w":132,"h":131},
	"rotated": false,
	"trimmed": true,
	"spriteSourceSize": {"x":0,"y":1,"w":132,"h":131},
	"sourceSize": {"w":132,"h":132},
	"pivot": {"x":0.5,"y":0.5}
}},
"meta": {
	"app": "https://www.codeandweb.com/texturepacker",
	"version": "1.0",
	"image": "02-0.png",
	"format": "RGBA8888",
	"size": {"w":1024,"h":1024},
	"scale": "1",
	"smartupdate": "$TexturePacker:SmartUpdate:fc61b9f18e7a031fd3494cdb87fd1387:44398bd70d9ee1047dcd8cead91eeb7b:1b1cbcbf5a35da2085e4b0c5e0ec5a21$"
}
}
