{"frames": {

"03_000.png":
{
	"frame": {"x":1,"y":1,"w":130,"h":129},
	"rotated": false,
	"trimmed": true,
	"spriteSourceSize": {"x":2,"y":3,"w":130,"h":129},
	"sourceSize": {"w":132,"h":132},
	"pivot": {"x":0.5,"y":0.5}
},
"03_001.png":
{
	"frame": {"x":133,"y":1,"w":130,"h":131},
	"rotated": false,
	"trimmed": true,
	"spriteSourceSize": {"x":2,"y":1,"w":130,"h":131},
	"sourceSize": {"w":132,"h":132},
	"pivot": {"x":0.5,"y":0.5}
},
"03_002.png":
{
	"frame": {"x":265,"y":1,"w":130,"h":131},
	"rotated": false,
	"trimmed": true,
	"spriteSourceSize": {"x":2,"y":1,"w":130,"h":131},
	"sourceSize": {"w":132,"h":132},
	"pivot": {"x":0.5,"y":0.5}
},
"03_003.png":
{
	"frame": {"x":397,"y":1,"w":130,"h":131},
	"rotated": false,
	"trimmed": true,
	"spriteSourceSize": {"x":2,"y":1,"w":130,"h":131},
	"sourceSize": {"w":132,"h":132},
	"pivot": {"x":0.5,"y":0.5}
},
"03_004.png":
{
	"frame": {"x":529,"y":1,"w":130,"h":131},
	"rotated": false,
	"trimmed": true,
	"spriteSourceSize": {"x":2,"y":1,"w":130,"h":131},
	"sourceSize": {"w":132,"h":132},
	"pivot": {"x":0.5,"y":0.5}
},
"03_005.png":
{
	"frame": {"x":661,"y":1,"w":131,"h":131},
	"rotated": false,
	"trimmed": true,
	"spriteSourceSize": {"x":1,"y":1,"w":131,"h":131},
	"sourceSize": {"w":132,"h":132},
	"pivot": {"x":0.5,"y":0.5}
},
"03_006.png":
{
	"frame": {"x":794,"y":1,"w":131,"h":130},
	"rotated": false,
	"trimmed": true,
	"spriteSourceSize": {"x":1,"y":1,"w":131,"h":130},
	"sourceSize": {"w":132,"h":132},
	"pivot": {"x":0.5,"y":0.5}
},
"03_007.png":
{
	"frame": {"x":1,"y":134,"w":131,"h":130},
	"rotated": false,
	"trimmed": true,
	"spriteSourceSize": {"x":1,"y":1,"w":131,"h":130},
	"sourceSize": {"w":132,"h":132},
	"pivot": {"x":0.5,"y":0.5}
},
"03_008.png":
{
	"frame": {"x":134,"y":134,"w":131,"h":130},
	"rotated": false,
	"trimmed": true,
	"spriteSourceSize": {"x":1,"y":1,"w":131,"h":130},
	"sourceSize": {"w":132,"h":132},
	"pivot": {"x":0.5,"y":0.5}
},
"03_009.png":
{
	"frame": {"x":267,"y":134,"w":131,"h":130},
	"rotated": false,
	"trimmed": true,
	"spriteSourceSize": {"x":1,"y":1,"w":131,"h":130},
	"sourceSize": {"w":132,"h":132},
	"pivot": {"x":0.5,"y":0.5}
},
"03_010.png":
{
	"frame": {"x":400,"y":134,"w":131,"h":130},
	"rotated": false,
	"trimmed": true,
	"spriteSourceSize": {"x":1,"y":1,"w":131,"h":130},
	"sourceSize": {"w":132,"h":132},
	"pivot": {"x":0.5,"y":0.5}
},
"03_011.png":
{
	"frame": {"x":533,"y":134,"w":131,"h":130},
	"rotated": false,
	"trimmed": true,
	"spriteSourceSize": {"x":1,"y":1,"w":131,"h":130},
	"sourceSize": {"w":132,"h":132},
	"pivot": {"x":0.5,"y":0.5}
},
"03_012.png":
{
	"frame": {"x":666,"y":134,"w":131,"h":130},
	"rotated": false,
	"trimmed": true,
	"spriteSourceSize": {"x":1,"y":1,"w":131,"h":130},
	"sourceSize": {"w":132,"h":132},
	"pivot": {"x":0.5,"y":0.5}
},
"03_013.png":
{
	"frame": {"x":799,"y":134,"w":131,"h":130},
	"rotated": false,
	"trimmed": true,
	"spriteSourceSize": {"x":1,"y":1,"w":131,"h":130},
	"sourceSize": {"w":132,"h":132},
	"pivot": {"x":0.5,"y":0.5}
},
"03_014.png":
{
	"frame": {"x":1,"y":266,"w":131,"h":130},
	"rotated": false,
	"trimmed": true,
	"spriteSourceSize": {"x":1,"y":1,"w":131,"h":130},
	"sourceSize": {"w":132,"h":132},
	"pivot": {"x":0.5,"y":0.5}
},
"03_015.png":
{
	"frame": {"x":134,"y":266,"w":131,"h":130},
	"rotated": false,
	"trimmed": true,
	"spriteSourceSize": {"x":1,"y":1,"w":131,"h":130},
	"sourceSize": {"w":132,"h":132},
	"pivot": {"x":0.5,"y":0.5}
},
"03_016.png":
{
	"frame": {"x":267,"y":266,"w":131,"h":130},
	"rotated": false,
	"trimmed": true,
	"spriteSourceSize": {"x":1,"y":1,"w":131,"h":130},
	"sourceSize": {"w":132,"h":132},
	"pivot": {"x":0.5,"y":0.5}
},
"03_017.png":
{
	"frame": {"x":400,"y":266,"w":131,"h":130},
	"rotated": false,
	"trimmed": true,
	"spriteSourceSize": {"x":1,"y":1,"w":131,"h":130},
	"sourceSize": {"w":132,"h":132},
	"pivot": {"x":0.5,"y":0.5}
},
"03_018.png":
{
	"frame": {"x":533,"y":266,"w":131,"h":130},
	"rotated": false,
	"trimmed": true,
	"spriteSourceSize": {"x":1,"y":1,"w":131,"h":130},
	"sourceSize": {"w":132,"h":132},
	"pivot": {"x":0.5,"y":0.5}
},
"03_019.png":
{
	"frame": {"x":666,"y":266,"w":131,"h":130},
	"rotated": false,
	"trimmed": true,
	"spriteSourceSize": {"x":1,"y":1,"w":131,"h":130},
	"sourceSize": {"w":132,"h":132},
	"pivot": {"x":0.5,"y":0.5}
},
"03_020.png":
{
	"frame": {"x":799,"y":266,"w":131,"h":130},
	"rotated": false,
	"trimmed": true,
	"spriteSourceSize": {"x":1,"y":1,"w":131,"h":130},
	"sourceSize": {"w":132,"h":132},
	"pivot": {"x":0.5,"y":0.5}
},
"03_021.png":
{
	"frame": {"x":1,"y":398,"w":131,"h":130},
	"rotated": false,
	"trimmed": true,
	"spriteSourceSize": {"x":1,"y":1,"w":131,"h":130},
	"sourceSize": {"w":132,"h":132},
	"pivot": {"x":0.5,"y":0.5}
},
"03_022.png":
{
	"frame": {"x":134,"y":398,"w":131,"h":130},
	"rotated": false,
	"trimmed": true,
	"spriteSourceSize": {"x":1,"y":1,"w":131,"h":130},
	"sourceSize": {"w":132,"h":132},
	"pivot": {"x":0.5,"y":0.5}
},
"03_023.png":
{
	"frame": {"x":267,"y":398,"w":131,"h":130},
	"rotated": false,
	"trimmed": true,
	"spriteSourceSize": {"x":1,"y":1,"w":131,"h":130},
	"sourceSize": {"w":132,"h":132},
	"pivot": {"x":0.5,"y":0.5}
},
"03_024.png":
{
	"frame": {"x":400,"y":398,"w":131,"h":130},
	"rotated": false,
	"trimmed": true,
	"spriteSourceSize": {"x":1,"y":1,"w":131,"h":130},
	"sourceSize": {"w":132,"h":132},
	"pivot": {"x":0.5,"y":0.5}
},
"03_025.png":
{
	"frame": {"x":533,"y":398,"w":131,"h":131},
	"rotated": false,
	"trimmed": true,
	"spriteSourceSize": {"x":1,"y":1,"w":131,"h":131},
	"sourceSize": {"w":132,"h":132},
	"pivot": {"x":0.5,"y":0.5}
},
"03_026.png":
{
	"frame": {"x":666,"y":398,"w":130,"h":131},
	"rotated": false,
	"trimmed": true,
	"spriteSourceSize": {"x":2,"y":1,"w":130,"h":131},
	"sourceSize": {"w":132,"h":132},
	"pivot": {"x":0.5,"y":0.5}
},
"03_027.png":
{
	"frame": {"x":798,"y":398,"w":130,"h":131},
	"rotated": false,
	"trimmed": true,
	"spriteSourceSize": {"x":2,"y":1,"w":130,"h":131},
	"sourceSize": {"w":132,"h":132},
	"pivot": {"x":0.5,"y":0.5}
},
"03_028.png":
{
	"frame": {"x":1,"y":531,"w":129,"h":131},
	"rotated": false,
	"trimmed": true,
	"spriteSourceSize": {"x":3,"y":1,"w":129,"h":131},
	"sourceSize": {"w":132,"h":132},
	"pivot": {"x":0.5,"y":0.5}
},
"03_029.png":
{
	"frame": {"x":132,"y":531,"w":130,"h":131},
	"rotated": false,
	"trimmed": true,
	"spriteSourceSize": {"x":2,"y":1,"w":130,"h":131},
	"sourceSize": {"w":132,"h":132},
	"pivot": {"x":0.5,"y":0.5}
}},
"meta": {
	"app": "https://www.codeandweb.com/texturepacker",
	"version": "1.0",
	"image": "03-0.png",
	"format": "RGBA8888",
	"size": {"w":1024,"h":1024},
	"scale": "1",
	"smartupdate": "$TexturePacker:SmartUpdate:1e7401647505b8ec21285479c578244d:65f4298bc92c1c6b87c56f57295bc4ae:a501b8a371b978260d2ebcf5a56246d2$"
}
}
