{"frames": {

"expand_000.png":
{
	"frame": {"x":1,"y":1,"w":60,"h":76},
	"rotated": false,
	"trimmed": true,
	"spriteSourceSize": {"x":36,"y":29,"w":60,"h":76},
	"sourceSize": {"w":132,"h":132},
	"pivot": {"x":0.5,"y":0.5}
},
"expand_001.png":
{
	"frame": {"x":63,"y":1,"w":64,"h":84},
	"rotated": false,
	"trimmed": true,
	"spriteSourceSize": {"x":34,"y":26,"w":64,"h":84},
	"sourceSize": {"w":132,"h":132},
	"pivot": {"x":0.5,"y":0.5}
},
"expand_002.png":
{
	"frame": {"x":129,"y":1,"w":66,"h":87},
	"rotated": false,
	"trimmed": true,
	"spriteSourceSize": {"x":34,"y":24,"w":66,"h":87},
	"sourceSize": {"w":132,"h":132},
	"pivot": {"x":0.5,"y":0.5}
},
"expand_003.png":
{
	"frame": {"x":197,"y":1,"w":75,"h":89},
	"rotated": false,
	"trimmed": true,
	"spriteSourceSize": {"x":28,"y":21,"w":75,"h":89},
	"sourceSize": {"w":132,"h":132},
	"pivot": {"x":0.5,"y":0.5}
},
"expand_004.png":
{
	"frame": {"x":274,"y":1,"w":84,"h":91},
	"rotated": false,
	"trimmed": true,
	"spriteSourceSize": {"x":20,"y":18,"w":84,"h":91},
	"sourceSize": {"w":132,"h":132},
	"pivot": {"x":0.5,"y":0.5}
},
"expand_005.png":
{
	"frame": {"x":360,"y":1,"w":93,"h":95},
	"rotated": false,
	"trimmed": true,
	"spriteSourceSize": {"x":17,"y":16,"w":93,"h":95},
	"sourceSize": {"w":132,"h":132},
	"pivot": {"x":0.5,"y":0.5}
},
"expand_006.png":
{
	"frame": {"x":1,"y":98,"w":99,"h":101},
	"rotated": false,
	"trimmed": true,
	"spriteSourceSize": {"x":15,"y":13,"w":99,"h":101},
	"sourceSize": {"w":132,"h":132},
	"pivot": {"x":0.5,"y":0.5}
},
"expand_007.png":
{
	"frame": {"x":102,"y":98,"w":105,"h":105},
	"rotated": false,
	"trimmed": true,
	"spriteSourceSize": {"x":13,"y":12,"w":105,"h":105},
	"sourceSize": {"w":132,"h":132},
	"pivot": {"x":0.5,"y":0.5}
},
"expand_008.png":
{
	"frame": {"x":209,"y":98,"w":108,"h":109},
	"rotated": false,
	"trimmed": true,
	"spriteSourceSize": {"x":13,"y":11,"w":108,"h":109},
	"sourceSize": {"w":132,"h":132},
	"pivot": {"x":0.5,"y":0.5}
},
"expand_009.png":
{
	"frame": {"x":319,"y":98,"w":115,"h":114},
	"rotated": false,
	"trimmed": true,
	"spriteSourceSize": {"x":11,"y":9,"w":115,"h":114},
	"sourceSize": {"w":132,"h":132},
	"pivot": {"x":0.5,"y":0.5}
},
"expand_010.png":
{
	"frame": {"x":1,"y":214,"w":117,"h":118},
	"rotated": false,
	"trimmed": true,
	"spriteSourceSize": {"x":10,"y":6,"w":117,"h":118},
	"sourceSize": {"w":132,"h":132},
	"pivot": {"x":0.5,"y":0.5}
},
"expand_011.png":
{
	"frame": {"x":120,"y":214,"w":132,"h":132},
	"rotated": false,
	"trimmed": false,
	"spriteSourceSize": {"x":0,"y":0,"w":132,"h":132},
	"sourceSize": {"w":132,"h":132},
	"pivot": {"x":0.5,"y":0.5}
},
"expand_012.png":
{
	"frame": {"x":254,"y":214,"w":132,"h":132},
	"rotated": false,
	"trimmed": false,
	"spriteSourceSize": {"x":0,"y":0,"w":132,"h":132},
	"sourceSize": {"w":132,"h":132},
	"pivot": {"x":0.5,"y":0.5}
}},
"meta": {
	"app": "https://www.codeandweb.com/texturepacker",
	"version": "1.0",
	"image": "expand.png",
	"format": "RGBA8888",
	"size": {"w":512,"h":512},
	"scale": "1",
	"smartupdate": "$TexturePacker:SmartUpdate:a89e7c49490f7ed77c12ba1585d580fc:9414f5231764c46e49584e0fbf4791a1:958e0f16801df6f9e70e67ca25fa12bd$"
}
}
