{"frames": {

"collectedScrolls.png":
{
	"frame": {"x":1,"y":1,"w":120,"h":32},
	"rotated": false,
	"trimmed": true,
	"spriteSourceSize": {"x":223,"y":305,"w":120,"h":32},
	"sourceSize": {"w":960,"h":540}
},
"featureStart.png":
{
	"frame": {"x":1,"y":942,"w":722,"h":36},
	"rotated": false,
	"trimmed": true,
	"spriteSourceSize": {"x":121,"y":421,"w":722,"h":36},
	"sourceSize": {"w":960,"h":540}
},
"featureWin.png":
{
	"frame": {"x":1,"y":273,"w":498,"h":30},
	"rotated": false,
	"trimmed": true,
	"spriteSourceSize": {"x":230,"y":182,"w":498,"h":30},
	"sourceSize": {"w":960,"h":540}
},
"introBonusText.png":
{
	"frame": {"x":1,"y":663,"w":705,"h":225},
	"rotated": false,
	"trimmed": true,
	"spriteSourceSize": {"x":125,"y":171,"w":705,"h":225},
	"sourceSize": {"w":960,"h":540}
},
"introMysteryText.png":
{
	"frame": {"x":1,"y":370,"w":696,"h":291},
	"rotated": false,
	"trimmed": true,
	"spriteSourceSize": {"x":132,"y":154,"w":696,"h":291},
	"sourceSize": {"w":960,"h":540}
},
"jackpotTextLevel_0.png":
{
	"frame": {"x":500,"y":1,"w":214,"h":35},
	"rotated": false,
	"trimmed": true,
	"spriteSourceSize": {"x":223,"y":224,"w":214,"h":35},
	"sourceSize": {"w":960,"h":540}
},
"jackpotTextLevel_1.png":
{
	"frame": {"x":304,"y":1,"w":194,"h":35},
	"rotated": false,
	"trimmed": true,
	"spriteSourceSize": {"x":223,"y":224,"w":194,"h":35},
	"sourceSize": {"w":960,"h":540}
},
"jackpotTextLevel_2.png":
{
	"frame": {"x":123,"y":1,"w":179,"h":35},
	"rotated": false,
	"trimmed": true,
	"spriteSourceSize": {"x":223,"y":224,"w":179,"h":35},
	"sourceSize": {"w":960,"h":540}
},
"jackpotTextLevel_3.png":
{
	"frame": {"x":716,"y":1,"w":248,"h":35},
	"rotated": false,
	"trimmed": true,
	"spriteSourceSize": {"x":223,"y":224,"w":248,"h":35},
	"sourceSize": {"w":960,"h":540}
},
"jackpotWin.png":
{
	"frame": {"x":520,"y":38,"w":270,"h":23},
	"rotated": false,
	"trimmed": true,
	"spriteSourceSize": {"x":224,"y":266,"w":270,"h":23},
	"sourceSize": {"w":960,"h":540}
},
"mysteryText.png":
{
	"frame": {"x":1,"y":305,"w":527,"h":63},
	"rotated": false,
	"trimmed": true,
	"spriteSourceSize": {"x":217,"y":209,"w":527,"h":63},
	"sourceSize": {"w":960,"h":540}
},
"pressStart.png":
{
	"frame": {"x":1,"y":890,"w":713,"h":50},
	"rotated": false,
	"trimmed": true,
	"spriteSourceSize": {"x":125,"y":381,"w":713,"h":50},
	"sourceSize": {"w":960,"h":540}
},
"reached.png":
{
	"frame": {"x":1,"y":122,"w":366,"h":111},
	"rotated": false,
	"trimmed": true,
	"spriteSourceSize": {"x":298,"y":204,"w":366,"h":111},
	"sourceSize": {"w":960,"h":540}
},
"reachedLevel_0.png":
{
	"frame": {"x":274,"y":80,"w":287,"h":39},
	"rotated": false,
	"trimmed": true,
	"spriteSourceSize": {"x":334,"y":385,"w":287,"h":39},
	"sourceSize": {"w":960,"h":540}
},
"reachedLevel_1.png":
{
	"frame": {"x":253,"y":38,"w":265,"h":40},
	"rotated": false,
	"trimmed": true,
	"spriteSourceSize": {"x":344,"y":385,"w":265,"h":40},
	"sourceSize": {"w":960,"h":540}
},
"reachedLevel_2.png":
{
	"frame": {"x":1,"y":38,"w":250,"h":40},
	"rotated": false,
	"trimmed": true,
	"spriteSourceSize": {"x":350,"y":385,"w":250,"h":40},
	"sourceSize": {"w":960,"h":540}
},
"reachedLevel_3.png":
{
	"frame": {"x":563,"y":80,"w":327,"h":40},
	"rotated": false,
	"trimmed": true,
	"spriteSourceSize": {"x":312,"y":385,"w":327,"h":40},
	"sourceSize": {"w":960,"h":540}
},
"scrollsCollected.png":
{
	"frame": {"x":369,"y":122,"w":440,"h":149},
	"rotated": false,
	"trimmed": true,
	"spriteSourceSize": {"x":266,"y":191,"w":440,"h":149},
	"sourceSize": {"w":960,"h":540}
},
"totalWon.png":
{
	"frame": {"x":1,"y":80,"w":271,"h":38},
	"rotated": false,
	"trimmed": true,
	"spriteSourceSize": {"x":224,"y":339,"w":271,"h":38},
	"sourceSize": {"w":960,"h":540}
}},
"meta": {
	"app": "https://www.codeandweb.com/texturepacker",
	"version": "1.0",
	"image": "freespinResources_es.png",
	"format": "RGBA8888",
	"size": {"w":1024,"h":1024},
	"scale": "1",
	"smartupdate": "$TexturePacker:SmartUpdate:37c66f719d879e6df9b3b355600746d8:c1905db2611ea088ded41ff815a34600:4c897be4d9d8f7636a5e312904205715$"
}
}
