{"frames": {

"collectedScrolls.png":
{
	"frame": {"x":1,"y":68,"w":138,"h":35},
	"rotated": false,
	"trimmed": true,
	"spriteSourceSize": {"x":216,"y":306,"w":138,"h":35},
	"sourceSize": {"w":960,"h":540}
},
"featureStart.png":
{
	"frame": {"x":1,"y":31,"w":705,"h":33},
	"rotated": false,
	"trimmed": true,
	"spriteSourceSize": {"x":128,"y":423,"w":705,"h":33},
	"sourceSize": {"w":960,"h":540}
},
"featureWin.png":
{
	"frame": {"x":272,"y":1,"w":464,"h":28},
	"rotated": false,
	"trimmed": true,
	"spriteSourceSize": {"x":248,"y":184,"w":464,"h":28},
	"sourceSize": {"w":960,"h":540}
},
"introBonusText.png":
{
	"frame": {"x":1,"y":433,"w":673,"h":178},
	"rotated": false,
	"trimmed": true,
	"spriteSourceSize": {"x":139,"y":194,"w":673,"h":178},
	"sourceSize": {"w":960,"h":540}
},
"introMysteryText.png":
{
	"frame": {"x":1,"y":613,"w":679,"h":248},
	"rotated": false,
	"trimmed": true,
	"spriteSourceSize": {"x":138,"y":175,"w":679,"h":248},
	"sourceSize": {"w":960,"h":540}
},
"jackpotTextLevel_0.png":
{
	"frame": {"x":141,"y":68,"w":213,"h":37},
	"rotated": false,
	"trimmed": true,
	"spriteSourceSize": {"x":218,"y":224,"w":213,"h":37},
	"sourceSize": {"w":960,"h":540}
},
"jackpotTextLevel_1.png":
{
	"frame": {"x":708,"y":31,"w":192,"h":35},
	"rotated": false,
	"trimmed": true,
	"spriteSourceSize": {"x":218,"y":225,"w":192,"h":35},
	"sourceSize": {"w":960,"h":540}
},
"jackpotTextLevel_2.png":
{
	"frame": {"x":602,"y":68,"w":175,"h":38},
	"rotated": false,
	"trimmed": true,
	"spriteSourceSize": {"x":217,"y":225,"w":175,"h":38},
	"sourceSize": {"w":960,"h":540}
},
"jackpotTextLevel_3.png":
{
	"frame": {"x":356,"y":68,"w":244,"h":37},
	"rotated": false,
	"trimmed": true,
	"spriteSourceSize": {"x":218,"y":224,"w":244,"h":37},
	"sourceSize": {"w":960,"h":540}
},
"jackpotWin.png":
{
	"frame": {"x":1,"y":1,"w":269,"h":27},
	"rotated": false,
	"trimmed": true,
	"spriteSourceSize": {"x":218,"y":267,"w":269,"h":27},
	"sourceSize": {"w":960,"h":540}
},
"mysteryText.png":
{
	"frame": {"x":1,"y":208,"w":557,"h":64},
	"rotated": false,
	"trimmed": true,
	"spriteSourceSize": {"x":214,"y":208,"w":557,"h":64},
	"sourceSize": {"w":960,"h":540}
},
"pressStart.png":
{
	"frame": {"x":1,"y":159,"w":568,"h":45},
	"rotated": false,
	"trimmed": true,
	"spriteSourceSize": {"x":196,"y":389,"w":568,"h":45},
	"sourceSize": {"w":960,"h":540}
},
"reached.png":
{
	"frame": {"x":1,"y":274,"w":466,"h":120},
	"rotated": false,
	"trimmed": true,
	"spriteSourceSize": {"x":247,"y":203,"w":466,"h":120},
	"sourceSize": {"w":960,"h":540}
},
"reachedLevel_0.png":
{
	"frame": {"x":296,"y":112,"w":251,"h":44},
	"rotated": false,
	"trimmed": true,
	"spriteSourceSize": {"x":340,"y":383,"w":251,"h":44},
	"sourceSize": {"w":960,"h":540}
},
"reachedLevel_1.png":
{
	"frame": {"x":779,"y":68,"w":227,"h":42},
	"rotated": false,
	"trimmed": true,
	"spriteSourceSize": {"x":352,"y":383,"w":227,"h":42},
	"sourceSize": {"w":960,"h":540}
},
"reachedLevel_2.png":
{
	"frame": {"x":571,"y":159,"w":215,"h":47},
	"rotated": false,
	"trimmed": true,
	"spriteSourceSize": {"x":358,"y":383,"w":215,"h":47},
	"sourceSize": {"w":960,"h":540}
},
"reachedLevel_3.png":
{
	"frame": {"x":1,"y":112,"w":293,"h":44},
	"rotated": false,
	"trimmed": true,
	"spriteSourceSize": {"x":319,"y":383,"w":293,"h":44},
	"sourceSize": {"w":960,"h":540}
},
"scrollsCollected.png":
{
	"frame": {"x":469,"y":274,"w":438,"h":157},
	"rotated": false,
	"trimmed": true,
	"spriteSourceSize": {"x":261,"y":183,"w":438,"h":157},
	"sourceSize": {"w":960,"h":540}
},
"totalWon.png":
{
	"frame": {"x":549,"y":112,"w":235,"h":45},
	"rotated": false,
	"trimmed": true,
	"spriteSourceSize": {"x":218,"y":338,"w":235,"h":45},
	"sourceSize": {"w":960,"h":540}
}},
"meta": {
	"app": "https://www.codeandweb.com/texturepacker",
	"version": "1.0",
	"image": "freespinResources_bg.png",
	"format": "RGBA8888",
	"size": {"w":1024,"h":1024},
	"scale": "1",
	"smartupdate": "$TexturePacker:SmartUpdate:47509adde5376833abf385fe969d3d22:65d17d4c183c1f02fd557102c40abdb7:6d48b25ee7bfdd4d29437e55ab0e96f3$"
}
}
