{"frames": {

"collectedScrolls.png":
{
	"frame": {"x":1,"y":1,"w":138,"h":32},
	"rotated": false,
	"trimmed": true,
	"spriteSourceSize": {"x":216,"y":306,"w":138,"h":32},
	"sourceSize": {"w":960,"h":540}
},
"featureStart.png":
{
	"frame": {"x":1,"y":612,"w":706,"h":34},
	"rotated": false,
	"trimmed": true,
	"spriteSourceSize": {"x":127,"y":423,"w":706,"h":34},
	"sourceSize": {"w":960,"h":540}
},
"featureWin.png":
{
	"frame": {"x":554,"y":87,"w":407,"h":29},
	"rotated": false,
	"trimmed": true,
	"spriteSourceSize": {"x":277,"y":183,"w":407,"h":29},
	"sourceSize": {"w":960,"h":540}
},
"introBonusText.png":
{
	"frame": {"x":1,"y":648,"w":708,"h":208},
	"rotated": false,
	"trimmed": true,
	"spriteSourceSize": {"x":125,"y":183,"w":708,"h":208},
	"sourceSize": {"w":960,"h":540}
},
"introMysteryText.png":
{
	"frame": {"x":1,"y":351,"w":695,"h":259},
	"rotated": false,
	"trimmed": true,
	"spriteSourceSize": {"x":127,"y":164,"w":695,"h":259},
	"sourceSize": {"w":960,"h":540}
},
"jackpotTextLevel_0.png":
{
	"frame": {"x":712,"y":1,"w":211,"h":36},
	"rotated": false,
	"trimmed": true,
	"spriteSourceSize": {"x":218,"y":224,"w":211,"h":36},
	"sourceSize": {"w":960,"h":540}
},
"jackpotTextLevel_1.png":
{
	"frame": {"x":516,"y":1,"w":194,"h":39},
	"rotated": false,
	"trimmed": true,
	"spriteSourceSize": {"x":218,"y":224,"w":194,"h":39},
	"sourceSize": {"w":960,"h":540}
},
"jackpotTextLevel_2.png":
{
	"frame": {"x":141,"y":1,"w":179,"h":32},
	"rotated": false,
	"trimmed": true,
	"spriteSourceSize": {"x":218,"y":225,"w":179,"h":32},
	"sourceSize": {"w":960,"h":540}
},
"jackpotTextLevel_3.png":
{
	"frame": {"x":702,"y":45,"w":251,"h":33},
	"rotated": false,
	"trimmed": true,
	"spriteSourceSize": {"x":218,"y":224,"w":251,"h":33},
	"sourceSize": {"w":960,"h":540}
},
"jackpotWin.png":
{
	"frame": {"x":450,"y":45,"w":250,"h":31},
	"rotated": false,
	"trimmed": true,
	"spriteSourceSize": {"x":215,"y":267,"w":250,"h":31},
	"sourceSize": {"w":960,"h":540}
},
"mysteryText.png":
{
	"frame": {"x":430,"y":133,"w":427,"h":63},
	"rotated": false,
	"trimmed": true,
	"spriteSourceSize": {"x":267,"y":208,"w":427,"h":63},
	"sourceSize": {"w":960,"h":540}
},
"pressStart.png":
{
	"frame": {"x":1,"y":133,"w":427,"h":48},
	"rotated": false,
	"trimmed": true,
	"spriteSourceSize": {"x":267,"y":383,"w":427,"h":48},
	"sourceSize": {"w":960,"h":540}
},
"reached.png":
{
	"frame": {"x":433,"y":198,"w":505,"h":113},
	"rotated": false,
	"trimmed": true,
	"spriteSourceSize": {"x":228,"y":204,"w":505,"h":113},
	"sourceSize": {"w":960,"h":540}
},
"reachedLevel_0.png":
{
	"frame": {"x":1,"y":87,"w":253,"h":44},
	"rotated": false,
	"trimmed": true,
	"spriteSourceSize": {"x":354,"y":384,"w":253,"h":44},
	"sourceSize": {"w":960,"h":540}
},
"reachedLevel_1.png":
{
	"frame": {"x":217,"y":45,"w":231,"h":40},
	"rotated": false,
	"trimmed": true,
	"spriteSourceSize": {"x":364,"y":384,"w":231,"h":40},
	"sourceSize": {"w":960,"h":540}
},
"reachedLevel_2.png":
{
	"frame": {"x":1,"y":45,"w":214,"h":40},
	"rotated": false,
	"trimmed": true,
	"spriteSourceSize": {"x":373,"y":384,"w":214,"h":40},
	"sourceSize": {"w":960,"h":540}
},
"reachedLevel_3.png":
{
	"frame": {"x":256,"y":87,"w":296,"h":40},
	"rotated": false,
	"trimmed": true,
	"spriteSourceSize": {"x":332,"y":384,"w":296,"h":40},
	"sourceSize": {"w":960,"h":540}
},
"scrollsCollected.png":
{
	"frame": {"x":1,"y":198,"w":430,"h":151},
	"rotated": false,
	"trimmed": true,
	"spriteSourceSize": {"x":265,"y":183,"w":430,"h":151},
	"sourceSize": {"w":960,"h":540}
},
"totalWon.png":
{
	"frame": {"x":322,"y":1,"w":192,"h":42},
	"rotated": false,
	"trimmed": true,
	"spriteSourceSize": {"x":217,"y":338,"w":192,"h":42},
	"sourceSize": {"w":960,"h":540}
}},
"meta": {
	"app": "https://www.codeandweb.com/texturepacker",
	"version": "1.0",
	"image": "freespinResources_en.png",
	"format": "RGBA8888",
	"size": {"w":1024,"h":1024},
	"scale": "1",
	"smartupdate": "$TexturePacker:SmartUpdate:f3b0b11a376c6db545d31f637141d0e3:02bd33e1380ca7634fc5d03e73f1be5b:1d51a0827cd49459b50dacfe874af6e2$"
}
}
