{"frames": {

"collectedScrolls.png":
{
	"frame": {"x":671,"y":1,"w":102,"h":32},
	"rotated": false,
	"trimmed": true,
	"spriteSourceSize": {"x":222,"y":305,"w":102,"h":32},
	"sourceSize": {"w":960,"h":540}
},
"featureStart.png":
{
	"frame": {"x":1,"y":35,"w":708,"h":34},
	"rotated": false,
	"trimmed": true,
	"spriteSourceSize": {"x":126,"y":422,"w":708,"h":34},
	"sourceSize": {"w":960,"h":540}
},
"featureWin.png":
{
	"frame": {"x":273,"y":1,"w":396,"h":30},
	"rotated": false,
	"trimmed": true,
	"spriteSourceSize": {"x":282,"y":182,"w":396,"h":30},
	"sourceSize": {"w":960,"h":540}
},
"introBonusText.png":
{
	"frame": {"x":369,"y":342,"w":642,"h":217},
	"rotated": false,
	"trimmed": true,
	"spriteSourceSize": {"x":156,"y":177,"w":642,"h":217},
	"sourceSize": {"w":960,"h":540}
},
"introMysteryText.png":
{
	"frame": {"x":1,"y":561,"w":625,"h":286},
	"rotated": false,
	"trimmed": true,
	"spriteSourceSize": {"x":166,"y":161,"w":625,"h":286},
	"sourceSize": {"w":960,"h":540}
},
"jackpotTextLevel_0.png":
{
	"frame": {"x":1,"y":80,"w":214,"h":43},
	"rotated": false,
	"trimmed": true,
	"spriteSourceSize": {"x":223,"y":216,"w":214,"h":43},
	"sourceSize": {"w":960,"h":540}
},
"jackpotTextLevel_1.png":
{
	"frame": {"x":711,"y":35,"w":194,"h":43},
	"rotated": false,
	"trimmed": true,
	"spriteSourceSize": {"x":223,"y":216,"w":194,"h":43},
	"sourceSize": {"w":960,"h":540}
},
"jackpotTextLevel_2.png":
{
	"frame": {"x":467,"y":80,"w":179,"h":43},
	"rotated": false,
	"trimmed": true,
	"spriteSourceSize": {"x":223,"y":216,"w":179,"h":43},
	"sourceSize": {"w":960,"h":540}
},
"jackpotTextLevel_3.png":
{
	"frame": {"x":217,"y":80,"w":248,"h":43},
	"rotated": false,
	"trimmed": true,
	"spriteSourceSize": {"x":223,"y":216,"w":248,"h":43},
	"sourceSize": {"w":960,"h":540}
},
"jackpotWin.png":
{
	"frame": {"x":1,"y":1,"w":270,"h":28},
	"rotated": false,
	"trimmed": true,
	"spriteSourceSize": {"x":224,"y":262,"w":270,"h":28},
	"sourceSize": {"w":960,"h":540}
},
"mysteryText.png":
{
	"frame": {"x":1,"y":220,"w":539,"h":73},
	"rotated": false,
	"trimmed": true,
	"spriteSourceSize": {"x":211,"y":199,"w":539,"h":73},
	"sourceSize": {"w":960,"h":540}
},
"pressStart.png":
{
	"frame": {"x":1,"y":125,"w":679,"h":44},
	"rotated": false,
	"trimmed": true,
	"spriteSourceSize": {"x":141,"y":386,"w":679,"h":44},
	"sourceSize": {"w":960,"h":540}
},
"reached.png":
{
	"frame": {"x":542,"y":220,"w":265,"h":120},
	"rotated": false,
	"trimmed": true,
	"spriteSourceSize": {"x":348,"y":195,"w":265,"h":120},
	"sourceSize": {"w":960,"h":540}
},
"reachedLevel_0.png":
{
	"frame": {"x":682,"y":125,"w":244,"h":45},
	"rotated": false,
	"trimmed": true,
	"spriteSourceSize": {"x":354,"y":380,"w":244,"h":45},
	"sourceSize": {"w":960,"h":540}
},
"reachedLevel_1.png":
{
	"frame": {"x":208,"y":172,"w":220,"h":45},
	"rotated": false,
	"trimmed": true,
	"spriteSourceSize": {"x":367,"y":380,"w":220,"h":45},
	"sourceSize": {"w":960,"h":540}
},
"reachedLevel_2.png":
{
	"frame": {"x":1,"y":172,"w":205,"h":45},
	"rotated": false,
	"trimmed": true,
	"spriteSourceSize": {"x":373,"y":380,"w":205,"h":45},
	"sourceSize": {"w":960,"h":540}
},
"reachedLevel_3.png":
{
	"frame": {"x":430,"y":172,"w":284,"h":45},
	"rotated": false,
	"trimmed": true,
	"spriteSourceSize": {"x":334,"y":380,"w":284,"h":45},
	"sourceSize": {"w":960,"h":540}
},
"scrollsCollected.png":
{
	"frame": {"x":1,"y":342,"w":366,"h":156},
	"rotated": false,
	"trimmed": true,
	"spriteSourceSize": {"x":315,"y":184,"w":366,"h":156},
	"sourceSize": {"w":960,"h":540}
},
"totalWon.png":
{
	"frame": {"x":716,"y":172,"w":245,"h":46},
	"rotated": false,
	"trimmed": true,
	"spriteSourceSize": {"x":223,"y":333,"w":245,"h":46},
	"sourceSize": {"w":960,"h":540}
}},
"meta": {
	"app": "https://www.codeandweb.com/texturepacker",
	"version": "1.0",
	"image": "freespinResources_pt.png",
	"format": "RGBA8888",
	"size": {"w":1024,"h":1024},
	"scale": "1",
	"smartupdate": "$TexturePacker:SmartUpdate:4cd4e677d4dac75181386be42d3f976b:9d94864dd90be69c06fe1127183a06bc:a97cf826c661fa91a08895cd924b3d5b$"
}
}
