{"frames": {

"5.png":
{
	"frame": {"x":1,"y":1,"w":40,"h":39},
	"rotated": false,
	"trimmed": true,
	"spriteSourceSize": {"x":291,"y":243,"w":40,"h":39},
	"sourceSize": {"w":960,"h":540}
},
"6.png":
{
	"frame": {"x":43,"y":1,"w":40,"h":40},
	"rotated": false,
	"trimmed": true,
	"spriteSourceSize": {"x":291,"y":242,"w":40,"h":40},
	"sourceSize": {"w":960,"h":540}
},
"7.png":
{
	"frame": {"x":85,"y":1,"w":40,"h":38},
	"rotated": false,
	"trimmed": true,
	"spriteSourceSize": {"x":291,"y":243,"w":40,"h":38},
	"sourceSize": {"w":960,"h":540}
},
"8.png":
{
	"frame": {"x":127,"y":1,"w":40,"h":40},
	"rotated": false,
	"trimmed": true,
	"spriteSourceSize": {"x":291,"y":242,"w":40,"h":40},
	"sourceSize": {"w":960,"h":540}
},
"EQ_sp2_1_scroll.png":
{
	"frame": {"x":169,"y":1,"w":40,"h":38},
	"rotated": false,
	"trimmed": false,
	"spriteSourceSize": {"x":0,"y":0,"w":40,"h":38},
	"sourceSize": {"w":40,"h":38}
},
"outroBackground.png":
{
	"frame": {"x":211,"y":1,"w":734,"h":406},
	"rotated": false,
	"trimmed": true,
	"spriteSourceSize": {"x":113,"y":52,"w":734,"h":406},
	"sourceSize": {"w":960,"h":540}
},
"mysteryBackground.png":
{
	"frame": {"x":947,"y":1,"w":734,"h":406},
	"rotated": false,
	"trimmed": true,
	"spriteSourceSize": {"x":113,"y":52,"w":734,"h":406},
	"sourceSize": {"w":960,"h":540}
},
"reachedLevelBgr.png":
{
	"frame": {"x":1,"y":409,"w":734,"h":406},
	"rotated": false,
	"trimmed": true,
	"spriteSourceSize": {"x":113,"y":52,"w":734,"h":406},
	"sourceSize": {"w":960,"h":540}
}},
"meta": {
	"app": "https://www.codeandweb.com/texturepacker",
	"version": "1.0",
	"image": "freespinResourcesPNG.png",
	"format": "RGBA8888",
	"size": {"w":2048,"h":2048},
	"scale": "1",
	"smartupdate": "$TexturePacker:SmartUpdate:d4a67d941b17f71dd54b7cf8cd1a89bb:af31ef41e00a9efcf50474ec02d33ad4:8dc793fdd84a348846ffab385060cefe$"
}
}
