{"frames": {

"introBackground.png":
{
	"frame": {"x":1,"y":1,"w":960,"h":540},
	"rotated": false,
	"trimmed": false,
	"spriteSourceSize": {"x":0,"y":0,"w":960,"h":540},
	"sourceSize": {"w":960,"h":540}
}},
"meta": {
	"app": "https://www.codeandweb.com/texturepacker",
	"version": "1.0",
	"image": "freespinResourcesJPG.jpg",
	"format": "RGBA8888",
	"size": {"w":1024,"h":1024},
	"scale": "1",
	"smartupdate": "$TexturePacker:SmartUpdate:782d654a2b078897bd200f485019ffd1:54a101e86b1b5bef696630efa6f194cc:3816f29c7b272e13e123d2e581fdf75a$"
}
}
