{"frames": {

"collectedScrolls.png":
{
	"frame": {"x":1,"y":1,"w":138,"h":32},
	"rotated": false,
	"trimmed": true,
	"spriteSourceSize": {"x":223,"y":305,"w":138,"h":32},
	"sourceSize": {"w":960,"h":540}
},
"featureStart.png":
{
	"frame": {"x":1,"y":432,"w":577,"h":36},
	"rotated": false,
	"trimmed": true,
	"spriteSourceSize": {"x":192,"y":422,"w":577,"h":36},
	"sourceSize": {"w":960,"h":540}
},
"featureWin.png":
{
	"frame": {"x":338,"y":135,"w":406,"h":43},
	"rotated": false,
	"trimmed": true,
	"spriteSourceSize": {"x":278,"y":177,"w":406,"h":43},
	"sourceSize": {"w":960,"h":540}
},
"introBonusText.png":
{
	"frame": {"x":1,"y":516,"w":613,"h":227},
	"rotated": false,
	"trimmed": true,
	"spriteSourceSize": {"x":173,"y":179,"w":613,"h":227},
	"sourceSize": {"w":960,"h":540}
},
"introMysteryText.png":
{
	"frame": {"x":1,"y":745,"w":716,"h":218},
	"rotated": false,
	"trimmed": true,
	"spriteSourceSize": {"x":121,"y":182,"w":716,"h":218},
	"sourceSize": {"w":960,"h":540}
},
"jackpotTextLevel_0.png":
{
	"frame": {"x":1,"y":51,"w":244,"h":37},
	"rotated": false,
	"trimmed": true,
	"spriteSourceSize": {"x":220,"y":224,"w":244,"h":37},
	"sourceSize": {"w":960,"h":540}
},
"jackpotTextLevel_1.png":
{
	"frame": {"x":354,"y":1,"w":220,"h":37},
	"rotated": false,
	"trimmed": true,
	"spriteSourceSize": {"x":220,"y":224,"w":220,"h":37},
	"sourceSize": {"w":960,"h":540}
},
"jackpotTextLevel_2.png":
{
	"frame": {"x":141,"y":1,"w":211,"h":37},
	"rotated": false,
	"trimmed": true,
	"spriteSourceSize": {"x":220,"y":224,"w":211,"h":37},
	"sourceSize": {"w":960,"h":540}
},
"jackpotTextLevel_3.png":
{
	"frame": {"x":271,"y":93,"w":277,"h":37},
	"rotated": false,
	"trimmed": true,
	"spriteSourceSize": {"x":221,"y":224,"w":277,"h":37},
	"sourceSize": {"w":960,"h":540}
},
"jackpotWin.png":
{
	"frame": {"x":503,"y":51,"w":269,"h":34},
	"rotated": false,
	"trimmed": true,
	"spriteSourceSize": {"x":225,"y":262,"w":269,"h":34},
	"sourceSize": {"w":960,"h":540}
},
"mysteryText.png":
{
	"frame": {"x":1,"y":350,"w":484,"h":80},
	"rotated": false,
	"trimmed": true,
	"spriteSourceSize": {"x":238,"y":201,"w":484,"h":80},
	"sourceSize": {"w":960,"h":540}
},
"pressStart.png":
{
	"frame": {"x":1,"y":470,"w":710,"h":44},
	"rotated": false,
	"trimmed": true,
	"spriteSourceSize": {"x":125,"y":388,"w":710,"h":44},
	"sourceSize": {"w":960,"h":540}
},
"reached.png":
{
	"frame": {"x":1,"y":180,"w":334,"h":137},
	"rotated": false,
	"trimmed": true,
	"spriteSourceSize": {"x":313,"y":194,"w":334,"h":137},
	"sourceSize": {"w":960,"h":540}
},
"reachedLevel_0.png":
{
	"frame": {"x":550,"y":93,"w":293,"h":40},
	"rotated": false,
	"trimmed": true,
	"spriteSourceSize": {"x":331,"y":384,"w":293,"h":40},
	"sourceSize": {"w":960,"h":540}
},
"reachedLevel_1.png":
{
	"frame": {"x":1,"y":93,"w":268,"h":40},
	"rotated": false,
	"trimmed": true,
	"spriteSourceSize": {"x":344,"y":384,"w":268,"h":40},
	"sourceSize": {"w":960,"h":540}
},
"reachedLevel_2.png":
{
	"frame": {"x":247,"y":51,"w":254,"h":40},
	"rotated": false,
	"trimmed": true,
	"spriteSourceSize": {"x":350,"y":384,"w":254,"h":40},
	"sourceSize": {"w":960,"h":540}
},
"reachedLevel_3.png":
{
	"frame": {"x":1,"y":135,"w":335,"h":39},
	"rotated": false,
	"trimmed": true,
	"spriteSourceSize": {"x":310,"y":385,"w":335,"h":39},
	"sourceSize": {"w":960,"h":540}
},
"scrollsCollected.png":
{
	"frame": {"x":337,"y":180,"w":338,"h":168},
	"rotated": false,
	"trimmed": true,
	"spriteSourceSize": {"x":311,"y":183,"w":338,"h":168},
	"sourceSize": {"w":960,"h":540}
},
"totalWon.png":
{
	"frame": {"x":576,"y":1,"w":212,"h":48},
	"rotated": false,
	"trimmed": true,
	"spriteSourceSize": {"x":225,"y":333,"w":212,"h":48},
	"sourceSize": {"w":960,"h":540}
}},
"meta": {
	"app": "https://www.codeandweb.com/texturepacker",
	"version": "1.0",
	"image": "freespinResources_ro.png",
	"format": "RGBA8888",
	"size": {"w":1024,"h":1024},
	"scale": "1",
	"smartupdate": "$TexturePacker:SmartUpdate:76ecc32175e57fa48875240f8538d94b:54d082536a7a8b91c7814767fac4ab2a:ec69add505d12c19e218b94bc0df7515$"
}
}
