{"frames": {

"background.png":
{
	"frame": {"x":1,"y":1,"w":960,"h":540},
	"rotated": false,
	"trimmed": false,
	"spriteSourceSize": {"x":0,"y":0,"w":960,"h":540},
	"sourceSize": {"w":960,"h":540}
}},
"meta": {
	"app": "https://www.codeandweb.com/texturepacker",
	"version": "1.0",
	"image": "backgr.jpg",
	"format": "RGBA8888",
	"size": {"w":1024,"h":1024},
	"scale": "1",
	"smartupdate": "$TexturePacker:SmartUpdate:40c50aa1808d039b0816c79736f06c93:be509da453d074975f0ed3fd6114007b:705b0560f8ed88d3364979ce20d27d0a$"
}
}
