{"frames": {

"AB_sp_intro.png":
{
	"frame": {"x":1,"y":1,"w":1046,"h":720},
	"rotated": false,
	"trimmed": true,
	"spriteSourceSize": {"x":108,"y":0,"w":1046,"h":720},
	"sourceSize": {"w":1280,"h":720}
},
"AB_sp_total.png":
{
	"frame": {"x":1,"y":723,"w":1193,"h":284},
	"rotated": false,
	"trimmed": true,
	"spriteSourceSize": {"x":44,"y":192,"w":1193,"h":284},
	"sourceSize": {"w":1280,"h":720}
}},
"meta": {
	"app": "https://www.codeandweb.com/texturepacker",
	"version": "1.0",
	"image": "DETexts.png",
	"format": "RGBA8888",
	"size": {"w":2048,"h":2048},
	"scale": "1",
	"smartupdate": "$TexturePacker:SmartUpdate:ff7f87c3c992e862bba5b220fd9dd097:bb62959e13f6231ba9cba8e02f278ff5:21eb667db4cfd4bcaa97780c26ad86d2$"
}
}
