{"frames": {

"AB_sp_intro.png":
{
	"frame": {"x":1,"y":1,"w":860,"h":528},
	"rotated": false,
	"trimmed": true,
	"spriteSourceSize": {"x":50,"y":6,"w":860,"h":528},
	"sourceSize": {"w":960,"h":540}
},
"AB_sp_total.png":
{
	"frame": {"x":1,"y":531,"w":581,"h":321},
	"rotated": false,
	"trimmed": true,
	"spriteSourceSize": {"x":190,"y":40,"w":581,"h":321},
	"sourceSize": {"w":960,"h":540}
}},
"meta": {
	"app": "https://www.codeandweb.com/texturepacker",
	"version": "1.0",
	"image": "freespinResources_bg.png",
	"format": "RGBA8888",
	"size": {"w":1024,"h":1024},
	"scale": "1",
	"smartupdate": "$TexturePacker:SmartUpdate:d9db15e8bbfde90e73de8ea31e137555:9d9f1c5994ab4499ccb2199b1de289b5:6d48b25ee7bfdd4d29437e55ab0e96f3$"
}
}
