{"frames": {

"AB_sp_intro.png":
{
	"frame": {"x":1,"y":1,"w":739,"h":441},
	"rotated": false,
	"trimmed": true,
	"spriteSourceSize": {"x":111,"y":50,"w":739,"h":441},
	"sourceSize": {"w":960,"h":540}
},
"AB_sp_total.png":
{
	"frame": {"x":1,"y":444,"w":527,"h":331},
	"rotated": false,
	"trimmed": true,
	"spriteSourceSize": {"x":217,"y":26,"w":527,"h":331},
	"sourceSize": {"w":960,"h":540}
}},
"meta": {
	"app": "https://www.codeandweb.com/texturepacker",
	"version": "1.0",
	"image": "freespinResources_nl.png",
	"format": "RGBA8888",
	"size": {"w":1024,"h":1024},
	"scale": "1",
	"smartupdate": "$TexturePacker:SmartUpdate:ffd728dba6255c91def826afb8a856c0:f7bcc381da1ac1395821e37388e9edb6:0275b56af67b3581b60f69581eea5030$"
}
}
