{"frames": {

"AB_sp_intro.png":
{
	"frame": {"x":1,"y":1,"w":811,"h":528},
	"rotated": false,
	"trimmed": true,
	"spriteSourceSize": {"x":75,"y":6,"w":811,"h":528},
	"sourceSize": {"w":960,"h":540}
},
"AB_sp_total.png":
{
	"frame": {"x":1,"y":531,"w":646,"h":336},
	"rotated": false,
	"trimmed": true,
	"spriteSourceSize": {"x":157,"y":27,"w":646,"h":336},
	"sourceSize": {"w":960,"h":540}
}},
"meta": {
	"app": "https://www.codeandweb.com/texturepacker",
	"version": "1.0",
	"image": "freespinResources_ru.png",
	"format": "RGBA8888",
	"size": {"w":1024,"h":1024},
	"scale": "1",
	"smartupdate": "$TexturePacker:SmartUpdate:4f3b19c46ab59feefeb918851096fb18:42e31ff4c99bb3a04dd650680b5fbff6:9b9a13c1b59697ddf6852f68953c5e7c$"
}
}
