{"frames": {

"AB_sp_intro.png":
{
	"frame": {"x":1,"y":1,"w":940,"h":509},
	"rotated": false,
	"trimmed": true,
	"spriteSourceSize": {"x":2,"y":15,"w":940,"h":509},
	"sourceSize": {"w":960,"h":540}
},
"AB_sp_total.png":
{
	"frame": {"x":1,"y":512,"w":587,"h":331},
	"rotated": false,
	"trimmed": true,
	"spriteSourceSize": {"x":187,"y":37,"w":587,"h":331},
	"sourceSize": {"w":960,"h":540}
}},
"meta": {
	"app": "https://www.codeandweb.com/texturepacker",
	"version": "1.0",
	"image": "freespinResources_mk.png",
	"format": "RGBA8888",
	"size": {"w":1024,"h":1024},
	"scale": "1",
	"smartupdate": "$TexturePacker:SmartUpdate:428744a7e773afd5303d8c1fee3137f3:7434f08213e3a60e39fbdec256d5649e:f4e45317d0123ce1bf152afeadf2e5c0$"
}
}
