{"frames": {

"AB_sp_intro.png":
{
	"frame": {"x":1,"y":1,"w":742,"h":461},
	"rotated": false,
	"trimmed": true,
	"spriteSourceSize": {"x":200,"y":31,"w":742,"h":461},
	"sourceSize": {"w":960,"h":540}
},
"AB_sp_total.png":
{
	"frame": {"x":1,"y":464,"w":568,"h":359},
	"rotated": false,
	"trimmed": true,
	"spriteSourceSize": {"x":196,"y":0,"w":568,"h":359},
	"sourceSize": {"w":960,"h":540}
}},
"meta": {
	"app": "https://www.codeandweb.com/texturepacker",
	"version": "1.0",
	"image": "freespinResources_pt.png",
	"format": "RGBA8888",
	"size": {"w":1024,"h":1024},
	"scale": "1",
	"smartupdate": "$TexturePacker:SmartUpdate:5cfe4fb384f849e7683768eab6eef925:61518dd6b7d595ba568ef0a83d11c9e6:a97cf826c661fa91a08895cd924b3d5b$"
}
}
