{"frames": {

"AB_sp_intro.png":
{
	"frame": {"x":1,"y":1,"w":812,"h":455},
	"rotated": false,
	"trimmed": true,
	"spriteSourceSize": {"x":112,"y":43,"w":812,"h":455},
	"sourceSize": {"w":960,"h":540}
},
"AB_sp_total.png":
{
	"frame": {"x":1,"y":458,"w":451,"h":331},
	"rotated": false,
	"trimmed": true,
	"spriteSourceSize": {"x":255,"y":30,"w":451,"h":331},
	"sourceSize": {"w":960,"h":540}
}},
"meta": {
	"app": "https://www.codeandweb.com/texturepacker",
	"version": "1.0",
	"image": "freespinResources_fr.png",
	"format": "RGBA8888",
	"size": {"w":1024,"h":1024},
	"scale": "1",
	"smartupdate": "$TexturePacker:SmartUpdate:e2feacda1354a891b4ce33bb836e37c8:be6f360e5eec81045f20343fdae72db0:1164851f19ff62c957ed6e367ba4d1cf$"
}
}
