{"frames": {

"AB_sp_intro.png":
{
	"frame": {"x":1,"y":1,"w":897,"h":443},
	"rotated": false,
	"trimmed": true,
	"spriteSourceSize": {"x":32,"y":49,"w":897,"h":443},
	"sourceSize": {"w":960,"h":540}
},
"AB_sp_total.png":
{
	"frame": {"x":1,"y":446,"w":677,"h":332},
	"rotated": false,
	"trimmed": true,
	"spriteSourceSize": {"x":142,"y":29,"w":677,"h":332},
	"sourceSize": {"w":960,"h":540}
}},
"meta": {
	"app": "https://www.codeandweb.com/texturepacker",
	"version": "1.0",
	"image": "freespinResources_es.png",
	"format": "RGBA8888",
	"size": {"w":1024,"h":1024},
	"scale": "1",
	"smartupdate": "$TexturePacker:SmartUpdate:04ade3d521ec26146a074969dfd19354:1eb71fe5c782928978ff6d9f224801a7:4c897be4d9d8f7636a5e312904205715$"
}
}
