{"frames": {

"AB_sp_intro.png":
{
	"frame": {"x":1,"y":1,"w":913,"h":443},
	"rotated": false,
	"trimmed": true,
	"spriteSourceSize": {"x":24,"y":52,"w":913,"h":443},
	"sourceSize": {"w":960,"h":540}
},
"AB_sp_total.png":
{
	"frame": {"x":1,"y":446,"w":504,"h":327},
	"rotated": false,
	"trimmed": true,
	"spriteSourceSize": {"x":228,"y":28,"w":504,"h":327},
	"sourceSize": {"w":960,"h":540}
}},
"meta": {
	"app": "https://www.codeandweb.com/texturepacker",
	"version": "1.0",
	"image": "freespinResources_it.png",
	"format": "RGBA8888",
	"size": {"w":1024,"h":1024},
	"scale": "1",
	"smartupdate": "$TexturePacker:SmartUpdate:eaa9229405ebb6610aa114f13d98a32c:c7e02acb04df7df1e2924658468b301a:57950265a5627be34cbffb5b192fe600$"
}
}
