{"frames": {

"AB_sp_intro.png":
{
	"frame": {"x":1,"y":1,"w":923,"h":441},
	"rotated": false,
	"trimmed": true,
	"spriteSourceSize": {"x":19,"y":50,"w":923,"h":441},
	"sourceSize": {"w":960,"h":540}
},
"AB_sp_total.png":
{
	"frame": {"x":1,"y":444,"w":457,"h":332},
	"rotated": false,
	"trimmed": true,
	"spriteSourceSize": {"x":252,"y":25,"w":457,"h":332},
	"sourceSize": {"w":960,"h":540}
}},
"meta": {
	"app": "https://www.codeandweb.com/texturepacker",
	"version": "1.0",
	"image": "freespinResources_en.png",
	"format": "RGBA8888",
	"size": {"w":1024,"h":1024},
	"scale": "1",
	"smartupdate": "$TexturePacker:SmartUpdate:d27864cf04ca47259eabd6d25a50ec8e:4c96bc5aa6b3c848f2bacb7466b01829:1d51a0827cd49459b50dacfe874af6e2$"
}
}
