{"frames": {

"AB_sp_intro.png":
{
	"frame": {"x":1,"y":1,"w":695,"h":443},
	"rotated": false,
	"trimmed": true,
	"spriteSourceSize": {"x":217,"y":49,"w":695,"h":443},
	"sourceSize": {"w":960,"h":540}
},
"AB_sp_total.png":
{
	"frame": {"x":1,"y":446,"w":496,"h":324},
	"rotated": false,
	"trimmed": true,
	"spriteSourceSize": {"x":232,"y":28,"w":496,"h":324},
	"sourceSize": {"w":960,"h":540}
}},
"meta": {
	"app": "https://www.codeandweb.com/texturepacker",
	"version": "1.0",
	"image": "freespinResources_da.png",
	"format": "RGBA8888",
	"size": {"w":1024,"h":1024},
	"scale": "1",
	"smartupdate": "$TexturePacker:SmartUpdate:bf78187237065a1e0919cebb00947d0c:6645019df3a02a4f5b41c03b5d2c5005:5818edf56b4d7df8e60c29a72c2e1356$"
}
}
