{"frames": {

"AB_sp_intro.png":
{
	"frame": {"x":1,"y":1,"w":830,"h":443},
	"rotated": false,
	"trimmed": true,
	"spriteSourceSize": {"x":123,"y":34,"w":830,"h":443},
	"sourceSize": {"w":960,"h":540}
},
"AB_sp_total.png":
{
	"frame": {"x":1,"y":446,"w":737,"h":370},
	"rotated": false,
	"trimmed": true,
	"spriteSourceSize": {"x":109,"y":0,"w":737,"h":370},
	"sourceSize": {"w":960,"h":540}
}},
"meta": {
	"app": "https://www.codeandweb.com/texturepacker",
	"version": "1.0",
	"image": "freespinResources_hu.png",
	"format": "RGBA8888",
	"size": {"w":1024,"h":1024},
	"scale": "1",
	"smartupdate": "$TexturePacker:SmartUpdate:06363fae5e02c99cc557202178758b48:7c64c8d81a0d013d21108ea3fb5b9468:0fcbc44ad6207be70ca0e3022af81e0b$"
}
}
