{"frames": {

"AB_sp_intro.png":
{
	"frame": {"x":1,"y":1,"w":780,"h":455},
	"rotated": false,
	"trimmed": true,
	"spriteSourceSize": {"x":151,"y":43,"w":780,"h":455},
	"sourceSize": {"w":960,"h":540}
},
"AB_sp_total.png":
{
	"frame": {"x":1,"y":458,"w":501,"h":382},
	"rotated": false,
	"trimmed": true,
	"spriteSourceSize": {"x":230,"y":3,"w":501,"h":382},
	"sourceSize": {"w":960,"h":540}
}},
"meta": {
	"app": "https://www.codeandweb.com/texturepacker",
	"version": "1.0",
	"image": "freespinResources_ro.png",
	"format": "RGBA8888",
	"size": {"w":1024,"h":1024},
	"scale": "1",
	"smartupdate": "$TexturePacker:SmartUpdate:7dd235a18580ccf2c99631ed2197c50a:b734036f392d9b51491ce1044f2b0902:ec69add505d12c19e218b94bc0df7515$"
}
}
