{"frames": {

"seven":
{
	"frame": {"x":1,"y":1,"w":267,"h":230},
	"rotated": false,
	"trimmed": false,
	"spriteSourceSize": {"x":0,"y":0,"w":267,"h":230},
	"sourceSize": {"w":267,"h":230}
},
"fifteen":
{
	"frame": {"x":270,"y":1,"w":267,"h":230},
	"rotated": false,
	"trimmed": false,
	"spriteSourceSize": {"x":0,"y":0,"w":267,"h":230},
	"sourceSize": {"w":267,"h":230}
},
"thirty":
{
	"frame": {"x":539,"y":1,"w":267,"h":230},
	"rotated": false,
	"trimmed": false,
	"spriteSourceSize": {"x":0,"y":0,"w":267,"h":230},
	"sourceSize": {"w":267,"h":230}
}},
"meta": {
	"app": "https://www.codeandweb.com/texturepacker",
	"version": "1.0",
	"image": "fsAmount.png",
	"format": "RGBA8888",
	"size": {"w":1024,"h":1024},
	"scale": "1",
	"smartupdate": "$TexturePacker:SmartUpdate:530d78976103500c0ed77883870178b7:9b490a6c1359bc9c77589e294ecf85b1:357dea80dfaffeb131c6ba880c966d70$"
}
}
