{"frames": {

"pressStartOff":
{
	"frame": {"x":1,"y":1,"w":362,"h":143},
	"rotated": false,
	"trimmed": false,
	"spriteSourceSize": {"x":0,"y":0,"w":362,"h":143},
	"sourceSize": {"w":362,"h":143}
},
"pressStartOn":
{
	"frame": {"x":1,"y":146,"w":362,"h":143},
	"rotated": false,
	"trimmed": false,
	"spriteSourceSize": {"x":0,"y":0,"w":362,"h":143},
	"sourceSize": {"w":362,"h":143}
}},
"meta": {
	"app": "https://www.codeandweb.com/texturepacker",
	"version": "1.0",
	"image": "pressStart_mk.png",
	"format": "RGBA8888",
	"size": {"w":512,"h":512},
	"scale": "1",
	"smartupdate": "$TexturePacker:SmartUpdate:cdb4199e20ba65112d7ae8fcb57c3eca:d222916035ca044c74adf6ef4bb40d98:40d4900dc7e795ab6357535f4d92bc44$"
}
}
