{"frames": {

"pressStartOff":
{
	"frame": {"x":1,"y":1,"w":362,"h":143},
	"rotated": false,
	"trimmed": false,
	"spriteSourceSize": {"x":0,"y":0,"w":362,"h":143},
	"sourceSize": {"w":362,"h":143}
},
"pressStartOn":
{
	"frame": {"x":1,"y":146,"w":362,"h":143},
	"rotated": false,
	"trimmed": false,
	"spriteSourceSize": {"x":0,"y":0,"w":362,"h":143},
	"sourceSize": {"w":362,"h":143}
}},
"meta": {
	"app": "https://www.codeandweb.com/texturepacker",
	"version": "1.0",
	"image": "pressStart_bg.png",
	"format": "RGBA8888",
	"size": {"w":512,"h":512},
	"scale": "1",
	"smartupdate": "$TexturePacker:SmartUpdate:e983a4e6b0a5d334c888e34d645b3dec:a80a6606560dd87c7a4e2fbda06acabb:cd3b7c7be1242cb9baf5a59e5ea2f946$"
}
}
