{"frames": {

"AB_sp_intro.png":
{
	"frame": {"x":1,"y":1,"w":754,"h":589},
	"rotated": false,
	"trimmed": true,
	"spriteSourceSize": {"x":318,"y":69,"w":754,"h":589},
	"sourceSize": {"w":1280,"h":720}
},
"AB_sp_total.png":
{
	"frame": {"x":757,"y":1,"w":622,"h":441},
	"rotated": false,
	"trimmed": true,
	"spriteSourceSize": {"x":330,"y":35,"w":622,"h":441},
	"sourceSize": {"w":1280,"h":720}
}},
"meta": {
	"app": "https://www.codeandweb.com/texturepacker",
	"version": "1.0",
	"image": "SETexts.png",
	"format": "RGBA8888",
	"size": {"w":2048,"h":2048},
	"scale": "1",
	"smartupdate": "$TexturePacker:SmartUpdate:65125921eaf76fea1c57e3afffd7f141:d46ca1e436823be29a8b5433e2cf8150:f58fdcc210ee795c1a6c8002cecab58f$"
}
}
