{"children":[{"children":[{"type":"image","x":0,"y":0,"width":1280,"height":720,"name":"introBonusText","picID":"introBonusText.png","movable":true,"visible":true,"scale":1,"id":"introBonusText"},{"type":"image","x":0,"y":0,"width":1280,"height":720,"name":"pressStart","picID":"pressStart.png","movable":true,"visible":true,"scale":1,"id":"pressStart"},{"type":"image","x":0,"y":0,"width":1280,"height":720,"name":"featureStart","picID":"featureStart.png","movable":true,"visible":true,"scale":1,"id":""},{"type":"rectangle","x":969,"y":666,"width":88,"height":50,"fillColor":16727615,"scale":1,"strokeColor":1378570,"strokeWidth":0,"name":"timerRect","movable":true,"visible":true,"graphicsAlpha":0,"id":"timerRect"},{"type":"BText","x":968,"y":665,"fontSize":45,"name":"timerNumbers","scale":1,"text":"100\n","id":"timerNumbers","fontFamily":"EQ_sp_numSecs-export","align":"left","movable":true,"visible":true}],"type":"image","x":0,"y":0,"width":1280,"height":720,"name":"introContainer","picID":"introBackground.png","movable":true,"visible":false,"scale":1,"id":"introContainer"},{"children":[{"children":[{"children":[{"children":[{"type":"BText","x":18,"y":1,"fontSize":40,"name":"bronze","scale":1,"text":"","id":"winAmountLevel_0","fontFamily":"bronzeNumbers-export","align":"left","movable":true,"visible":true},{"type":"BText","x":200,"y":200,"fontSize":40,"name":"silver","scale":1,"text":"","id":"winAmountLevel_1","fontFamily":"silverNumbers-export","align":"left","movable":true,"visible":true},{"type":"BText","x":-659,"y":-291,"fontSize":40,"name":"gold","scale":1,"text":"","id":"winAmountLevel_2","fontFamily":"goldNumbers-export","align":"left","movable":true,"visible":true},{"type":"BText","x":-659,"y":-291,"fontSize":40,"name":"platinum","scale":1,"text":"","id":"winAmountLevel_3","fontFamily":"platinumNumbers-export","align":"left","movable":true,"visible":true}],"type":"rectangle","x":637,"y":271,"width":339,"height":42,"fillColor":16727615,"scale":1,"strokeColor":1378570,"strokeWidth":0,"name":"winAmountJackpotLevelContainer","movable":true,"visible":true,"graphicsAlpha":0,"id":"levelWinAmountContainer"}],"type":"image","x":0,"y":0,"width":1280,"height":720,"name":"jackpotTextLevel","picID":"jackpotTextLevel_1.png","movable":true,"visible":true,"scale":1,"id":"winLevelText"},{"children":[{"type":"image","x":438,"y":373,"width":52,"height":51,"name":"EQ_sp2_1_scroll","picID":"EQ_sp2_1_scroll.png","movable":true,"visible":true,"scale":1,"id":"scrollImage"},{"type":"rectangle","x":731,"y":370,"width":245,"height":46,"fillColor":16727615,"scale":1,"strokeColor":1378570,"strokeWidth":0,"name":"scrollsWinAmountContainer","movable":true,"visible":true,"graphicsAlpha":0,"id":"scrollsWinAmountContainer"},{"type":"BText","x":736,"y":375,"fontSize":40,"name":"scrollsWinAmount","scale":1,"text":"","id":"scrollsWinAmount","fontFamily":"EQ_sp2_numbers_scrolls-export","align":"left","movable":true,"visible":true}],"type":"image","x":0,"y":0,"width":1280,"height":720,"name":"collectedScrolls","picID":"collectedScrolls.png","movable":true,"visible":true,"scale":1,"id":"collectedScrollsText"},{"children":[{"type":"rectangle","x":796,"y":331,"width":180,"height":30,"fillColor":16727615,"scale":1,"strokeColor":1378570,"strokeWidth":0,"name":"winAmountCollectedCreditsContainer","movable":true,"visible":true,"graphicsAlpha":0,"id":"winAmountCollectedCreditsContainer"},{"type":"BText","x":630,"y":328,"fontSize":40,"name":"winAmountCollectedCredits","scale":1,"text":"","id":"winAmountCollectedCredits","fontFamily":"creditsNumbers-export","align":"left","movable":true,"visible":true}],"type":"image","x":0,"y":0,"width":1280,"height":720,"name":"collectedCredits","picID":"jackpotWin.png","movable":true,"visible":true,"scale":1,"id":"collectedCreditsText"}],"type":"image","x":0,"y":0,"width":1280,"height":720,"name":"featureWin","picID":"featureWin.png","movable":true,"visible":true,"scale":1,"id":""},{"type":"image","x":0,"y":2,"width":1280,"height":720,"name":"totalWon","picID":"totalWon.png","movable":true,"visible":true,"scale":1,"id":""},{"type":"rectangle","x":636,"y":429,"width":340,"height":45,"fillColor":16727615,"scale":1,"strokeColor":1378570,"strokeWidth":0,"name":"totalWinAmountContainer","movable":true,"visible":true,"graphicsAlpha":0,"id":"totalWinAmountContainer"},{"type":"BText","x":598,"y":432,"fontSize":49,"name":"totalWinAmount","scale":1,"text":"","id":"totalWinAmount","fontFamily":"totalNumbers-export","align":"left","movable":true,"visible":true}],"type":"image","x":0,"y":0,"width":1280,"height":720,"name":"outroContainer","picID":"outroBackground.png","movable":true,"visible":false,"scale":1,"id":"outroContainer"},{"children":[{"type":"image","x":0,"y":0,"width":1280,"height":720,"name":"mysteryText","picID":"mysteryText.png","movable":true,"visible":true,"scale":1,"id":""},{"children":[{"type":"BText","x":299,"y":15,"fontSize":75,"name":"mysteryNumbers","scale":1,"text":"","id":"mysteryNumbers","fontFamily":"mysteryNumbers-export","align":"left","movable":true,"visible":true}],"type":"rectangle","x":175,"y":333,"width":930,"height":100,"fillColor":16727615,"scale":1,"strokeColor":1378570,"strokeWidth":0,"name":"mysteryWinAmountContainer","movable":true,"visible":true,"graphicsAlpha":0,"id":"mysteryWinAmountContainer"}],"type":"image","x":0,"y":0,"width":1280,"height":720,"name":"mysteryBackground","picID":"mysteryBackground.png","movable":true,"visible":false,"scale":1,"id":"mysteryContainer"},{"children":[{"type":"image","x":0,"y":0,"width":1280,"height":720,"name":"congratularityText","picID":"reached.png","movable":true,"visible":false,"scale":1,"id":"congratularityText"},{"children":[{"type":"image","x":-33,"y":0,"width":1280,"height":720,"name":"5","picID":"5.png","movable":true,"visible":true,"scale":1,"id":"scrollNumber"}],"type":"image","x":0,"y":0,"width":1280,"height":720,"name":"reachedLevelText","picID":"reachedLevel_1.png","movable":true,"visible":true,"scale":1,"id":"reachedLevelText"}],"type":"image","x":0,"y":0,"width":1280,"height":720,"name":"reachedLevelBgr","picID":"reachedLevelBgr.png","movable":true,"visible":true,"scale":1,"id":"levelContainer"}],"resources":["freespinResources_pt.json","freespinResourcesJPG.json","freespinResourcesPNG.json"],"fontNames":[],"videos":[],"bitmapFonts":["EQ_sp_numSecs-export","bronzeNumbers-export","silverNumbers-export","goldNumbers-export","platinumNumbers-export","EQ_sp2_numbers_scrolls-export","creditsNumbers-export","totalNumbers-export","mysteryNumbers-export"],"fontStyles":[]}