{"frames": {

"expand_000.png":
{
	"frame": {"x":1,"y":1,"w":132,"h":132},
	"rotated": false,
	"trimmed": false,
	"spriteSourceSize": {"x":0,"y":0,"w":132,"h":132},
	"sourceSize": {"w":132,"h":132},
	"pivot": {"x":0.5,"y":0.5}
},
"expand_001.png":
{
	"frame": {"x":135,"y":1,"w":132,"h":132},
	"rotated": false,
	"trimmed": false,
	"spriteSourceSize": {"x":0,"y":0,"w":132,"h":132},
	"sourceSize": {"w":132,"h":132},
	"pivot": {"x":0.5,"y":0.5}
},
"expand_002.png":
{
	"frame": {"x":269,"y":1,"w":132,"h":132},
	"rotated": false,
	"trimmed": false,
	"spriteSourceSize": {"x":0,"y":0,"w":132,"h":132},
	"sourceSize": {"w":132,"h":132},
	"pivot": {"x":0.5,"y":0.5}
},
"expand_003.png":
{
	"frame": {"x":1,"y":135,"w":132,"h":132},
	"rotated": false,
	"trimmed": false,
	"spriteSourceSize": {"x":0,"y":0,"w":132,"h":132},
	"sourceSize": {"w":132,"h":132},
	"pivot": {"x":0.5,"y":0.5}
},
"expand_004.png":
{
	"frame": {"x":135,"y":135,"w":132,"h":132},
	"rotated": false,
	"trimmed": false,
	"spriteSourceSize": {"x":0,"y":0,"w":132,"h":132},
	"sourceSize": {"w":132,"h":132},
	"pivot": {"x":0.5,"y":0.5}
},
"expand_005.png":
{
	"frame": {"x":269,"y":135,"w":132,"h":132},
	"rotated": false,
	"trimmed": false,
	"spriteSourceSize": {"x":0,"y":0,"w":132,"h":132},
	"sourceSize": {"w":132,"h":132},
	"pivot": {"x":0.5,"y":0.5}
},
"expand_006.png":
{
	"frame": {"x":1,"y":269,"w":132,"h":132},
	"rotated": false,
	"trimmed": false,
	"spriteSourceSize": {"x":0,"y":0,"w":132,"h":132},
	"sourceSize": {"w":132,"h":132},
	"pivot": {"x":0.5,"y":0.5}
},
"expand_007.png":
{
	"frame": {"x":135,"y":269,"w":132,"h":132},
	"rotated": false,
	"trimmed": false,
	"spriteSourceSize": {"x":0,"y":0,"w":132,"h":132},
	"sourceSize": {"w":132,"h":132},
	"pivot": {"x":0.5,"y":0.5}
},
"expand_008.png":
{
	"frame": {"x":269,"y":269,"w":132,"h":132},
	"rotated": false,
	"trimmed": false,
	"spriteSourceSize": {"x":0,"y":0,"w":132,"h":132},
	"sourceSize": {"w":132,"h":132},
	"pivot": {"x":0.5,"y":0.5}
}},
"meta": {
	"app": "https://www.codeandweb.com/texturepacker",
	"version": "1.0",
	"image": "expand.jpg",
	"format": "RGBA8888",
	"size": {"w":512,"h":512},
	"scale": "1",
	"smartupdate": "$TexturePacker:SmartUpdate:42187b5f8e5b5936a02a562dac25e5bf:db0e3035f83563dfb3814d17bd74346c:958e0f16801df6f9e70e67ca25fa12bd$"
}
}
