{"frames": {

"collectedScrolls.png":
{
	"frame": {"x":531,"y":1,"w":135,"h":41},
	"rotated": false,
	"trimmed": true,
	"spriteSourceSize": {"x":296,"y":382,"w":135,"h":41},
	"sourceSize": {"w":1280,"h":720},
	"pivot": {"x":0.5,"y":0.5}
},
"featureStart.png":
{
	"frame": {"x":701,"y":56,"w":1242,"h":54},
	"rotated": false,
	"trimmed": true,
	"spriteSourceSize": {"x":22,"y":666,"w":1242,"h":54},
	"sourceSize": {"w":1280,"h":720},
	"pivot": {"x":0.5,"y":0.5}
},
"featureWin.png":
{
	"frame": {"x":1,"y":1,"w":528,"h":39},
	"rotated": false,
	"trimmed": true,
	"spriteSourceSize": {"x":376,"y":224,"w":528,"h":39},
	"sourceSize": {"w":1280,"h":720},
	"pivot": {"x":0.5,"y":0.5}
},
"introBonusText.png":
{
	"frame": {"x":1,"y":454,"w":964,"h":289},
	"rotated": false,
	"trimmed": true,
	"spriteSourceSize": {"x":158,"y":241,"w":964,"h":289},
	"sourceSize": {"w":1280,"h":720},
	"pivot": {"x":0.5,"y":0.5}
},
"introMysteryText.png":
{
	"frame": {"x":967,"y":454,"w":879,"h":394},
	"rotated": false,
	"trimmed": true,
	"spriteSourceSize": {"x":200,"y":211,"w":879,"h":394},
	"sourceSize": {"w":1280,"h":720},
	"pivot": {"x":0.5,"y":0.5}
},
"jackpotTextLevel_0.png":
{
	"frame": {"x":1471,"y":1,"w":346,"h":53},
	"rotated": false,
	"trimmed": true,
	"spriteSourceSize": {"x":298,"y":272,"w":346,"h":53},
	"sourceSize": {"w":1280,"h":720},
	"pivot": {"x":0.5,"y":0.5}
},
"jackpotTextLevel_1.png":
{
	"frame": {"x":1150,"y":1,"w":319,"h":53},
	"rotated": false,
	"trimmed": true,
	"spriteSourceSize": {"x":298,"y":272,"w":319,"h":53},
	"sourceSize": {"w":1280,"h":720},
	"pivot": {"x":0.5,"y":0.5}
},
"jackpotTextLevel_2.png":
{
	"frame": {"x":396,"y":56,"w":303,"h":53},
	"rotated": false,
	"trimmed": true,
	"spriteSourceSize": {"x":298,"y":272,"w":303,"h":53},
	"sourceSize": {"w":1280,"h":720},
	"pivot": {"x":0.5,"y":0.5}
},
"jackpotTextLevel_3.png":
{
	"frame": {"x":1,"y":56,"w":393,"h":53},
	"rotated": false,
	"trimmed": true,
	"spriteSourceSize": {"x":299,"y":272,"w":393,"h":53},
	"sourceSize": {"w":1280,"h":720},
	"pivot": {"x":0.5,"y":0.5}
},
"jackpotWin.png":
{
	"frame": {"x":668,"y":1,"w":480,"h":47},
	"rotated": false,
	"trimmed": true,
	"spriteSourceSize": {"x":296,"y":323,"w":480,"h":47},
	"sourceSize": {"w":1280,"h":720},
	"pivot": {"x":0.5,"y":0.5}
},
"mysteryText.png":
{
	"frame": {"x":1,"y":251,"w":718,"h":97},
	"rotated": false,
	"trimmed": true,
	"spriteSourceSize": {"x":282,"y":245,"w":718,"h":97},
	"sourceSize": {"w":1280,"h":720},
	"pivot": {"x":0.5,"y":0.5}
},
"pressStart.png":
{
	"frame": {"x":600,"y":181,"w":1043,"h":68},
	"rotated": false,
	"trimmed": true,
	"spriteSourceSize": {"x":122,"y":603,"w":1043,"h":68},
	"sourceSize": {"w":1280,"h":720},
	"pivot": {"x":0.5,"y":0.5}
},
"reached.png":
{
	"frame": {"x":721,"y":251,"w":360,"h":162},
	"rotated": false,
	"trimmed": true,
	"spriteSourceSize": {"x":461,"y":239,"w":360,"h":162},
	"sourceSize": {"w":1280,"h":720},
	"pivot": {"x":0.5,"y":0.5}
},
"reachedLevel_0.png":
{
	"frame": {"x":1328,"y":112,"w":541,"h":67},
	"rotated": false,
	"trimmed": true,
	"spriteSourceSize": {"x":366,"y":476,"w":541,"h":67},
	"sourceSize": {"w":1280,"h":720},
	"pivot": {"x":0.5,"y":0.5}
},
"reachedLevel_1.png":
{
	"frame": {"x":324,"y":112,"w":509,"h":67},
	"rotated": false,
	"trimmed": true,
	"spriteSourceSize": {"x":382,"y":476,"w":509,"h":67},
	"sourceSize": {"w":1280,"h":720},
	"pivot": {"x":0.5,"y":0.5}
},
"reachedLevel_2.png":
{
	"frame": {"x":835,"y":112,"w":491,"h":67},
	"rotated": false,
	"trimmed": true,
	"spriteSourceSize": {"x":391,"y":476,"w":491,"h":67},
	"sourceSize": {"w":1280,"h":720},
	"pivot": {"x":0.5,"y":0.5}
},
"reachedLevel_3.png":
{
	"frame": {"x":1,"y":181,"w":597,"h":67},
	"rotated": false,
	"trimmed": true,
	"spriteSourceSize": {"x":338,"y":476,"w":597,"h":67},
	"sourceSize": {"w":1280,"h":720},
	"pivot": {"x":0.5,"y":0.5}
},
"scrollsCollected.png":
{
	"frame": {"x":1083,"y":251,"w":581,"h":201},
	"rotated": false,
	"trimmed": true,
	"spriteSourceSize": {"x":355,"y":224,"w":581,"h":201},
	"sourceSize": {"w":1280,"h":720},
	"pivot": {"x":0.5,"y":0.5}
},
"totalWon.png":
{
	"frame": {"x":1,"y":112,"w":321,"h":62},
	"rotated": false,
	"trimmed": true,
	"spriteSourceSize": {"x":298,"y":417,"w":321,"h":62},
	"sourceSize": {"w":1280,"h":720},
	"pivot": {"x":0.5,"y":0.5}
}},
"meta": {
	"app": "http://www.codeandweb.com/texturepacker",
	"version": "1.0",
	"image": "freespinResources_pt.png",
	"format": "RGBA8888",
	"size": {"w":2048,"h":2048},
	"scale": "1",
	"smartupdate": "$TexturePacker:SmartUpdate:4d0cf3570dcb0be5ebd4634f8999abfd:205788906d013825deac8e1e11e9d8b1:a97cf826c661fa91a08895cd924b3d5b$"
}
}
