{"frames": {

"collectedScrolls.png":
{
	"frame": {"x":967,"y":1,"w":159,"h":41},
	"rotated": false,
	"trimmed": true,
	"spriteSourceSize": {"x":297,"y":382,"w":159,"h":41},
	"sourceSize": {"w":1280,"h":720},
	"pivot": {"x":0.5,"y":0.5}
},
"featureStart.png":
{
	"frame": {"x":717,"y":56,"w":1149,"h":54},
	"rotated": false,
	"trimmed": true,
	"spriteSourceSize": {"x":68,"y":666,"w":1149,"h":54},
	"sourceSize": {"w":1280,"h":720},
	"pivot": {"x":0.5,"y":0.5}
},
"featureWin.png":
{
	"frame": {"x":1,"y":1,"w":510,"h":39},
	"rotated": false,
	"trimmed": true,
	"spriteSourceSize": {"x":385,"y":224,"w":510,"h":39},
	"sourceSize": {"w":1280,"h":720},
	"pivot": {"x":0.5,"y":0.5}
},
"introBonusText.png":
{
	"frame": {"x":1,"y":527,"w":992,"h":289},
	"rotated": false,
	"trimmed": true,
	"spriteSourceSize": {"x":143,"y":241,"w":992,"h":289},
	"sourceSize": {"w":1280,"h":720},
	"pivot": {"x":0.5,"y":0.5}
},
"introMysteryText.png":
{
	"frame": {"x":995,"y":527,"w":920,"h":386},
	"rotated": false,
	"trimmed": true,
	"spriteSourceSize": {"x":180,"y":215,"w":920,"h":386},
	"sourceSize": {"w":1280,"h":720},
	"pivot": {"x":0.5,"y":0.5}
},
"jackpotTextLevel_0.png":
{
	"frame": {"x":1128,"y":1,"w":346,"h":53},
	"rotated": false,
	"trimmed": true,
	"spriteSourceSize": {"x":298,"y":272,"w":346,"h":53},
	"sourceSize": {"w":1280,"h":720},
	"pivot": {"x":0.5,"y":0.5}
},
"jackpotTextLevel_1.png":
{
	"frame": {"x":396,"y":56,"w":319,"h":53},
	"rotated": false,
	"trimmed": true,
	"spriteSourceSize": {"x":298,"y":272,"w":319,"h":53},
	"sourceSize": {"w":1280,"h":720},
	"pivot": {"x":0.5,"y":0.5}
},
"jackpotTextLevel_2.png":
{
	"frame": {"x":1476,"y":1,"w":303,"h":53},
	"rotated": false,
	"trimmed": true,
	"spriteSourceSize": {"x":298,"y":272,"w":303,"h":53},
	"sourceSize": {"w":1280,"h":720},
	"pivot": {"x":0.5,"y":0.5}
},
"jackpotTextLevel_3.png":
{
	"frame": {"x":1,"y":56,"w":393,"h":53},
	"rotated": false,
	"trimmed": true,
	"spriteSourceSize": {"x":299,"y":272,"w":393,"h":53},
	"sourceSize": {"w":1280,"h":720},
	"pivot": {"x":0.5,"y":0.5}
},
"jackpotWin.png":
{
	"frame": {"x":513,"y":1,"w":452,"h":41},
	"rotated": false,
	"trimmed": true,
	"spriteSourceSize": {"x":299,"y":329,"w":452,"h":41},
	"sourceSize": {"w":1280,"h":720},
	"pivot": {"x":0.5,"y":0.5}
},
"mysteryText.png":
{
	"frame": {"x":1003,"y":236,"w":734,"h":86},
	"rotated": false,
	"trimmed": true,
	"spriteSourceSize": {"x":274,"y":257,"w":734,"h":86},
	"sourceSize": {"w":1280,"h":720},
	"pivot": {"x":0.5,"y":0.5}
},
"pressStart.png":
{
	"frame": {"x":1,"y":236,"w":1000,"h":68},
	"rotated": false,
	"trimmed": true,
	"spriteSourceSize": {"x":143,"y":603,"w":1000,"h":68},
	"sourceSize": {"w":1280,"h":720},
	"pivot": {"x":0.5,"y":0.5}
},
"reached.png":
{
	"frame": {"x":1,"y":324,"w":672,"h":150},
	"rotated": false,
	"trimmed": true,
	"spriteSourceSize": {"x":305,"y":251,"w":672,"h":150},
	"sourceSize": {"w":1280,"h":720},
	"pivot": {"x":0.5,"y":0.5}
},
"reachedLevel_0.png":
{
	"frame": {"x":649,"y":174,"w":590,"h":60},
	"rotated": false,
	"trimmed": true,
	"spriteSourceSize": {"x":341,"y":483,"w":590,"h":60},
	"sourceSize": {"w":1280,"h":720},
	"pivot": {"x":0.5,"y":0.5}
},
"reachedLevel_1.png":
{
	"frame": {"x":901,"y":112,"w":557,"h":60},
	"rotated": false,
	"trimmed": true,
	"spriteSourceSize": {"x":358,"y":483,"w":557,"h":60},
	"sourceSize": {"w":1280,"h":720},
	"pivot": {"x":0.5,"y":0.5}
},
"reachedLevel_2.png":
{
	"frame": {"x":359,"y":112,"w":540,"h":60},
	"rotated": false,
	"trimmed": true,
	"spriteSourceSize": {"x":366,"y":483,"w":540,"h":60},
	"sourceSize": {"w":1280,"h":720},
	"pivot": {"x":0.5,"y":0.5}
},
"reachedLevel_3.png":
{
	"frame": {"x":1,"y":174,"w":646,"h":60},
	"rotated": false,
	"trimmed": true,
	"spriteSourceSize": {"x":313,"y":483,"w":646,"h":60},
	"sourceSize": {"w":1280,"h":720},
	"pivot": {"x":0.5,"y":0.5}
},
"scrollsCollected.png":
{
	"frame": {"x":675,"y":324,"w":570,"h":201},
	"rotated": false,
	"trimmed": true,
	"spriteSourceSize": {"x":356,"y":224,"w":570,"h":201},
	"sourceSize": {"w":1280,"h":720},
	"pivot": {"x":0.5,"y":0.5}
},
"totalWon.png":
{
	"frame": {"x":1,"y":112,"w":356,"h":55},
	"rotated": false,
	"trimmed": true,
	"spriteSourceSize": {"x":298,"y":424,"w":356,"h":55},
	"sourceSize": {"w":1280,"h":720},
	"pivot": {"x":0.5,"y":0.5}
}},
"meta": {
	"app": "http://www.codeandweb.com/texturepacker",
	"version": "1.0",
	"image": "freespinResources_it.png",
	"format": "RGBA8888",
	"size": {"w":2048,"h":2048},
	"scale": "1",
	"smartupdate": "$TexturePacker:SmartUpdate:90228ddac301d69b1d22b43f0fbb84d3:a840237b80b808cbd2422410f0606e8f:57950265a5627be34cbffb5b192fe600$"
}
}
