{"frames": {

"collectedScrolls.png":
{
	"frame": {"x":1,"y":1,"w":184,"h":42},
	"rotated": false,
	"trimmed": true,
	"spriteSourceSize": {"x":297,"y":381,"w":184,"h":42},
	"sourceSize": {"w":1280,"h":720},
	"pivot": {"x":0.5,"y":0.5}
},
"featureStart.png":
{
	"frame": {"x":1,"y":56,"w":1010,"h":54},
	"rotated": false,
	"trimmed": true,
	"spriteSourceSize": {"x":138,"y":666,"w":1010,"h":54},
	"sourceSize": {"w":1280,"h":720},
	"pivot": {"x":0.5,"y":0.5}
},
"featureWin.png":
{
	"frame": {"x":1474,"y":56,"w":541,"h":57},
	"rotated": false,
	"trimmed": true,
	"spriteSourceSize": {"x":370,"y":216,"w":541,"h":57},
	"sourceSize": {"w":1280,"h":720},
	"pivot": {"x":0.5,"y":0.5}
},
"introBonusText.png":
{
	"frame": {"x":1,"y":471,"w":927,"h":309},
	"rotated": false,
	"trimmed": true,
	"spriteSourceSize": {"x":177,"y":241,"w":927,"h":309},
	"sourceSize": {"w":1280,"h":720},
	"pivot": {"x":0.5,"y":0.5}
},
"introMysteryText.png":
{
	"frame": {"x":930,"y":471,"w":978,"h":388},
	"rotated": false,
	"trimmed": true,
	"spriteSourceSize": {"x":152,"y":219,"w":978,"h":388},
	"sourceSize": {"w":1280,"h":720},
	"pivot": {"x":0.5,"y":0.5}
},
"jackpotTextLevel_0.png":
{
	"frame": {"x":508,"y":1,"w":346,"h":53},
	"rotated": false,
	"trimmed": true,
	"spriteSourceSize": {"x":298,"y":272,"w":346,"h":53},
	"sourceSize": {"w":1280,"h":720},
	"pivot": {"x":0.5,"y":0.5}
},
"jackpotTextLevel_1.png":
{
	"frame": {"x":187,"y":1,"w":319,"h":53},
	"rotated": false,
	"trimmed": true,
	"spriteSourceSize": {"x":298,"y":272,"w":319,"h":53},
	"sourceSize": {"w":1280,"h":720},
	"pivot": {"x":0.5,"y":0.5}
},
"jackpotTextLevel_2.png":
{
	"frame": {"x":856,"y":1,"w":303,"h":53},
	"rotated": false,
	"trimmed": true,
	"spriteSourceSize": {"x":298,"y":272,"w":303,"h":53},
	"sourceSize": {"w":1280,"h":720},
	"pivot": {"x":0.5,"y":0.5}
},
"jackpotTextLevel_3.png":
{
	"frame": {"x":1161,"y":1,"w":393,"h":53},
	"rotated": false,
	"trimmed": true,
	"spriteSourceSize": {"x":299,"y":272,"w":393,"h":53},
	"sourceSize": {"w":1280,"h":720},
	"pivot": {"x":0.5,"y":0.5}
},
"jackpotWin.png":
{
	"frame": {"x":1013,"y":56,"w":459,"h":55},
	"rotated": false,
	"trimmed": true,
	"spriteSourceSize": {"x":296,"y":323,"w":459,"h":55},
	"sourceSize": {"w":1280,"h":720},
	"pivot": {"x":0.5,"y":0.5}
},
"mysteryText.png":
{
	"frame": {"x":310,"y":247,"w":676,"h":111},
	"rotated": false,
	"trimmed": true,
	"spriteSourceSize": {"x":303,"y":245,"w":676,"h":111},
	"sourceSize": {"w":1280,"h":720},
	"pivot": {"x":0.5,"y":0.5}
},
"pressStart.png":
{
	"frame": {"x":604,"y":177,"w":1156,"h":68},
	"rotated": false,
	"trimmed": true,
	"spriteSourceSize": {"x":71,"y":605,"w":1156,"h":68},
	"sourceSize": {"w":1280,"h":720},
	"pivot": {"x":0.5,"y":0.5}
},
"reached.png":
{
	"frame": {"x":988,"y":247,"w":444,"h":182},
	"rotated": false,
	"trimmed": true,
	"spriteSourceSize": {"x":419,"y":239,"w":444,"h":182},
	"sourceSize": {"w":1280,"h":720},
	"pivot": {"x":0.5,"y":0.5}
},
"reachedLevel_0.png":
{
	"frame": {"x":1,"y":177,"w":601,"h":60},
	"rotated": false,
	"trimmed": true,
	"spriteSourceSize": {"x":336,"y":483,"w":601,"h":60},
	"sourceSize": {"w":1280,"h":720},
	"pivot": {"x":0.5,"y":0.5}
},
"reachedLevel_1.png":
{
	"frame": {"x":554,"y":115,"w":569,"h":60},
	"rotated": false,
	"trimmed": true,
	"spriteSourceSize": {"x":352,"y":483,"w":569,"h":60},
	"sourceSize": {"w":1280,"h":720},
	"pivot": {"x":0.5,"y":0.5}
},
"reachedLevel_2.png":
{
	"frame": {"x":1,"y":115,"w":551,"h":60},
	"rotated": false,
	"trimmed": true,
	"spriteSourceSize": {"x":361,"y":483,"w":551,"h":60},
	"sourceSize": {"w":1280,"h":720},
	"pivot": {"x":0.5,"y":0.5}
},
"reachedLevel_3.png":
{
	"frame": {"x":1125,"y":115,"w":657,"h":60},
	"rotated": false,
	"trimmed": true,
	"spriteSourceSize": {"x":308,"y":483,"w":657,"h":60},
	"sourceSize": {"w":1280,"h":720},
	"pivot": {"x":0.5,"y":0.5}
},
"scrollsCollected.png":
{
	"frame": {"x":1434,"y":247,"w":466,"h":222},
	"rotated": false,
	"trimmed": true,
	"spriteSourceSize": {"x":433,"y":223,"w":466,"h":222},
	"sourceSize": {"w":1280,"h":720},
	"pivot": {"x":0.5,"y":0.5}
},
"totalWon.png":
{
	"frame": {"x":1,"y":247,"w":307,"h":70},
	"rotated": false,
	"trimmed": true,
	"spriteSourceSize": {"x":297,"y":417,"w":307,"h":70},
	"sourceSize": {"w":1280,"h":720},
	"pivot": {"x":0.5,"y":0.5}
}},
"meta": {
	"app": "http://www.codeandweb.com/texturepacker",
	"version": "1.0",
	"image": "freespinResources_ro.png",
	"format": "RGBA8888",
	"size": {"w":2048,"h":2048},
	"scale": "1",
	"smartupdate": "$TexturePacker:SmartUpdate:64d0ff3f157ed58e6eeb006c17e58243:19d01832537ae4a1d7dd3cfe8eac5a37:ec69add505d12c19e218b94bc0df7515$"
}
}
