{"frames": {

"collectedScrolls.png":
{
	"frame": {"x":492,"y":1,"w":145,"h":41},
	"rotated": false,
	"trimmed": true,
	"spriteSourceSize": {"x":296,"y":382,"w":145,"h":41},
	"sourceSize": {"w":1280,"h":720},
	"pivot": {"x":0.5,"y":0.5}
},
"featureStart.png":
{
	"frame": {"x":717,"y":56,"w":964,"h":54},
	"rotated": false,
	"trimmed": true,
	"spriteSourceSize": {"x":161,"y":666,"w":964,"h":54},
	"sourceSize": {"w":1280,"h":720},
	"pivot": {"x":0.5,"y":0.5}
},
"featureWin.png":
{
	"frame": {"x":639,"y":1,"w":654,"h":48},
	"rotated": false,
	"trimmed": true,
	"spriteSourceSize": {"x":313,"y":218,"w":654,"h":48},
	"sourceSize": {"w":1280,"h":720},
	"pivot": {"x":0.5,"y":0.5}
},
"introBonusText.png":
{
	"frame": {"x":1,"y":528,"w":965,"h":298},
	"rotated": false,
	"trimmed": true,
	"spriteSourceSize": {"x":157,"y":244,"w":965,"h":298},
	"sourceSize": {"w":1280,"h":720},
	"pivot": {"x":0.5,"y":0.5}
},
"introMysteryText.png":
{
	"frame": {"x":968,"y":528,"w":976,"h":371},
	"rotated": false,
	"trimmed": true,
	"spriteSourceSize": {"x":149,"y":213,"w":976,"h":371},
	"sourceSize": {"w":1280,"h":720},
	"pivot": {"x":0.5,"y":0.5}
},
"jackpotTextLevel_0.png":
{
	"frame": {"x":1295,"y":1,"w":346,"h":53},
	"rotated": false,
	"trimmed": true,
	"spriteSourceSize": {"x":298,"y":272,"w":346,"h":53},
	"sourceSize": {"w":1280,"h":720},
	"pivot": {"x":0.5,"y":0.5}
},
"jackpotTextLevel_1.png":
{
	"frame": {"x":396,"y":56,"w":319,"h":53},
	"rotated": false,
	"trimmed": true,
	"spriteSourceSize": {"x":298,"y":272,"w":319,"h":53},
	"sourceSize": {"w":1280,"h":720},
	"pivot": {"x":0.5,"y":0.5}
},
"jackpotTextLevel_2.png":
{
	"frame": {"x":1643,"y":1,"w":303,"h":53},
	"rotated": false,
	"trimmed": true,
	"spriteSourceSize": {"x":298,"y":272,"w":303,"h":53},
	"sourceSize": {"w":1280,"h":720},
	"pivot": {"x":0.5,"y":0.5}
},
"jackpotTextLevel_3.png":
{
	"frame": {"x":1,"y":56,"w":393,"h":53},
	"rotated": false,
	"trimmed": true,
	"spriteSourceSize": {"x":299,"y":272,"w":393,"h":53},
	"sourceSize": {"w":1280,"h":720},
	"pivot": {"x":0.5,"y":0.5}
},
"jackpotWin.png":
{
	"frame": {"x":1,"y":1,"w":489,"h":41},
	"rotated": false,
	"trimmed": true,
	"spriteSourceSize": {"x":297,"y":329,"w":489,"h":41},
	"sourceSize": {"w":1280,"h":720},
	"pivot": {"x":0.5,"y":0.5}
},
"mysteryText.png":
{
	"frame": {"x":1,"y":316,"w":886,"h":89},
	"rotated": false,
	"trimmed": true,
	"spriteSourceSize": {"x":199,"y":251,"w":886,"h":89},
	"sourceSize": {"w":1280,"h":720},
	"pivot": {"x":0.5,"y":0.5}
},
"pressStart.png":
{
	"frame": {"x":1,"y":243,"w":1186,"h":71},
	"rotated": false,
	"trimmed": true,
	"spriteSourceSize": {"x":50,"y":602,"w":1186,"h":71},
	"sourceSize": {"w":1280,"h":720},
	"pivot": {"x":0.5,"y":0.5}
},
"reached.png":
{
	"frame": {"x":889,"y":316,"w":579,"h":159},
	"rotated": false,
	"trimmed": true,
	"spriteSourceSize": {"x":352,"y":252,"w":579,"h":159},
	"sourceSize": {"w":1280,"h":720},
	"pivot": {"x":0.5,"y":0.5}
},
"reachedLevel_0.png":
{
	"frame": {"x":1,"y":175,"w":613,"h":61},
	"rotated": false,
	"trimmed": true,
	"spriteSourceSize": {"x":330,"y":483,"w":613,"h":61},
	"sourceSize": {"w":1280,"h":720},
	"pivot": {"x":0.5,"y":0.5}
},
"reachedLevel_1.png":
{
	"frame": {"x":564,"y":112,"w":579,"h":61},
	"rotated": false,
	"trimmed": true,
	"spriteSourceSize": {"x":347,"y":483,"w":579,"h":61},
	"sourceSize": {"w":1280,"h":720},
	"pivot": {"x":0.5,"y":0.5}
},
"reachedLevel_2.png":
{
	"frame": {"x":1,"y":112,"w":561,"h":61},
	"rotated": false,
	"trimmed": true,
	"spriteSourceSize": {"x":355,"y":483,"w":561,"h":61},
	"sourceSize": {"w":1280,"h":720},
	"pivot": {"x":0.5,"y":0.5}
},
"reachedLevel_3.png":
{
	"frame": {"x":1145,"y":112,"w":667,"h":61},
	"rotated": false,
	"trimmed": true,
	"spriteSourceSize": {"x":303,"y":483,"w":667,"h":61},
	"sourceSize": {"w":1280,"h":720},
	"pivot": {"x":0.5,"y":0.5}
},
"scrollsCollected.png":
{
	"frame": {"x":1470,"y":316,"w":508,"h":210},
	"rotated": false,
	"trimmed": true,
	"spriteSourceSize": {"x":396,"y":226,"w":508,"h":210},
	"sourceSize": {"w":1280,"h":720},
	"pivot": {"x":0.5,"y":0.5}
},
"totalWon.png":
{
	"frame": {"x":616,"y":175,"w":332,"h":66},
	"rotated": false,
	"trimmed": true,
	"spriteSourceSize": {"x":298,"y":419,"w":332,"h":66},
	"sourceSize": {"w":1280,"h":720},
	"pivot": {"x":0.5,"y":0.5}
}},
"meta": {
	"app": "http://www.codeandweb.com/texturepacker",
	"version": "1.0",
	"image": "freespinResources_ru.png",
	"format": "RGBA8888",
	"size": {"w":2048,"h":2048},
	"scale": "1",
	"smartupdate": "$TexturePacker:SmartUpdate:f57c567f3c06907cd7688d6891f4109d:034749b14ada0aa268abcb49d1b6abb9:9b9a13c1b59697ddf6852f68953c5e7c$"
}
}
