{"frames": {

"5.png":
{
	"frame": {"x":1,"y":1,"w":56,"h":54},
	"rotated": false,
	"trimmed": true,
	"spriteSourceSize": {"x":380,"y":304,"w":56,"h":54},
	"sourceSize": {"w":1280,"h":720},
	"pivot": {"x":0.5,"y":0.5}
},
"6.png":
{
	"frame": {"x":59,"y":1,"w":56,"h":55},
	"rotated": false,
	"trimmed": true,
	"spriteSourceSize": {"x":381,"y":303,"w":56,"h":55},
	"sourceSize": {"w":1280,"h":720},
	"pivot": {"x":0.5,"y":0.5}
},
"7.png":
{
	"frame": {"x":117,"y":1,"w":56,"h":53},
	"rotated": false,
	"trimmed": true,
	"spriteSourceSize": {"x":381,"y":304,"w":56,"h":53},
	"sourceSize": {"w":1280,"h":720},
	"pivot": {"x":0.5,"y":0.5}
},
"8.png":
{
	"frame": {"x":175,"y":1,"w":56,"h":55},
	"rotated": false,
	"trimmed": true,
	"spriteSourceSize": {"x":381,"y":303,"w":56,"h":55},
	"sourceSize": {"w":1280,"h":720},
	"pivot": {"x":0.5,"y":0.5}
},
"EQ_sp2_1_scroll.png":
{
	"frame": {"x":233,"y":1,"w":52,"h":51},
	"rotated": false,
	"trimmed": false,
	"spriteSourceSize": {"x":0,"y":0,"w":52,"h":51},
	"sourceSize": {"w":52,"h":51},
	"pivot": {"x":0.5,"y":0.5}
},
"mysteryBackground.png":
{
	"frame": {"x":287,"y":1,"w":940,"h":529},
	"rotated": false,
	"trimmed": true,
	"spriteSourceSize": {"x":170,"y":59,"w":940,"h":529},
	"sourceSize": {"w":1280,"h":720},
	"pivot": {"x":0.5,"y":0.5}
},
"outroBackground.png":
{
	"frame": {"x":1,"y":532,"w":940,"h":529},
	"rotated": false,
	"trimmed": true,
	"spriteSourceSize": {"x":170,"y":59,"w":940,"h":529},
	"sourceSize": {"w":1280,"h":720},
	"pivot": {"x":0.5,"y":0.5}
},
"reachedLevelBgr.png":
{
	"frame": {"x":943,"y":532,"w":940,"h":529},
	"rotated": false,
	"trimmed": true,
	"spriteSourceSize": {"x":170,"y":59,"w":940,"h":529},
	"sourceSize": {"w":1280,"h":720},
	"pivot": {"x":0.5,"y":0.5}
}},
"meta": {
	"app": "http://www.codeandweb.com/texturepacker",
	"version": "1.0",
	"image": "freespinResourcesPNG.png",
	"format": "RGBA8888",
	"size": {"w":2048,"h":2048},
	"scale": "1",
	"smartupdate": "$TexturePacker:SmartUpdate:a86cd345eca10f487749797b0c2647fd:a0efd80e668ff452cf865128ed5a8055:8dc793fdd84a348846ffab385060cefe$"
}
}
