{"frames": {

"collectedScrolls.png":
{
	"frame": {"x":1167,"y":1,"w":161,"h":41},
	"rotated": false,
	"trimmed": true,
	"spriteSourceSize": {"x":296,"y":382,"w":161,"h":41},
	"sourceSize": {"w":1280,"h":720},
	"pivot": {"x":0.5,"y":0.5}
},
"featureStart.png":
{
	"frame": {"x":717,"y":56,"w":1215,"h":54},
	"rotated": false,
	"trimmed": true,
	"spriteSourceSize": {"x":35,"y":666,"w":1215,"h":54},
	"sourceSize": {"w":1280,"h":720},
	"pivot": {"x":0.5,"y":0.5}
},
"featureWin.png":
{
	"frame": {"x":1,"y":1,"w":663,"h":39},
	"rotated": false,
	"trimmed": true,
	"spriteSourceSize": {"x":307,"y":224,"w":663,"h":39},
	"sourceSize": {"w":1280,"h":720},
	"pivot": {"x":0.5,"y":0.5}
},
"introBonusText.png":
{
	"frame": {"x":1,"y":526,"w":967,"h":289},
	"rotated": false,
	"trimmed": true,
	"spriteSourceSize": {"x":155,"y":241,"w":967,"h":289},
	"sourceSize": {"w":1280,"h":720},
	"pivot": {"x":0.5,"y":0.5}
},
"introMysteryText.png":
{
	"frame": {"x":970,"y":526,"w":976,"h":408},
	"rotated": false,
	"trimmed": true,
	"spriteSourceSize": {"x":152,"y":195,"w":976,"h":408},
	"sourceSize": {"w":1280,"h":720},
	"pivot": {"x":0.5,"y":0.5}
},
"jackpotTextLevel_0.png":
{
	"frame": {"x":1330,"y":1,"w":346,"h":53},
	"rotated": false,
	"trimmed": true,
	"spriteSourceSize": {"x":298,"y":272,"w":346,"h":53},
	"sourceSize": {"w":1280,"h":720},
	"pivot": {"x":0.5,"y":0.5}
},
"jackpotTextLevel_1.png":
{
	"frame": {"x":396,"y":56,"w":319,"h":53},
	"rotated": false,
	"trimmed": true,
	"spriteSourceSize": {"x":298,"y":272,"w":319,"h":53},
	"sourceSize": {"w":1280,"h":720},
	"pivot": {"x":0.5,"y":0.5}
},
"jackpotTextLevel_2.png":
{
	"frame": {"x":1678,"y":1,"w":303,"h":53},
	"rotated": false,
	"trimmed": true,
	"spriteSourceSize": {"x":298,"y":272,"w":303,"h":53},
	"sourceSize": {"w":1280,"h":720},
	"pivot": {"x":0.5,"y":0.5}
},
"jackpotTextLevel_3.png":
{
	"frame": {"x":1,"y":56,"w":393,"h":53},
	"rotated": false,
	"trimmed": true,
	"spriteSourceSize": {"x":299,"y":272,"w":393,"h":53},
	"sourceSize": {"w":1280,"h":720},
	"pivot": {"x":0.5,"y":0.5}
},
"jackpotWin.png":
{
	"frame": {"x":666,"y":1,"w":499,"h":41},
	"rotated": false,
	"trimmed": true,
	"spriteSourceSize": {"x":296,"y":329,"w":499,"h":41},
	"sourceSize": {"w":1280,"h":720},
	"pivot": {"x":0.5,"y":0.5}
},
"mysteryText.png":
{
	"frame": {"x":1036,"y":238,"w":703,"h":83},
	"rotated": false,
	"trimmed": true,
	"spriteSourceSize": {"x":289,"y":259,"w":703,"h":83},
	"sourceSize": {"w":1280,"h":720},
	"pivot": {"x":0.5,"y":0.5}
},
"pressStart.png":
{
	"frame": {"x":1,"y":238,"w":1033,"h":72},
	"rotated": false,
	"trimmed": true,
	"spriteSourceSize": {"x":116,"y":599,"w":1033,"h":72},
	"sourceSize": {"w":1280,"h":720},
	"pivot": {"x":0.5,"y":0.5}
},
"reached.png":
{
	"frame": {"x":1,"y":323,"w":638,"h":150},
	"rotated": false,
	"trimmed": true,
	"spriteSourceSize": {"x":321,"y":251,"w":638,"h":150},
	"sourceSize": {"w":1280,"h":720},
	"pivot": {"x":0.5,"y":0.5}
},
"reachedLevel_0.png":
{
	"frame": {"x":659,"y":175,"w":601,"h":61},
	"rotated": false,
	"trimmed": true,
	"spriteSourceSize": {"x":336,"y":483,"w":601,"h":61},
	"sourceSize": {"w":1280,"h":720},
	"pivot": {"x":0.5,"y":0.5}
},
"reachedLevel_1.png":
{
	"frame": {"x":951,"y":112,"w":569,"h":61},
	"rotated": false,
	"trimmed": true,
	"spriteSourceSize": {"x":352,"y":483,"w":569,"h":61},
	"sourceSize": {"w":1280,"h":720},
	"pivot": {"x":0.5,"y":0.5}
},
"reachedLevel_2.png":
{
	"frame": {"x":400,"y":112,"w":549,"h":61},
	"rotated": false,
	"trimmed": true,
	"spriteSourceSize": {"x":361,"y":483,"w":549,"h":61},
	"sourceSize": {"w":1280,"h":720},
	"pivot": {"x":0.5,"y":0.5}
},
"reachedLevel_3.png":
{
	"frame": {"x":1,"y":175,"w":656,"h":61},
	"rotated": false,
	"trimmed": true,
	"spriteSourceSize": {"x":308,"y":483,"w":656,"h":61},
	"sourceSize": {"w":1280,"h":720},
	"pivot": {"x":0.5,"y":0.5}
},
"scrollsCollected.png":
{
	"frame": {"x":641,"y":323,"w":540,"h":201},
	"rotated": false,
	"trimmed": true,
	"spriteSourceSize": {"x":397,"y":224,"w":540,"h":201},
	"sourceSize": {"w":1280,"h":720},
	"pivot": {"x":0.5,"y":0.5}
},
"totalWon.png":
{
	"frame": {"x":1,"y":112,"w":397,"h":55},
	"rotated": false,
	"trimmed": true,
	"spriteSourceSize": {"x":300,"y":424,"w":397,"h":55},
	"sourceSize": {"w":1280,"h":720},
	"pivot": {"x":0.5,"y":0.5}
}},
"meta": {
	"app": "http://www.codeandweb.com/texturepacker",
	"version": "1.0",
	"image": "freespinResources_es.png",
	"format": "RGBA8888",
	"size": {"w":2048,"h":2048},
	"scale": "1",
	"smartupdate": "$TexturePacker:SmartUpdate:fa10e4b9e487124332ae8fdc2af42f7e:0e5dcad4e4887f934a600f336ccdf139:4c897be4d9d8f7636a5e312904205715$"
}
}
