{"frames": {

"02_050.png":
{
	"frame": {"x":1,"y":1,"w":172,"h":172},
	"rotated": false,
	"trimmed": false,
	"spriteSourceSize": {"x":0,"y":0,"w":172,"h":172},
	"sourceSize": {"w":172,"h":172},
	"pivot": {"x":0.5,"y":0.5}
},
"02_051.png":
{
	"frame": {"x":175,"y":1,"w":172,"h":172},
	"rotated": false,
	"trimmed": false,
	"spriteSourceSize": {"x":0,"y":0,"w":172,"h":172},
	"sourceSize": {"w":172,"h":172},
	"pivot": {"x":0.5,"y":0.5}
},
"02_052.png":
{
	"frame": {"x":349,"y":1,"w":172,"h":172},
	"rotated": false,
	"trimmed": false,
	"spriteSourceSize": {"x":0,"y":0,"w":172,"h":172},
	"sourceSize": {"w":172,"h":172},
	"pivot": {"x":0.5,"y":0.5}
},
"02_053.png":
{
	"frame": {"x":523,"y":1,"w":172,"h":172},
	"rotated": false,
	"trimmed": false,
	"spriteSourceSize": {"x":0,"y":0,"w":172,"h":172},
	"sourceSize": {"w":172,"h":172},
	"pivot": {"x":0.5,"y":0.5}
},
"02_054.png":
{
	"frame": {"x":697,"y":1,"w":172,"h":172},
	"rotated": false,
	"trimmed": false,
	"spriteSourceSize": {"x":0,"y":0,"w":172,"h":172},
	"sourceSize": {"w":172,"h":172},
	"pivot": {"x":0.5,"y":0.5}
},
"02_055.png":
{
	"frame": {"x":1,"y":175,"w":172,"h":172},
	"rotated": false,
	"trimmed": false,
	"spriteSourceSize": {"x":0,"y":0,"w":172,"h":172},
	"sourceSize": {"w":172,"h":172},
	"pivot": {"x":0.5,"y":0.5}
},
"02_056.png":
{
	"frame": {"x":175,"y":175,"w":172,"h":172},
	"rotated": false,
	"trimmed": false,
	"spriteSourceSize": {"x":0,"y":0,"w":172,"h":172},
	"sourceSize": {"w":172,"h":172},
	"pivot": {"x":0.5,"y":0.5}
},
"02_057.png":
{
	"frame": {"x":349,"y":175,"w":172,"h":172},
	"rotated": false,
	"trimmed": false,
	"spriteSourceSize": {"x":0,"y":0,"w":172,"h":172},
	"sourceSize": {"w":172,"h":172},
	"pivot": {"x":0.5,"y":0.5}
},
"02_058.png":
{
	"frame": {"x":523,"y":175,"w":172,"h":172},
	"rotated": false,
	"trimmed": false,
	"spriteSourceSize": {"x":0,"y":0,"w":172,"h":172},
	"sourceSize": {"w":172,"h":172},
	"pivot": {"x":0.5,"y":0.5}
},
"02_059.png":
{
	"frame": {"x":697,"y":175,"w":172,"h":172},
	"rotated": false,
	"trimmed": false,
	"spriteSourceSize": {"x":0,"y":0,"w":172,"h":172},
	"sourceSize": {"w":172,"h":172},
	"pivot": {"x":0.5,"y":0.5}
},
"02_060.png":
{
	"frame": {"x":1,"y":349,"w":172,"h":172},
	"rotated": false,
	"trimmed": false,
	"spriteSourceSize": {"x":0,"y":0,"w":172,"h":172},
	"sourceSize": {"w":172,"h":172},
	"pivot": {"x":0.5,"y":0.5}
},
"02_061.png":
{
	"frame": {"x":175,"y":349,"w":172,"h":172},
	"rotated": false,
	"trimmed": false,
	"spriteSourceSize": {"x":0,"y":0,"w":172,"h":172},
	"sourceSize": {"w":172,"h":172},
	"pivot": {"x":0.5,"y":0.5}
},
"02_062.png":
{
	"frame": {"x":349,"y":349,"w":172,"h":172},
	"rotated": false,
	"trimmed": false,
	"spriteSourceSize": {"x":0,"y":0,"w":172,"h":172},
	"sourceSize": {"w":172,"h":172},
	"pivot": {"x":0.5,"y":0.5}
},
"02_063.png":
{
	"frame": {"x":523,"y":349,"w":172,"h":172},
	"rotated": false,
	"trimmed": false,
	"spriteSourceSize": {"x":0,"y":0,"w":172,"h":172},
	"sourceSize": {"w":172,"h":172},
	"pivot": {"x":0.5,"y":0.5}
},
"02_064.png":
{
	"frame": {"x":697,"y":349,"w":172,"h":172},
	"rotated": false,
	"trimmed": false,
	"spriteSourceSize": {"x":0,"y":0,"w":172,"h":172},
	"sourceSize": {"w":172,"h":172},
	"pivot": {"x":0.5,"y":0.5}
},
"02_065.png":
{
	"frame": {"x":1,"y":523,"w":172,"h":172},
	"rotated": false,
	"trimmed": false,
	"spriteSourceSize": {"x":0,"y":0,"w":172,"h":172},
	"sourceSize": {"w":172,"h":172},
	"pivot": {"x":0.5,"y":0.5}
},
"02_066.png":
{
	"frame": {"x":175,"y":523,"w":172,"h":172},
	"rotated": false,
	"trimmed": false,
	"spriteSourceSize": {"x":0,"y":0,"w":172,"h":172},
	"sourceSize": {"w":172,"h":172},
	"pivot": {"x":0.5,"y":0.5}
},
"02_067.png":
{
	"frame": {"x":349,"y":523,"w":172,"h":172},
	"rotated": false,
	"trimmed": false,
	"spriteSourceSize": {"x":0,"y":0,"w":172,"h":172},
	"sourceSize": {"w":172,"h":172},
	"pivot": {"x":0.5,"y":0.5}
},
"02_068.png":
{
	"frame": {"x":523,"y":523,"w":172,"h":172},
	"rotated": false,
	"trimmed": false,
	"spriteSourceSize": {"x":0,"y":0,"w":172,"h":172},
	"sourceSize": {"w":172,"h":172},
	"pivot": {"x":0.5,"y":0.5}
},
"02_069.png":
{
	"frame": {"x":697,"y":523,"w":172,"h":172},
	"rotated": false,
	"trimmed": false,
	"spriteSourceSize": {"x":0,"y":0,"w":172,"h":172},
	"sourceSize": {"w":172,"h":172},
	"pivot": {"x":0.5,"y":0.5}
},
"02_070.png":
{
	"frame": {"x":1,"y":697,"w":172,"h":172},
	"rotated": false,
	"trimmed": false,
	"spriteSourceSize": {"x":0,"y":0,"w":172,"h":172},
	"sourceSize": {"w":172,"h":172},
	"pivot": {"x":0.5,"y":0.5}
},
"02_071.png":
{
	"frame": {"x":175,"y":697,"w":172,"h":172},
	"rotated": false,
	"trimmed": false,
	"spriteSourceSize": {"x":0,"y":0,"w":172,"h":172},
	"sourceSize": {"w":172,"h":172},
	"pivot": {"x":0.5,"y":0.5}
},
"02_072.png":
{
	"frame": {"x":349,"y":697,"w":172,"h":172},
	"rotated": false,
	"trimmed": false,
	"spriteSourceSize": {"x":0,"y":0,"w":172,"h":172},
	"sourceSize": {"w":172,"h":172},
	"pivot": {"x":0.5,"y":0.5}
},
"02_073.png":
{
	"frame": {"x":523,"y":697,"w":172,"h":172},
	"rotated": false,
	"trimmed": false,
	"spriteSourceSize": {"x":0,"y":0,"w":172,"h":172},
	"sourceSize": {"w":172,"h":172},
	"pivot": {"x":0.5,"y":0.5}
},
"02_074.png":
{
	"frame": {"x":697,"y":697,"w":172,"h":172},
	"rotated": false,
	"trimmed": false,
	"spriteSourceSize": {"x":0,"y":0,"w":172,"h":172},
	"sourceSize": {"w":172,"h":172},
	"pivot": {"x":0.5,"y":0.5}
}},
"meta": {
	"app": "http://www.codeandweb.com/texturepacker",
	"version": "1.0",
	"image": "02-2.jpg",
	"format": "RGB8888",
	"size": {"w":1024,"h":1024},
	"scale": "1",
	"smartupdate": "$TexturePacker:SmartUpdate:608f0dc558f9e72fa8a4fd643b937333:4811c4b7ec2f0d4e8ba5a3805d4eb870:154b88b02ee6c269fd5c03cf909a8cea$"
}
}
