﻿{
	"en":
	{
		"MarkNumbers":			"MARK NUMBERS AND PRESS START FOR NEW GAME",
		"Start":				"Start",
		"StopAll":				"Stop All",
		"Stop":					"Stop",
		"Collect":				"Collect",
		"Select":				"Select",
		"Gamble":				"GAMBLE",
		"Win":					"WIN",
		"LastWin":				"LAST WIN",
		"Exit":					"Exit",
		"Help":					"HELP",
		"Line":					"Line",
		"Lines":				"LINES",
		"Ways":					"WAYS",
		"Red":					"RED",
		"Black":				"BLACK",
		"FreeSpin":				"FREE SPIN",
		"BonusSpin":			"BONUS SPIN",
		"Of":					"OF",
		"YouWin":				"YOU WIN",
		"AutoplaySettings":		"AUTOPLAY SETTINGS",
		"StopAutoplay":			"STOP AUTOPLAY",
		"BetSettings":			"BET SETTINGS",
		"CreditValue":			"CREDIT VALUE",
		"GameSettings":			"GAME SETTINGS",
		"Paytable":				"PAYTABLE",
		"BalanceDecreases": 	"If balance decreases by",
		"SingleWinExceeds": 	"If single win exceeds",
		"BalanceIncreases": 	"If balance increases by",
		"LeftHandMode": 		"Left hand mode",
		"AddValue": 			"Add Value",
		"NoConnection":			"NO CONNECTION",
		"InsufficientBalance":	"INSUFFICIENT BALANCE",
		"PlaceBet":				"PLEASE PLACE YOUR BET",
		"GoodLuck":				"GOOD LUCK!",
		"Bet":					"BET",
		"Credit":				"CREDIT",
		"Balance":				"BALANCE",
		"GambleAmount":			"GAMBLE AMOUNT",
		"GambleToWin":			"GAMBLE TO WIN",
		"GambleAttemptsLeft":	"GAMBLE ATTEMPTS LEFT",
		"History":				"HISTORY",
		"ChooseBox":			"CHOOSE BOX",
		"ChooseCard":			"CHOOSE CARD",
		"JackpotCollect":		"PRESS COLLECT TO END THIS FEATURE",
		"LargestWinner":		"Largest winner:",
		"NumberOfWinners":		"Number\nof winners:",
		"LastWinner":			"Last winner:",
		"totalBetLabel":		"TOTAL BET",
		"totalWinLabel":		"TOTAL WIN",
		"MinBet":				"MIN. BET",
		"MaxBet":				"MAX. BET",
		"DealerScore":			"DEALER SCORE:",
		"GameOver":				"GAME OVER",
		"DealerPlay":			"DEALER PLAY",
		"DoubleWin":			" + DOUBLES THE CURRENT WIN",
		"OnLostConnectionMessage":"<div>You have lost connection to the game server.\nPlease press OK button to exit the game and try to reload it later.</div>",
		"selectScatterSymbol":"SELECT A SCATTER SYMBOL",
		"attemptsLeft":        "ATTEMPTS\nLEFT",
		"BonusBet": 			"BONUS BET",
		"Roll":					"ROLL THE DICE",
		"TakeWin":				"TAKE WIN TO EXIT THE FEATURE",
		"HoldOrRoll":			"SELECT DICE TO HOLD/UNHOLD\n OR ROLL THE DICE",
		"TakeWinOrRoll":		"TAKE WIN OR ROLL THE DICE",
		"BonusSpinsInfoPopUpTitle": "Bonus Spin mode",
		"BonusSpinsInfoPopUpContent": "Congratulations\nyou get {{remainingBonusSpins}} Bonus spins!\nGood Luck!",
		"BonusSpinsInfoPopUpButtonText": "Play Now",
		"BonusSpinsEnd_okPopUpTitle": "Bonus Mode has ended",
		"BonusSpinsEnd_okPopUpContent": "You have won {{totalWinAmount}}\n\nYou will be now playing with real money!",
		"BonusSpinsEnd_okPopUpButtonText": "OK",
		"BonusSpinsEnd_expiredPopUpTitle": "Bonus Mode has ended",
		"BonusSpinsEnd_expiredPopUpContent": "You have won {{totalWinAmount}}\n\nYou will be now playing with real money!",
		"BonusSpinsEnd_expiredPopUpButtonText": "OK",
		"BonusSpinsEnd_disabledPopUpTitle": "Bonus Mode is not available",
		"BonusSpinsEnd_disabledPopUpContent": "You will be now playing with real money!",
		"BonusSpinsEnd_disabledPopUpButtonText": "OK",
		"BonusSpinsEnd_bonusErrorPopUpTitle": "Bonus Mode is not available right now",
		"BonusSpinsEnd_bonusErrorPopUpContent": "You will be now playing with real money!",
		"BonusSpinsEnd_bonusErrorPopUpButtonText": "OK",
		"or":"or",
		"diamonds":"diamonds",
		"FreeRespin": "FREE RESPIN"
	},
	"cs":
	{
		"MarkNumbers":			"MARK NUMBERS AND PRESS START FOR NEW GAME",
		"Start":				"Start",
		"StopAll":				"Zastavit Vše",
		"Stop":					"Zastavit",
		"Collect":				"Vyplatit",
		"Select":				"Vybrat",
		"Gamble":				"GAMBLE",
		"Win":					"VÝHRA",
		"LastWin":				"PREDCHOZÍ VÝHRA",
		"Exit":					"Konec",
		"Help":					"Nápoveda",
		"Line":					"Linie",
		"Lines":				"LINIÍ",
		"Ways":					"WAYS",
		"Red":					"RED",
		"Black":				"BLACK",
		"FreeSpin":				"FREE SPIN",
		"BonusSpin":			"BONUS SPIN",
		"Of":					"OF",
		"YouWin":				"VYHRÁVÁTE",
		"AutoplaySettings":		"NASTAVENÍ AUTOMATICKÉHO HRANÍ",
		"StopAutoplay":			"ZASTAVIT AUTOMATICKOU HRU",
		"BetSettings":			"NASTAVENÍ SÁZKY",
		"CreditValue":			"HODNOTA KREDITU",
		"GameSettings":			"NASTAVENÍ HRY",
		"Paytable":				"TABULKA VÝHER",
		"BalanceDecreases": 	"Pokud se zustatek sníží o",
		"SingleWinExceeds": 	"Pokud jednotlivá výhra prekrocí",
		"BalanceIncreases": 	"Pokud se zustatek zvýší o",
		"LeftHandMode": 		"Režim levá ruka",
		"AddValue": 			"Pridat hodnotu",
		"NoConnection":			"NEPRIPOJENO",
		"InsufficientBalance":	"INSUFFICIENT BALANCE",
		"PlaceBet":				"VSADTE SI",
		"GoodLuck":				"HODNE ŠTESTÍ!",
		"Bet":					"SÁZKA",
		"Credit":				"KREDIT",
		"Balance":				"ZUSTATEK",
		"GambleAmount":			"GAMBLE AMOUNT",
		"GambleToWin":			"GAMBLE TO WIN",
		"GambleAttemptsLeft":	"GAMBLE ATTEMPTS LEFT",
		"History":				"HISTORY",
		"ChooseBox":			"CHOOSE BOX",
		"ChooseCard":			"CHOOSE CARD",
		"JackpotCollect":		"PRESS COLLECT TO END THIS FEATURE",
		"LargestWinner":		"Largest winner:",
		"NumberOfWinners":		"Number\nof winners:",
		"LastWinner":			"Last winner:",
		"totalBetLabel":		"CELKOVÁ SÁZKA",
		"totalWinLabel":		"TOTAL WIN",
		"MinBet":				"MIN. BET",
		"MaxBet":				"MAX. BET",
		"DealerScore":			"DEALER SCORE:",
		"GameOver":				"GAME OVER",
		"DealerPlay":			"DEALER PLAY",
		"DoubleWin":			" + DOUBLES THE CURRENT WIN",
		"OnLostConnectionMessage":"<div>You have lost connection to the game server.\nPlease press OK button to exit the game and try to reload it later.</div>",
		"selectScatterSymbol":"SELECT A SCATTER SYMBOL",
		"attemptsLeft":        "ATTEMPTS\nLEFT",
		"BonusBet": 			"BONUS BET",
		"Roll":					"ROLL THE DICE",
		"TakeWin":				"TAKE WIN TO EXIT THE FEATURE",
		"HoldOrRoll":			"SELECT DICE TO HOLD/UNHOLD\n OR ROLL THE DICE",
		"TakeWinOrRoll":		"TAKE WIN OR ROLL THE DICE",
		"BonusSpinsInfoPopUpTitle": "Bonus Spin mode",
		"BonusSpinsInfoPopUpContent": "Congratulations\nyou get {{remainingBonusSpins}} Bonus spins!\nGood Luck!",
		"BonusSpinsInfoPopUpButtonText": "Play Now",
		"BonusSpinsEnd_okPopUpTitle": "Bonus Mode has ended",
		"BonusSpinsEnd_okPopUpContent": "You have won {{totalWinAmount}}\n\nYou will be now playing with real money!",
		"BonusSpinsEnd_okPopUpButtonText": "OK",
		"BonusSpinsEnd_expiredPopUpTitle": "Bonus Mode has ended",
		"BonusSpinsEnd_expiredPopUpContent": "You have won {{totalWinAmount}}\n\nYou will be now playing with real money!",
		"BonusSpinsEnd_expiredPopUpButtonText": "OK",
		"BonusSpinsEnd_disabledPopUpTitle": "Bonus Mode is not available",
		"BonusSpinsEnd_disabledPopUpContent": "You will be now playing with real money!",
		"BonusSpinsEnd_disabledPopUpButtonText": "OK",
		"BonusSpinsEnd_bonusErrorPopUpTitle": "Bonus Mode is not available right now",
		"BonusSpinsEnd_bonusErrorPopUpContent": "You will be now playing with real money!",
		"BonusSpinsEnd_bonusErrorPopUpButtonText": "OK",
		"or":"or",
		"diamonds":"diamonds",
		"FreeRespin": "FREE RESPIN"
	},
	"bg":
	{
		"MarkNumbers":			"МАРКИРАЙТЕ ЧИСЛА И НАТИСНЕТЕ СТАРТ ЗА НОВА ИГРА",
		"Start":				"Старт",
		"StopAll":				"Стоп",
		"Stop":					"Стоп",
		"Collect":				"Съберете",
		"Select":				"Изберете",
		"Gamble":				"УДВОЕТЕ",
		"Win":					"ПЕЧАЛБА",
		"LastWin":				"ПОСЛЕДНА ПЕЧАЛБА",
		"Exit":					"Изход",
		"Help":					"ПОМОЩ",
		"Line":					"Линия",
		"Lines":				"ЛИНИИ",
		"Ways":					"WAYS",
		"Red":					"ЧЕРВЕНО",
		"Black":				"ЧЕРНО",
		"FreeSpin":				"СВОБОДНА ИГРА",
		"BonusSpin":			"BONUS SPIN",
		"Of":					"ОТ",
		"YouWin":				"ВИЕ СПЕЧЕЛИХТЕ",
		"AutoplaySettings":		"ОПЦИИ ЗА АВТО ИГРА",
		"StopAutoplay":			"СПРЕТЕ АВТО ИГРА",
		"BetSettings":			"ОПЦИИ ЗА ЗАЛОГА",
		"CreditValue":			"СТОЙНОСТ НА КРЕДИТА",
		"GameSettings":			"ОПЦИИ НА ИГРАТА",
		"Paytable":				"ПРАВИЛА",
		"BalanceDecreases": 	"Ако балансът падне с",
		"SingleWinExceeds": 	"Ако единична печалба надвиши",
		"BalanceIncreases": 	"Ако балансът нарасне с",
		"LeftHandMode": 		"Режим за лява ръка",
		"AddValue": 			"Добавете стойност",
		"NoConnection":			"НЯМА ВРЪЗКА",
		"InsufficientBalance":	"НЕДОСТАТЪЧЕН БАЛАНС",
		"PlaceBet":				"МОЛЯ, ПОСТАВЕТЕ ВАШИЯ ЗАЛОГ",
		"GoodLuck":				"КЪСМЕТ!",
		"Bet":					"ЗАЛОГ",
		"Credit":				"КРЕДИТ",
		"Balance":				"БАЛАНС",
		"GambleAmount":			"СУМА ЗА УДВОЯВАНЕ",
		"GambleToWin":			"ПОТЕНЦИАЛНА ПЕЧАЛБА",
		"GambleAttemptsLeft":	"ОСТАВАЩИ ОПИТИ",
		"History":				"ИСТОРИЯ",
		"ChooseBox":			"ИЗБЕРЕТЕ КУТИЯ",
		"ChooseCard":			"ИЗБЕРЕТЕ КАРТА",
		"JackpotCollect":		"НАТИСНЕТЕ СЪБЕРЕТЕ ЗА КРАЙ НА ТОЗИ КРЪГ",
		"LargestWinner":		"Топ печалба:",
		"NumberOfWinners":		"Брой\nпечалби:",
		"LastWinner":			"Последна:",
		"totalBetLabel":		"ОБЩ ЗАЛОГ",
		"totalWinLabel":		"ОБЩА ПЕЧАЛБА",
		"OnLostConnectionMessage":"<div>Загубихте връзка с игровия сървър.\n Моля, натиснете ОК за изход от играта и опитайте да я презаредите по-късно.</div>",
		"DoubleWin":			" + УДВОЯВА ТЕКУЩАТА ПЕЧАЛБА",
		"selectScatterSymbol":"ИЗБЕРЕТЕ СКАТЕР",
		"attemptsLeft":        "ОСТАВАЩИ\nОПИТИ",
		"BonusBet": 			"БОНУС ЗАЛОГ",
		"Roll":					"ХВЪРЛЕТЕ ЗАРОВЕТЕ",
		"TakeWin":				"ПРИБЕРЕТЕ ПЕЧАЛБАТА\nЗА ИЗХОД ОТ БОНУСА",
		"HoldOrRoll":			"ИЗБЕРЕТЕ ЗАРОВЕ ЗА\nЗАДЪРЖАНЕ/ОСВОБОЖДАВАНЕ\nИЛИ ХВЪРЛЕТЕ ЗАРОВЕТЕ",
		"TakeWinOrRoll":		"ПРИБЕРЕТЕ ПЕЧАЛБАТА\nИЛИ ХВЪРЛЕТЕ ЗАРОВЕТЕ",
		"BonusSpinsInfoPopUpTitle": "Bonus Spin mode",
		"BonusSpinsInfoPopUpContent": "Congratulations\nyou get {{remainingBonusSpins}} Bonus spins!\nGood Luck!",
		"BonusSpinsInfoPopUpButtonText": "Play Now",
		"BonusSpinsEnd_okPopUpTitle": "Bonus Mode has ended",
		"BonusSpinsEnd_okPopUpContent": "You have won {{totalWinAmount}}\n\nYou will be now playing with real money!",
		"BonusSpinsEnd_okPopUpButtonText": "OK",
		"BonusSpinsEnd_expiredPopUpTitle": "Bonus Mode has ended",
		"BonusSpinsEnd_expiredPopUpContent": "You have won {{totalWinAmount}}\n\nYou will be now playing with real money!",
		"BonusSpinsEnd_expiredPopUpButtonText": "OK",
		"BonusSpinsEnd_disabledPopUpTitle": "Bonus Mode is not available",
		"BonusSpinsEnd_disabledPopUpContent": "You will be now playing with real money!",
		"BonusSpinsEnd_disabledPopUpButtonText": "OK",
		"BonusSpinsEnd_bonusErrorPopUpTitle": "Bonus Mode is not available right now",
		"BonusSpinsEnd_bonusErrorPopUpContent": "You will be now playing with real money!",
		"BonusSpinsEnd_bonusErrorPopUpButtonText": "OK",
		"or":"или",
		"diamonds":"диаманти",
		"FreeRespin": "БЕЗПЛАТНО ЗАВЪРТАНЕ"
	},
	"ru":
	{
		"MarkNumbers":			"ОТМЕТЬТЕ ЧИСЛА И НАЖМИТЕ СТАРТ ДЛЯ НОВОЙ ИГРЫ",
		"Start":				"Старт",
		"StopAll":				"Стоп все",
		"Stop":					"Стоп",
		"Collect":				"Брать",
		"Select":				"Выбрать",
		"Gamble":				"УДВОИТЬ",
		"Win":					"ВЫИГРЫШ",
		"LastWin":  			"ПОСЛЕДНИЙ ВЫИГРЫШ",
		"Exit":					"Выход",
		"Help":					"ПОМОЩЬ",
		"Line":					"Линия",
		"Lines":				"ЛИНИИ",
		"Ways":					"WAYS",
		"Red":					"КРАСНОЕ",
		"Black":				"ЧЕРНОЕ",
		"FreeSpin":				"СВОБОДНАЯ ИГРА",
		"BonusSpin":			"BONUS SPIN",
		"Of":					"ИЗ",
		"YouWin":				"ВЫ ВЫИГРАЛИ",
		"AutoplaySettings":		"НАСТРОЙКИ АВТОИГРЫ",
		"StopAutoplay":			"СТОП АВТО ИГРА",
		"BetSettings":			"НАСТРОЙКИ СТАВОК",
		"CreditValue":			"СУММА КРЕДИТА",
		"GameSettings":			"НАСТРОЙКИ ИГРЫ",
		"Paytable":				"ТАБЛИЦА",
		"BalanceDecreases": 	"Если баланс уменьшится на",
		"SingleWinExceeds": 	"Если разовый выигрыш превысит",
		"BalanceIncreases": 	"Если баланс увеличится на",
		"LeftHandMode": 		"Режим левой руки",
		"AddValue": 			"Добавить значение",
		"NoConnection":			"НЕТ СВЯЗИ",
		"InsufficientBalance":	"НЕДОСТАТОЧНЫЙ БАЛАНС",
		"PlaceBet":				"ПОЖАЛУЙСТА, ДЕЛАЙТЕ ВАШИ СТАВКИ",
		"GoodLuck":				"УДАЧИ!",
		"Bet":					"СТАВКА",
		"Credit":				"КРЕДИТ",
		"Balance":				"БАЛАНС",
		"GambleAmount":			"СУММА УДВОЕНИЯ",
		"GambleToWin":			"ПОТЕНЦИАЛЬНЫЙ ПРИЗ",
		"GambleAttemptsLeft":	"ОСТАВШИХСЯ ПОПЫТОК",
		"History":				"ИСТОРИЯ",
		"ChooseBox":			"CHOOSE BOX",
		"ChooseCard":			"ВЫБЕРИТЕ КАРТУ",
		"JackpotCollect":		"НАЖМИТЕ БРАТЬ ДЛЯ ОКОНЧАНИЯ  ЭТОГО РАУНДА",
		"LargestWinner":		"Самый\nбольшой победитель:",
		"NumberOfWinners":		"Количество\nпобедителей:",
		"LastWinner":			"Последний\nпобедитель:",
		"totalBetLabel":		"ОБЩАЯ СТАВКА",
		"totalWinLabel":		"ОБЩИЙ ВЫИГРЫШ",
		"OnLostConnectionMessage":"<div>Вы потеряли связь с игровым сервером.\n Пожалуйста, нажмите кнопку ОК для выхода и попробуйте перезагрузить игру позже.</div>",
		"DoubleWin":			" + удваевает текущий выигрыш",
		"selectScatterSymbol":	"ВЫБЕРИТЕ СКАТЕР СИМВОЛ",
		"attemptsLeft":        	"ПОПЫТКИ\nОСТАВИЛ",
		"BonusBet": 			"БОНУС СТАВКА",
		"Roll":					"БРОСЬТЕ КОСТИ",
		"TakeWin":				"ЗАБЕРИТЕ ВЫИГРЫШ\nЧТОБЫ ПОКИНУТЬ ИГРУ",
		"HoldOrRoll":			"ВЫБЕРИТЕ ЗАРИКИ ЧТОБЫ\nЗАДЕРЖАТЬ/ОТПУСТИТЬ\nИЛИ БРОСЬТЕ ЗАРИКИ",
		"TakeWinOrRoll":		"ВОЗЬМИТЕ ВЫИГРЫШ ИЛИ\nБРОСЬТЕ ЗАРИКИ",
		"BonusSpinsInfoPopUpTitle": "Bonus Spin mode",
		"BonusSpinsInfoPopUpContent": "Congratulations\nyou get {{remainingBonusSpins}} Bonus spins!\nGood Luck!",
		"BonusSpinsInfoPopUpButtonText": "Play Now",
		"BonusSpinsEnd_okPopUpTitle": "Bonus Mode has ended",
		"BonusSpinsEnd_okPopUpContent": "You have won {{totalWinAmount}}\n\nYou will be now playing with real money!",
		"BonusSpinsEnd_okPopUpButtonText": "OK",
		"BonusSpinsEnd_expiredPopUpTitle": "Bonus Mode has ended",
		"BonusSpinsEnd_expiredPopUpContent": "You have won {{totalWinAmount}}\n\nYou will be now playing with real money!",
		"BonusSpinsEnd_expiredPopUpButtonText": "OK",
		"BonusSpinsEnd_disabledPopUpTitle": "Bonus Mode is not available",
		"BonusSpinsEnd_disabledPopUpContent": "You will be now playing with real money!",
		"BonusSpinsEnd_disabledPopUpButtonText": "OK",
		"BonusSpinsEnd_bonusErrorPopUpTitle": "Bonus Mode is not available right now",
		"BonusSpinsEnd_bonusErrorPopUpContent": "You will be now playing with real money!",
		"BonusSpinsEnd_bonusErrorPopUpButtonText": "OK",
		"or":"или",
		"diamonds":"алмазов",
		"FreeRespin": "ПОВТОРНАЯ ИГРА"
	},
	"nl":
	{
		"MarkNumbers":			"MARKEER DE NUMMERS EN DRUK OP START VOOR EEN NIEUW SPEL",
		"Start":				"Start",
		"StopAll":				"Alles Stoppen",
		"Stop":					"Stop",
		"Collect":				"Innen",
		"Select":				"Selecteren",
		"Gamble":				"GOKKEN",
		"Win":					"WINST",
		"LastWin":				"LAATSTE WINST",
		"Exit":					"Afsluiten",
		"Help":					"HELP",
		"Line":					"Lijn",
		"Lines":				"LIJNEN",
		"Ways":					"WAYS",
		"Red":					"ROOD",
		"Black":				"ZWART",
		"FreeSpin":				"FREE SPIN",
		"BonusSpin":			"BONUS SPIN",
		"Of":					"VAN",
		"YouWin":				"U WINT",
		"AutoplaySettings":		"AUTOPLAY-INSTELLINGEN",
		"StopAutoplay":			"AUTOPLAY STOPPEN",
		"BetSettings":			"INZETINSTELLINGEN",
		"CreditValue":			"TEGOEDWAARDE",
		"GameSettings":			"GAME-INSTELLINGEN",
		"Paytable":				"UITBETALINGSSCHEMA",
		"BalanceDecreases": 	"Als saldo afneemt met",
		"SingleWinExceeds": 	"Als enkele winst hoger is dan",
		"BalanceIncreases": 	"Als saldo toeneemt met",
		"LeftHandMode": 		"Linker hand-modus",
		"AddValue": 			"Waarde toevoegen",
		"NoConnection":			"GEEN VERBINDING",
		"InsufficientBalance":	"SALDO ONVOLDOENDE",
		"PlaceBet":				"INZETTEN ALSTUBLIEFT",
		"GoodLuck":				"VEEL SUCCES!",
		"Bet":					"INZETTEN",
		"Credit":				"CREDIT",
		"Balance":				"SALDO",
		"GambleAmount":			"INZETBEDRAG",
		"GambleToWin":			"GOK OM TE WINNEN",
		"GambleAttemptsLeft":	"RESTERENDE GOKPOGINGEN",
		"History":				"GESCHIEDENIS",
		"ChooseBox":			"CHOOSE BOX",
		"ChooseCard":			"KIES KAART",
		"JackpotCollect":		"DRUK OP INNEN OM DEZE FUNCTIE TE BEEINDIGEN",
		"LargestWinner":		"Grootste\nwinnaar:",
		"NumberOfWinners":		"Aantal\nwinnaars:",
		"LastWinner":			"Laatste winnaar:",
		"totalBetLabel":		"TOTALE INZET",
		"totalWinLabel":		"TOTALE WINST",
		"OnLostConnectionMessage":"<div>De verbinding met de spelserver is verbroken.\nDruk op de OK knop om het spel af te sluiten en probeer later opnieuw.</div>",
		"DoubleWin":			" + VERDUBBELT DE HUIDIGE WINST",
		"attemptsLeft":        	"POGINGEN\nLINKS",
		"BonusBet": 			"BONUS BET",
		"selectScatterSymbol":"SELECTEER EEN SCATTERSYMBOOL",
		"Roll":					"GOOI DE DOBBELSTENEN",
		"TakeWin":				"HAAL UW WINST OP EN\nVERLAAT DE FUNCTIERONDE",
		"HoldOrRoll":			"KIES DE DOBBELSTENEN OM AL\nDAN NIET TE HOUDEN OF\nGOOI DE DOBBELSTENEN",
		"TakeWinOrRoll":		"NEEM DE WINST OF\nGOOI DE DOBBELSTENEN",
		"BonusSpinsInfoPopUpTitle": "Bonus Spin mode",
		"BonusSpinsInfoPopUpContent": "Congratulations\nyou get {{remainingBonusSpins}} Bonus spins!\nGood Luck!",
		"BonusSpinsInfoPopUpButtonText": "Play Now",
		"BonusSpinsEnd_okPopUpTitle": "Bonus Mode has ended",
		"BonusSpinsEnd_okPopUpContent": "You have won {{totalWinAmount}}\n\nYou will be now playing with real money!",
		"BonusSpinsEnd_okPopUpButtonText": "OK",
		"BonusSpinsEnd_expiredPopUpTitle": "Bonus Mode has ended",
		"BonusSpinsEnd_expiredPopUpContent": "You have won {{totalWinAmount}}\n\nYou will be now playing with real money!",
		"BonusSpinsEnd_expiredPopUpButtonText": "OK",
		"BonusSpinsEnd_disabledPopUpTitle": "Bonus Mode is not available",
		"BonusSpinsEnd_disabledPopUpContent": "You will be now playing with real money!",
		"BonusSpinsEnd_disabledPopUpButtonText": "OK",
		"BonusSpinsEnd_bonusErrorPopUpTitle": "Bonus Mode is not available right now",
		"BonusSpinsEnd_bonusErrorPopUpContent": "You will be now playing with real money!",
		"BonusSpinsEnd_bonusErrorPopUpButtonText": "OK",
		"or":"of",
		"diamonds":"diamanten",
		"FreeRespin": "FREE RESPIN"
	},
	"fr":
	{
		"MarkNumbers":			"COCHEZ DES NUMÉROS ET APPUYEZ SUR START POUR NOUVELLE PARTIE",
		"Start":				"Start",
		"StopAll":				"Arrêtez tous",
		"Stop":					"Arrêt",
		"Collect":				"Encaisser",
		"Select":				"Sélectionner",
		"Gamble":				"OSER",
		"Win":					"GAIN",
		"LastWin":				"DERNIER GAIN",
		"Exit":					"Sortie",
		"Help":					"AIDE",
		"Line":					"Ligne",
		"Lines":				"LIGNES",
		"Ways":					"WAYS",
		"Red":					"ROUGE",
		"Black":				"NOIR",
		"FreeSpin":				"PARTIE GRATUITE",
		"BonusSpin":			"BONUS SPIN",
		"Of":					"DE",
		"YouWin":				"VOUS GAGNEZ",
		"AutoplaySettings":		"PARAMÈTRES DE JEU AUTOMATIQUE",
		"StopAutoplay":			"ARRÊT JEU AUTO",
		"BetSettings":			"PARAMÈTRES DE MISE",
		"CreditValue":			"VALEUR DE CRÉDIT",
		"GameSettings":			"PARAMÈTRES DE JEU",
		"Paytable":				"RÈGLES",
		"BalanceDecreases": 	"Si le solde baisse de",
		"SingleWinExceeds": 	"Si un gain excède",
		"BalanceIncreases": 	"Si le solde augmente de",
		"LeftHandMode": 		"Mode Gaucher",
		"AddValue": 			"Ajouter la valeur",
		"NoConnection":			"CONNEXION PERDUE",
		"InsufficientBalance":	"SOLDE INSUFFISANT",
		"PlaceBet":				"METTEZ VOTRE PARI, S'IL VOUS PLAÎT",
		"GoodLuck":				"BONNE CHANCE!",
		"Bet":					"MISE",
		"Credit":				"CRÉDIT",
		"Balance":				"SOLDE",
		"GambleAmount":			"MONTANT À OSER",
		"GambleToWin":			"OSER POUR GAGNER",
		"GambleAttemptsLeft":	"TENTATIVES \"OSER\" RESTANTES",
		"History":				"HISTORIQUE",
		"ChooseBox":			"CHOOSE BOX",
		"ChooseCard":			"CHOISISSEZ UNE CARTE",
		"JackpotCollect":		"APPUYEZ SUR ENCAISSER POUR FINIR CETTE PARTIE",
		"LargestWinner":		"Grand gagnant:",
		"NumberOfWinners":		"Nombre de\ngagnants:",
		"LastWinner":			"Dernier gagnant:",
		"totalBetLabel":		"MISE TOTALE",
		"totalWinLabel":		"GAIN TOTAL",
		"OnLostConnectionMessage":"<div>Vous avez perdu la connexion avec le serveur du jeu.\nAppuyez sur OK pour quitter le jeu et tentez de le charger à nouveau ultérieurement.</div>",
		"DoubleWin":			" + DOUBLE LE GAIN ACTUEL",
		"selectScatterSymbol":"SÉLECTIONNEZ UN SYMBOLE SCATTER",
		"attemptsLeft":        	"TENTATIVES\nLA GAUCHE",
		"BonusBet": 			"PARI BONUS",
		"Roll":					"LANCER LES DÉS",
		"TakeWin":				"ENCAISSEZ LES GAINS POUR QUITTER\nLA FONCTIONNALITE BONUS",
		"HoldOrRoll":			"TOUCHEZ DES DÉS POUR\nCONSERVER/REJOUER\nOU LANCER LES DÉS",
		"TakeWinOrRoll":		"ENCAISSEZ VOTRE GAIN\nOU LANCEZ LES DÉS",
		"BonusSpinsInfoPopUpTitle": "Bonus Spin mode",
		"BonusSpinsInfoPopUpContent": "Congratulations\nyou get {{remainingBonusSpins}} Bonus spins!\nGood Luck!",
		"BonusSpinsInfoPopUpButtonText": "Play Now",
		"BonusSpinsEnd_okPopUpTitle": "Bonus Mode has ended",
		"BonusSpinsEnd_okPopUpContent": "You have won {{totalWinAmount}}\n\nYou will be now playing with real money!",
		"BonusSpinsEnd_okPopUpButtonText": "OK",
		"BonusSpinsEnd_expiredPopUpTitle": "Bonus Mode has ended",
		"BonusSpinsEnd_expiredPopUpContent": "You have won {{totalWinAmount}}\n\nYou will be now playing with real money!",
		"BonusSpinsEnd_expiredPopUpButtonText": "OK",
		"BonusSpinsEnd_disabledPopUpTitle": "Bonus Mode is not available",
		"BonusSpinsEnd_disabledPopUpContent": "You will be now playing with real money!",
		"BonusSpinsEnd_disabledPopUpButtonText": "OK",
		"BonusSpinsEnd_bonusErrorPopUpTitle": "Bonus Mode is not available right now",
		"BonusSpinsEnd_bonusErrorPopUpContent": "You will be now playing with real money!",
		"BonusSpinsEnd_bonusErrorPopUpButtonText": "OK",
		"or":"ou",
		"diamonds":"diamants",
		"FreeRespin": "RELANCE GRATUITE"
	},
	"es":
	{
		"MarkNumbers":			"MARQUE LOS NÚMEROS Y PULSE INICIO PARA UN NUEVO JUEGO",
		"Start":				"Inicio",
		"StopAll":				"Parar Todo",
		"Stop":					"Parar",
		"Collect":				"Recoger",
		"Select":				"Seleccionar",
		"Gamble":				"DOBLAR",
		"Win":					"GANANCIA",
		"LastWin":				"ÚLTIMA GANANCIA",
		"Exit":					"Salida",
		"Help":					"AYUDA",
		"Line":					"Línea",
		"Lines":				"LÍNEAS",
		"Ways":					"WAYS",
		"Red":					"ROJO",
		"Black":				"NEGRO",
		"FreeSpin":				"JUEGO GRATIS",
		"BonusSpin":			"BONUS SPIN",
		"Of":					"DE",
		"YouWin":				"USTED GANA",
		"AutoplaySettings":		"CONFIGURACIÓN DEL AUTOJUEGO",
		"StopAutoplay":			"PARADA AUTO INICIO",
		"BetSettings":			"CONFIGURACIÓN DE APUESTA",
		"CreditValue":			"VALOR DE CRÉDITO",
		"GameSettings":			"CONFIGURACIÓN DEL JUEGO",
		"Paytable":				"PAGOS",
		"BalanceDecreases": 	"Si el saldo disminuye en",
		"SingleWinExceeds": 	"Si el premio único excede",
		"BalanceIncreases": 	"Si el saldo aumenta en",
		"LeftHandMode": 		"Modo mano izquierda",
		"AddValue": 			"Añadir valor",
		"NoConnection":			"SIN CONEXIÓN",
		"InsufficientBalance":	"SALDO INSUFICIENTE",
		"PlaceBet":				"POR FAVOR, HAGA SU APUESTA",
		"GoodLuck":				"¡BUENA SUERTE!",
		"Bet":					"APUESTA",
		"Credit":				"CRÉDITO",
		"Balance":				"SALDO",
		"GambleAmount":			"APOSTAR IMPORTE",
		"GambleToWin":			"APUESTE PARA GANAR",
		"GambleAttemptsLeft":	"INTENTOS DE APUESTA DISPONIBLES",
		"History":				"HISTORIAL",
		"ChooseBox":			"CHOOSE BOX",
		"ChooseCard":			"ELIJA UNA CARTA",
		"JackpotCollect":		"PULSE RECOGER PARA FINALIZAR ESTA CARACTERÍSTICA",
		"LargestWinner":		"Mayor Ganador:",
		"NumberOfWinners":		"Número\nde Ganadores:",
		"LastWinner":			"Último Ganador:",
		"totalBetLabel":		"APUESTA TOTAL",
		"totalWinLabel":		"TOTAL GANADO",
		"OnLostConnectionMessage":"<div>Ha perdido conexión con el servidor del juego.\nPor favor, pulse OK para salir del juego y tratar de recargarlo más tarde.</div>",
		"DoubleWin":			" + DOBLA LA GANANCIA ACTUAL",
		"selectScatterSymbol":"SELECCIONE UN SÍMBOLO SCATTER",
		"attemptsLeft":        	"INTENTOS\nIZQUIERDA",
		"BonusBet": 			"APUESTA A\nATRACCIÓN",
		"Roll":					"TIRAR LOS DADOS",
		"TakeWin":				"RECOGER GANANCIAS PARA SALIR",
		"HoldOrRoll":			"SELECCIONE LOS DADOS PARA\nMANTENER/LIBERAR O\nTIRAR LOS DADOS",
		"TakeWinOrRoll":		"RECOGER GANANCIAS O\nTIRAR LOS DADOS",
		"BonusSpinsInfoPopUpTitle": "Bonus Spin mode",
		"BonusSpinsInfoPopUpContent": "Congratulations\nyou get {{remainingBonusSpins}} Bonus spins!\nGood Luck!",
		"BonusSpinsInfoPopUpButtonText": "Play Now",
		"BonusSpinsEnd_okPopUpTitle": "Bonus Mode has ended",
		"BonusSpinsEnd_okPopUpContent": "You have won {{totalWinAmount}}\n\nYou will be now playing with real money!",
		"BonusSpinsEnd_okPopUpButtonText": "OK",
		"BonusSpinsEnd_expiredPopUpTitle": "Bonus Mode has ended",
		"BonusSpinsEnd_expiredPopUpContent": "You have won {{totalWinAmount}}\n\nYou will be now playing with real money!",
		"BonusSpinsEnd_expiredPopUpButtonText": "OK",
		"BonusSpinsEnd_disabledPopUpTitle": "Bonus Mode is not available",
		"BonusSpinsEnd_disabledPopUpContent": "You will be now playing with real money!",
		"BonusSpinsEnd_disabledPopUpButtonText": "OK",
		"BonusSpinsEnd_bonusErrorPopUpTitle": "Bonus Mode is not available right now",
		"BonusSpinsEnd_bonusErrorPopUpContent": "You will be now playing with real money!",
		"BonusSpinsEnd_bonusErrorPopUpButtonText": "OK",
		"or":"ó",
		"diamonds":"diamantes",
		"FreeRespin": "NUEVO JUEGO"
	},
	"mk":
	{
		"MarkNumbers":			"ОБЕЛЕЖЕТЕ БРОЕВИ И ПРИТИСНЕТЕ СТАРТ ЗА НОВА ИГРА",
		"Start":				"Почеток",
		"StopAll":				"Запри Сé",
		"Stop":					"Стоп",
		"Collect":				"Собирање",
		"Select":				"Бирање",
		"Gamble":				"ОБЛОЖУВАЊЕ",
		"Win":					"ДОБИВКА",
		"LastWin":				"ПОСЛЕДНА ДОБИВКА",
		"Exit":					"Излез",
		"Help":					"ПОМОШ",
		"Line":					"Линија",
		"Lines":				"ЛИНИИ",
		"Ways":					"WAYS",
		"Red":					"ЦРВЕНА",
		"Black":				"ЦРНА",
		"FreeSpin":				"БЕСПЛАТНО ЗАВРТУВАЊЕ",
		"BonusSpin":			"BONUS SPIN",
		"Of":					"ОД",
		"YouWin":				"ОСВОИВТЕ ДОБИВКА",
		"AutoplaySettings":		"ПОСТАВКИ ЗА АВТОМАТСКО ИГРАЊЕ",
		"StopAutoplay":			"ЗАПРИ АВТО ИГРА",
		"BetSettings":			"ПОСТАВКИ ЗА ОБЛОЖУВАЊЕ",
		"CreditValue":			"КРЕДИТНА ВРЕДНОСТ",
		"GameSettings":			"ПОСТАВКИ ЗА ИГРАТА",
		"Paytable":				"ПРАВИЛА",
		"BalanceDecreases": 	"Ако износот се намали за",
		"SingleWinExceeds": 	"Ако една добивка надмине",
		"BalanceIncreases": 	"Ако износот се зголеми за",
		"LeftHandMode": 		"Режим за лева рака",
		"AddValue": 			"Додај вредност",
		"NoConnection":			"НЕПОВРЗАНОСТ",
		"InsufficientBalance":	"НЕДОВОЛЕН БИЛАНС",
		"PlaceBet":				"ВЕ МОЛИМЕ ПОСТАВЕТЕ ГО ВАШИОТ ОБЛОГ",
		"GoodLuck":				"СО СРЕЌА!",
		"Bet":					"ОБЛОГ",
		"Credit":				"КРЕДИТ",
		"Balance":				"БИЛАНС",
		"GambleAmount":			"ИЗНОС НА ВЛОГ",
		"GambleToWin":			"ИГРАЈ ЗА ДОБИВКА",
		"GambleAttemptsLeft":	"ОСТАНАТИ ОБИДИ ЗА ОБЛОЖУВАЊЕ",
		"History":				"ИСТОРИЈА",
		"ChooseBox":			"CHOOSE BOX",
		"ChooseCard":			"ОДБЕРЕТЕ КАРТА",
		"JackpotCollect":		"ПРИТИСНИ СОБИРАЊЕ ЗА КРАЈ",
		"LargestWinner":		"Најголем\nдобитник:",
		"NumberOfWinners":		"Број\nна добитници:",
		"LastWinner":			"Последен\nдобитник:",
		"totalBetLabel":		"ВКУПЕН ОБЛОГ",
		"totalWinLabel":		"ВКУПНА ДОБИВКА",
		"OnLostConnectionMessage":"<div>Ја изгубивте поврзаноста со серверот за играта.\nВе молиме притиснете го копчето OK за да излезете од играта и да се обидете да ја вчитате повторно подоцна.</div>",
		"DoubleWin":			" + ДУПЛИРАЊЕ НА МОМЕНТАЛНАТА ДОБИВКА",
		"selectScatterSymbol":"ОДБЕРЕТЕ РАСФРЛЕН СИМБОЛ",
		"attemptsLeft":        	"ОБИДИ\nЗАМИНА",
		"BonusBet": 			"БОНУС ОБЛОГ",
		"Roll":					"ФРЛИТЕ КОЦКИТЕ",
		"TakeWin":				"ЗЕМЕТЕ ДОБИВКА ЗА ДА\nИЗЛЕЗЕТЕ ОД ОПЦИЈАТА",
		"HoldOrRoll":			"ОДБЕРЕТЕ КОЦКИ ЗА\nЗАДРЖУВАЊЕ/ОТФРЛАЊЕ\nИЛИ ФРЛЕТЕ ГИ КОЦКИТЕ",
		"TakeWinOrRoll":		"ЗЕМЕТЕ ДОБИВКА ИЛИ\nФРЛЕТЕ ГИ КОЦКИТЕ",
		"BonusSpinsInfoPopUpTitle": "Bonus Spin mode",
		"BonusSpinsInfoPopUpContent": "Congratulations\nyou get {{remainingBonusSpins}} Bonus spins!\nGood Luck!",
		"BonusSpinsInfoPopUpButtonText": "Play Now",
		"BonusSpinsEnd_okPopUpTitle": "Bonus Mode has ended",
		"BonusSpinsEnd_okPopUpContent": "You have won {{totalWinAmount}}\n\nYou will be now playing with real money!",
		"BonusSpinsEnd_okPopUpButtonText": "OK",
		"BonusSpinsEnd_expiredPopUpTitle": "Bonus Mode has ended",
		"BonusSpinsEnd_expiredPopUpContent": "You have won {{totalWinAmount}}\n\nYou will be now playing with real money!",
		"BonusSpinsEnd_expiredPopUpButtonText": "OK",
		"BonusSpinsEnd_disabledPopUpTitle": "Bonus Mode is not available",
		"BonusSpinsEnd_disabledPopUpContent": "You will be now playing with real money!",
		"BonusSpinsEnd_disabledPopUpButtonText": "OK",
		"BonusSpinsEnd_bonusErrorPopUpTitle": "Bonus Mode is not available right now",
		"BonusSpinsEnd_bonusErrorPopUpContent": "You will be now playing with real money!",
		"BonusSpinsEnd_bonusErrorPopUpButtonText": "OK",
		"or":"или",
		"diamonds":"дијаманти",
		"FreeRespin": "ПОВТОРНО ЗАВРТУВАЊЕ"
	},
	"ro":
	{
		"MarkNumbers":			"MARCAȚI NUMERE ȘI APĂSAȚI PE START PENTRU JOC NOU",
		"Start":				"Start",
		"StopAll":				"Stop Toate",
		"Stop":					"Stop",
		"Collect":				"Colecta",
		"Select":				"Alegeţi",
		"Gamble":				"GAMBLE",
		"Win":					"CÂȘTIG",
		"LastWin":				"ULTIMUL CÂȘTIG",
		"Exit":					"Ieşire",
		"Help":					"AJUTOR",
		"Line":					"Linie",
		"Lines":				"LINII",
		"Ways":					"WAYS",
		"Red":					"ROȘU",
		"Black":				"NEGRU",
		"FreeSpin":				"ROTIRE GRATUITĂ",
		"BonusSpin":			"ROTIREA BONUS",
		"Of":					"DIN",
		"YouWin":				"AȚI CÂȘTIGAT",
		"AutoplaySettings":		"SETĂRI AUTOPLAY",
		"StopAutoplay":			"STOP AUTOPLAY",
		"BetSettings":			"SETĂRI PARIU",
		"CreditValue":			"VALOARE CREDIT",
		"GameSettings":			"SETĂRILE JOCULUI",
		"Paytable":				"TABEL DE PLATĂ",
		"BalanceDecreases": 	"Dacă soldul scade cu",
		"SingleWinExceeds": 	"Dacă un câștig unic depășește",
		"BalanceIncreases": 	"Dacă soldul crește cu",
		"LeftHandMode": 		"Modul mâna stânga",
		"AddValue": 			"Adăugare valoare",
		"NoConnection":			"FĂRĂ CONEXIUNE",
		"InsufficientBalance":	"FONDURI INSUFICIENTE",
		"PlaceBet":				"VĂ RUGĂM PLASAȚI PARIUL",
		"GoodLuck":				"MULT NOROC!",
		"Bet":					"PARIU",
		"Credit":				"CREDIT",
		"Balance":				"BALANȚĂ",
		"GambleAmount":			"SUMĂ GAMBLE",
		"GambleToWin":			"GAMBLE PENTRU CÂȘTIG",
		"GambleAttemptsLeft":	"ÎNCERCĂRI GAMBLE RĂMASE",
		"History":				"ISTORIC",
		"ChooseBox":			"CHOOSE BOX",
		"ChooseCard":			"ALEGEȚI CARTE",
		"JackpotCollect":		"APĂSAȚI COLECTARE ȘI FINALIZAȚI FUNCȚIA",
		"LargestWinner":		"Cel mai mare\ncâștigător:",
		"NumberOfWinners":		"Număr\nde câștigători:",
		"LastWinner":			"Ultimul câștigător:",
		"totalBetLabel":		"TOTAL PARIU",
		"totalWinLabel":		"TOTAL CÂŞTIG",
		"OnLostConnectionMessage":"<div>Ați pierdut conexiunea cu serverul de joc.\nVă rugăm apăsaţi butonul OK pentru a ieși din joc și încercați să îl reîncărcați mai târziu.</div>",
		"DoubleWin":			" + DUBLEAZĂ CÂȘTIGUL CURENT",
		"selectScatterSymbol":"SELECTAȚI UN SIMBOL SCATTER",
		"BonusBet": 			"PARIU BONUS",
		"attemptsLeft":        	"ÎNCERCĂRI\nSTÂNGA",
		"Roll":					"ARUNCA ZARURILE",
		"TakeWin":				"ACCEPTAȚI CÂȘTIGUL\nPENTRU A PĂRĂSI FUNCȚIA",
		"HoldOrRoll":			"SELECTAȚI ZARURI PENTR\nPĂSTRAT/RESPINS SAU\nARUNCAȚI ZARURILE",
		"TakeWinOrRoll":		"LUAȚI CÂȘTIGUL SAU\nARUNCAȚI ZARURILE",
		"BonusSpinsInfoPopUpTitle": "Modul Rotiri Bonus",
		"BonusSpinsInfoPopUpContent": "Felicitări\nați primit {{remainingBonusSpins}} rotiri bonus!\nMult noroc!",
		"BonusSpinsInfoPopUpButtonText": "Jucați acum",
		"BonusSpinsEnd_okPopUpTitle": "Modul Bonus a luat sfârșit",
		"BonusSpinsEnd_okPopUpContent": "Ați câștigat {{totalWinAmount}}\n\nJucați cu bani reali!",
		"BonusSpinsEnd_okPopUpButtonText": "OK",
		"BonusSpinsEnd_expiredPopUpTitle": "Modul Bonus a luat sfârșit",
		"BonusSpinsEnd_expiredPopUpContent": "Ați câștigat {{totalWinAmount}}\n\nJucați cu bani reali!",
		"BonusSpinsEnd_expiredPopUpButtonText": "OK",
		"BonusSpinsEnd_disabledPopUpTitle": "Modul Bonus nu este disponibil",
		"BonusSpinsEnd_disabledPopUpContent": "Jucați cu bani reali!",
		"BonusSpinsEnd_disabledPopUpButtonText": "OK",
		"BonusSpinsEnd_bonusErrorPopUpTitle": "Modul Bonus nu este disponibil acum",
		"BonusSpinsEnd_bonusErrorPopUpContent": "Jucați cu bani reali!",
		"BonusSpinsEnd_bonusErrorPopUpButtonText": "OK",
		"or":"sau",
		"diamonds":"diamante",
		"FreeRespin": "ROTIRE ADIȚIONALĂ"
	},
	"pt":
	{
		"MarkNumbers":			"MARK NUMBERS AND PRESS START FOR NEW GAME",
		"Start":				"Iniciar",
		"StopAll":				"Parar Tudo",
		"Stop":					"Parar",
		"Collect":				"Receber",
		"Select":				"Selecionar",
		"Gamble":				"APOSTAR",
		"Win":					"GANHO",
		"LastWin":				"ÚLTIMO PRÉMIO",
		"Exit":					"Sair",
		"Help":					"AJUDA",
		"Line":					"Linha",
		"Lines":				"LINHAS",
		"Ways":					"WAYS",
		"Red":					"VERMELHO",
		"Black":				"PRETO",
		"FreeSpin":				"RODADA GRÁTIS",
		"BonusSpin":			"BONUS SPIN",
		"Of":					"DE",
		"YouWin":				"GANHOU",
		"AutoplaySettings":		"DEFINIÇÕES DE JOGO AUTOMÁTICO",
		"StopAutoplay":			"PARAR JOGO AUTOMÁTICO",
		"BetSettings":			"DEFINIÇÕES DE APOSTA",
		"CreditValue":			"VALOR DE CRÉDITO",
		"GameSettings":			"DEFINIÇÕES DE JOGO",
		"Paytable":				"TABELA DE PAGAMENTOS",
		"BalanceDecreases": 	"Se o saldo diminuir em",
		"SingleWinExceeds": 	"Se um ganho único exceder",
		"BalanceIncreases": 	"Se o saldo aumentar em",
		"LeftHandMode": 		"Modo mão esquerda",
		"AddValue": 			"Adicionar valor",
		"NoConnection":			"SEM LIGAÇÃO",
		"InsufficientBalance":	"SALDO INSUFICIENTE",
		"PlaceBet":				"FAÇA A SUA APOSTA",
		"GoodLuck":				"BOA SORTE!",
		"Bet":					"APOSTA",
		"Credit":				"CRÉDITO",
		"Balance":				"SALDO",
		"GambleAmount":			"MONTANTE JOGADO",
		"GambleToWin":			"APOSTE PARA GANHAR",
		"GambleAttemptsLeft":	"TENTATIVAS DE APOSTA RESTANTES",
		"History":				"HISTÓRICO",
		"ChooseBox":			"CHOOSE BOX",
		"ChooseCard":			"ESCOLHER CARTA",
		"JackpotCollect":		"PRIMA RECEBER PARA FECHAR ESTA PARTIDA",
		"LargestWinner":		"Maior vencedor:",
		"NumberOfWinners":		"Número\nde vencedores:",
		"LastWinner":			"Último vencedor:",
		"totalBetLabel":		"APOSTA TOTAL",
		"totalWinLabel":		"PRÉMIO TOTAL",
		"attemptsLeft":        "ATTEMPTS\nLEFT",
		"BonusBet": 			"BONUS BET",
		"Roll":					"ROLL THE DICE",
		"TakeWin":				"TAKE WIN TO EXIT THE FEATURE",
		"HoldOrRoll":			"SELECT DICE TO HOLD/UNHOLD\n OR ROLL THE DICE",
		"TakeWinOrRoll":		"TAKE WIN OR ROLL THE DICE",
		"OnLostConnectionMessage":"<div>You have lost connection to the game server.\nPlease press OK button to exit the game and try to reload it later.</div>",
		"selectScatterSymbol":"SELECT A SCATTER SYMBOL",
		"BonusSpinsInfoPopUpTitle": "Bonus Spin mode",
		"BonusSpinsInfoPopUpContent": "Congratulations\nyou get {{remainingBonusSpins}} Bonus spins!\nGood Luck!",
		"BonusSpinsInfoPopUpButtonText": "Play Now",
		"BonusSpinsEnd_okPopUpTitle": "Bonus Mode has ended",
		"BonusSpinsEnd_okPopUpContent": "You have won {{totalWinAmount}}\n\nYou will be now playing with real money!",
		"BonusSpinsEnd_okPopUpButtonText": "OK",
		"BonusSpinsEnd_expiredPopUpTitle": "Bonus Mode has ended",
		"BonusSpinsEnd_expiredPopUpContent": "You have won {{totalWinAmount}}\n\nYou will be now playing with real money!",
		"BonusSpinsEnd_expiredPopUpButtonText": "OK",
		"BonusSpinsEnd_disabledPopUpTitle": "Bonus Mode is not available",
		"BonusSpinsEnd_disabledPopUpContent": "You will be now playing with real money!",
		"BonusSpinsEnd_disabledPopUpButtonText": "OK",
		"BonusSpinsEnd_bonusErrorPopUpTitle": "Bonus Mode is not available right now",
		"BonusSpinsEnd_bonusErrorPopUpContent": "You will be now playing with real money!",
		"BonusSpinsEnd_bonusErrorPopUpButtonText": "OK",
		"or":"or",
		"diamonds":"diamonds"
	},
	"it":
	{
		"MarkNumbers":			"MARK NUMBERS AND PRESS START FOR NEW GAME",
		"Start":				"Inizia",
		"StopAll":				"Stop Tutto",
		"Stop":					"Stop",
		"Collect":				"Raccogli",
		"Select":				"Seleziona",
		"Gamble":				"RADDOPPIA",
		"Win":					"VINCITA",
		"LastWin":				"ULTIMA VINCITA",
		"Exit":					"Uscita",
		"Help":					"AIUTO",
		"Line":					"Linea",
		"Lines":				"LINEE",
		"Ways":					"WAYS",
		"Red":					"ROSSO",
		"Black":				"NERO",
		"FreeSpin":				"GIRO GRATIS",
		"BonusSpin":			"BONUS SPIN",
		"Of":					"DI",
		"YouWin":				"HAI VINTO",
		"AutoplaySettings":		"IMPOSTAZIONI AUTOGIOCO",
		"StopAutoplay":			"STOP AUTOGIOCO",
		"BetSettings":			"IMPOSTAZIONI PUNTATE",
		"CreditValue":			"VALORE CREDITO",
		"GameSettings":			"IMPOSTAZIONI DI GIOCO",
		"Paytable":				"TABELLA PAGAMENTI",
		"BalanceDecreases": 	"Se il saldo diminuisce di",
		"SingleWinExceeds": 	"Se una singola vincita supera",
		"BalanceIncreases": 	"Se il saldo aumenta di",
		"LeftHandMode": 		"Modalità mancina",
		"AddValue": 			"Aggiungi valore",
		"NoConnection":			"CONNESSIONE ASSENTE",
		"InsufficientBalance":	"SALDO INSUFFICIENTE",
		"PlaceBet":				"FAI LA TUA PUNTATA",
		"GoodLuck":				"BUONA FORTUNA!",
		"Bet":					"PUNTATA",
		"Credit":				"CREDITO",
		"Balance":				"SALDO",
		"GambleAmount":			"IMPORTO RADDOPPIO",
		"GambleToWin":			"RADDOPPIA PER VINCERE",
		"GambleAttemptsLeft":	"TENTATIVI DI RADDOPPIO RIMASTI",
		"History":				"CRONOLOGIA",
		"ChooseBox":			"CHOOSE BOX",
		"ChooseCard":			"SELEZIONA CARTA",
		"JackpotCollect":		"PREMA RACCOGLI PER TERMINARE LA FUNZIONE",
		"LargestWinner":		"Vincitore\nMaggiore:",
		"NumberOfWinners":		"Numero\ndi vincitori:",
		"LastWinner":			"Ultimo Vincitore:",
		"totalBetLabel":		"TOTALE PUNTATA",
		"attemptsLeft":        "ATTEMPTS\nLEFT",
		"Roll":					"ROLL THE DICE",
		"BonusBet": 			"BONUS BET",
		"TakeWin":				"TAKE WIN TO EXIT THE FEATURE",
		"HoldOrRoll":			"SELECT DICE TO HOLD/UNHOLD\n OR ROLL THE DICE",
		"TakeWinOrRoll":		"TAKE WIN OR ROLL THE DICE",
		"totalWinLabel":		"VINCITA TOTALE",
		"OnLostConnectionMessage":"<div>You have lost connection to the game server.\nPlease press OK button to exit the game and try to reload it later.</div>",
		"selectScatterSymbol":"SELECT A SCATTER SYMBOL",
		"BonusSpinsInfoPopUpTitle": "Bonus Spin mode",
		"BonusSpinsInfoPopUpContent": "Congratulations\nyou get {{remainingBonusSpins}} Bonus spins!\nGood Luck!",
		"BonusSpinsInfoPopUpButtonText": "Play Now",
		"BonusSpinsEnd_okPopUpTitle": "Bonus Mode has ended",
		"BonusSpinsEnd_okPopUpContent": "You have won {{totalWinAmount}}\n\nYou will be now playing with real money!",
		"BonusSpinsEnd_okPopUpButtonText": "OK",
		"BonusSpinsEnd_expiredPopUpTitle": "Bonus Mode has ended",
		"BonusSpinsEnd_expiredPopUpContent": "You have won {{totalWinAmount}}\n\nYou will be now playing with real money!",
		"BonusSpinsEnd_expiredPopUpButtonText": "OK",
		"BonusSpinsEnd_disabledPopUpTitle": "Bonus Mode is not available",
		"BonusSpinsEnd_disabledPopUpContent": "You will be now playing with real money!",
		"BonusSpinsEnd_disabledPopUpButtonText": "OK",
		"BonusSpinsEnd_bonusErrorPopUpTitle": "Bonus Mode is not available right now",
		"BonusSpinsEnd_bonusErrorPopUpContent": "You will be now playing with real money!",
		"BonusSpinsEnd_bonusErrorPopUpButtonText": "OK",
		"or":"or",
		"diamonds":"diamonds"
	},
	"da":
	{
		"MarkNumbers":			"MARK NUMBERS AND PRESS START FOR NEW GAME",
		"Start":				"Start",
		"StopAll":				"Stop Alle",
		"Stop":					"Stop",
		"Collect":				"Indsaml",
		"Select":				"Vælg",
		"Gamble":				"GAMBLE",
		"Win":					"GEVINST",
		"LastWin":				"SIDSTE GEVINST",
		"Exit":					"Exit",
		"Help":					"HJÆLP",
		"Line":					"Linje",
		"Lines":				"LINJER",
		"Ways":					"WAYS",
		"Red":					"RØD",
		"Black":				"SORT",
		"FreeSpin":				"GRATIS SPIN",
		"BonusSpin":			"BONUS SPIN",
		"Of":					"UD AF",
		"YouWin":				"DU VINDER",
		"AutoplaySettings":		"AUTOSPILINDSTILLINGER",
		"StopAutoplay":			"STOP AUTOSPIL",
		"BetSettings":			"INDSATSINDSTILLINGER",
		"CreditValue":			"KREDITVÆRDI",
		"GameSettings":			"SPILINDSTILLINGER",
		"Paytable":				"UDBETALINGSTABEL",
		"BalanceDecreases": 	"Hvis saldo falder med",
		"SingleWinExceeds": 	"Hvis enkelt gevinst overstiger",
		"BalanceIncreases": 	"Hvis saldo stiger med",
		"LeftHandMode": 		"Venstrehåndstilstand",
		"AddValue": 			"Tilføj værdi",
		"NoConnection":			"INGEN FORBINDELSE",
		"InsufficientBalance":	"UTILSTRÆKKELIG SALDO",
		"PlaceBet":				"FORETAG DIN INDSATS",
		"GoodLuck":				"HELD OG LYKKE!",
		"Bet":					"INDSATS",
		"Credit":				"KREDIT",
		"Balance":				"SALDO",
		"GambleAmount":			"GAMBLE-BELØB",
		"GambleToWin":			"GAMBLE AT VINDE",
		"GambleAttemptsLeft":	"GAMBLE-FORSØG TILBAGE",
		"History":				"HISTORIK",
		"ChooseBox":			"CHOOSE BOX",
		"ChooseCard":			"VÆLG KORT",
		"JackpotCollect":		"TRYK INDSAML FOR AT AFSLUTTE FUNKTIONEN",
		"LargestWinner":		"Største\nvinder:",
		"NumberOfWinners":		"Antallet\naf vindere:",
		"LastWinner":			"Sidste vinder:",
		"totalBetLabel":		"SAMLET INDSATS",
		"totalWinLabel":		"SAMLET GEVINST",
		"attemptsLeft":        "ATTEMPTS\nLEFT",
		"Roll":					"ROLL THE DICE",
		"BonusBet": 			"BONUS BET",
		"TakeWin":				"TAKE WIN TO EXIT THE FEATURE",
		"HoldOrRoll":			"SELECT DICE TO HOLD/UNHOLD\n OR ROLL THE DICE",
		"TakeWinOrRoll":		"TAKE WIN OR ROLL THE DICE",
		"OnLostConnectionMessage":"<div>You have lost connection to the game server.\nPlease press OK button to exit the game and try to reload it later.</div>",
		"selectScatterSymbol":"SELECT A SCATTER SYMBOL",
		"BonusSpinsInfoPopUpTitle": "Bonus Spin mode",
		"BonusSpinsInfoPopUpContent": "Congratulations\nyou get {{remainingBonusSpins}} Bonus spins!\nGood Luck!",
		"BonusSpinsInfoPopUpButtonText": "Play Now",
		"BonusSpinsEnd_okPopUpTitle": "Bonus Mode has ended",
		"BonusSpinsEnd_okPopUpContent": "You have won {{totalWinAmount}}\n\nYou will be now playing with real money!",
		"BonusSpinsEnd_okPopUpButtonText": "OK",
		"BonusSpinsEnd_expiredPopUpTitle": "Bonus Mode has ended",
		"BonusSpinsEnd_expiredPopUpContent": "You have won {{totalWinAmount}}\n\nYou will be now playing with real money!",
		"BonusSpinsEnd_expiredPopUpButtonText": "OK",
		"BonusSpinsEnd_disabledPopUpTitle": "Bonus Mode is not available",
		"BonusSpinsEnd_disabledPopUpContent": "You will be now playing with real money!",
		"BonusSpinsEnd_disabledPopUpButtonText": "OK",
		"BonusSpinsEnd_bonusErrorPopUpTitle": "Bonus Mode is not available right now",
		"BonusSpinsEnd_bonusErrorPopUpContent": "You will be now playing with real money!",
		"BonusSpinsEnd_bonusErrorPopUpButtonText": "OK",
		"or":"or",
		"diamonds":"diamonds"
	},
	"hu":
	{
		"MarkNumbers":			"MARK NUMBERS AND PRESS START FOR NEW GAME",
		"Start":				"Start",
		"StopAll":				"Mind Állj",
		"Stop":					"Állj",
		"Collect":				"Kifizetés",
		"Select":				"Kiválasztás",
		"Gamble":				"DUPLÁZÁS",
		"Win":					"NYEREMÉNY",
		"LastWin":				"UTOLSÓ NYEREMÉNY",
		"Exit":					"Kilépés",
		"Help":					"SÚGÓ",
		"Line":					"Vonal",
		"Lines":				"VONALAK",
		"Ways":					"WAYS",
		"Red":					"PIROS",
		"Black":				"FEKETE",
		"FreeSpin":				"SZABADJÁTÉK",
		"BonusSpin":			"BONUS SPIN",
		"Of":					"/",
		"YouWin":				"ÖN NYERT",
		"AutoplaySettings":		"AUTOMATIKUS LEJÁTSZÁS BEÁLLÍTÁSAI",
		"StopAutoplay":			"AUTOMATIKUS JÁTÉK LEÁLLÍTÁSA",
		"BetSettings":			"TÉT BEÁLLÍTÁSOK",
		"CreditValue":			"KREDIT ÉRTÉK",
		"GameSettings":			"JÁTÉKBEÁLLÍTÁSOK",
		"Paytable":				"NYEREMÉNYTÁBLA",
		"BalanceDecreases": 	"Ha az egyenleg ennyivel csökken",
		"SingleWinExceeds": 	"Ha egyetlen nyeremény több, mint",
		"BalanceIncreases": 	"Ha az egyenleg ennyivel növekszik",
		"LeftHandMode": 		"Balkezes mód",
		"AddValue": 			"Érték hozzáadása",
		"NoConnection":			"NEM CSATLAKOZIK",
		"InsufficientBalance":	"NINCS ELEGENDŐ PÉNZ AZ EGYENLEGÉN",
		"PlaceBet":				"TEGYE MEG A TÉTET",
		"GoodLuck":				"SOK SZERENCSÉT!",
		"Bet":					"TÉT",
		"Credit":				"KREDIT",
		"Balance":				"EGYENLEG",
		"GambleAmount":			"DUPLÁZÁS ÖSSZEGE",
		"GambleToWin":			"DUPLÁZÁS NYEREMÉNYE",
		"GambleAttemptsLeft":	"HÁTRALÉVŐ DUPLÁZÁSI LEHETŐSÉG",
		"History":				"ELŐZŐ LAPOK",
		"ChooseBox":			"CHOOSE BOX",
		"ChooseCard":			"VÁLASSZON KÁRTYÁT",
		"JackpotCollect":		"NYOMJA MEG A KIFIZETÉST A BEFEJEZÉSÉHEZ",
		"LargestWinner":		"A legnagyobb\nnyertes:",
		"NumberOfWinners":		"Száma\nnyertesek:",
		"LastWinner":			"Utolsó győztes:",
		"totalBetLabel":		"TELJES TÉT",
		"totalWinLabel":		"TELJES NYEREMÉNY",
		"MinBet":				"MIN. BET",
		"MaxBet":				"MAX. BET",
		"DealerScore":			"DEALER SCORE:",
		"GameOver":				"GAME OVER",
		"DealerPlay":			"DEALER PLAY",
		"DoubleWin":			" + DOUBLES THE CURRENT WIN",
		"OnLostConnectionMessage":"<div>You have lost connection to the game server.\nPlease press OK button to exit the game and try to reload it later.</div>",
		"selectScatterSymbol":"SELECT A SCATTER SYMBOL",
		"attemptsLeft":        "ATTEMPTS\nLEFT",
		"BonusBet": 			"BONUS BET",
		"Roll":					"ROLL THE DICE",
		"TakeWin":				"TAKE WIN TO EXIT THE FEATURE",
		"HoldOrRoll":			"SELECT DICE TO HOLD/UNHOLD\n OR ROLL THE DICE",
		"TakeWinOrRoll":		"TAKE WIN OR ROLL THE DICE",
		"BonusSpinsInfoPopUpTitle": "Bonus Spin mode",
		"BonusSpinsInfoPopUpContent": "Congratulations\nyou get {{remainingBonusSpins}} Bonus spins!\nGood Luck!",
		"BonusSpinsInfoPopUpButtonText": "Play Now",
		"BonusSpinsEnd_okPopUpTitle": "Bonus Mode has ended",
		"BonusSpinsEnd_okPopUpContent": "You have won {{totalWinAmount}}\n\nYou will be now playing with real money!",
		"BonusSpinsEnd_okPopUpButtonText": "OK",
		"BonusSpinsEnd_expiredPopUpTitle": "Bonus Mode has ended",
		"BonusSpinsEnd_expiredPopUpContent": "You have won {{totalWinAmount}}\n\nYou will be now playing with real money!",
		"BonusSpinsEnd_expiredPopUpButtonText": "OK",
		"BonusSpinsEnd_disabledPopUpTitle": "Bonus Mode is not available",
		"BonusSpinsEnd_disabledPopUpContent": "You will be now playing with real money!",
		"BonusSpinsEnd_disabledPopUpButtonText": "OK",
		"BonusSpinsEnd_bonusErrorPopUpTitle": "Bonus Mode is not available right now",
		"BonusSpinsEnd_bonusErrorPopUpContent": "You will be now playing with real money!",
		"BonusSpinsEnd_bonusErrorPopUpButtonText": "OK",
		"or":"or",
		"diamonds":"diamonds"
	},
	"sv":
	{
		"Start":				"Start",
		"StopAll":				"Stoppa Allt",
		"Stop":					"Stop",
		"Collect":				"Hämta",
		"Select":				"Välj",
		"Gamble":				"GAMBLE",
		"Win":					"VINST",
		"LastWin":				"SENASTE VINSTEN",
		"Exit":					"Avsluta",
		"Help":					"HJÄLP",
		"Line":					"Linje",
		"Lines":				"LINJER",
		"Ways":					"WAYS",
		"Red":					"RÖD",
		"Black":				"SVART",
		"FreeSpin":				"FREESPIN",
		"BonusSpin":			"BONUS SPIN",
		"Of":					"OF",
		"YouWin":				"DU VINNER",
		"AutoplaySettings":		"INSTÄLLNINGAR FÖR AUTOPLAY",
		"StopAutoplay":			"STOPPA AUTOSPEL",
		"BetSettings":			"INSATS-INSTÄLLNING",
		"CreditValue":			"KREDITVÄRDE",
		"GameSettings":			"SPELINSTÄLLNINGAR",
		"Paytable":				"VINSTTAVLA",
		"BalanceDecreases": 	"Om saldot minskar med",
		"SingleWinExceeds": 	"Om enskild vinst överstiger",
		"BalanceIncreases": 	"Om saldot ökar med",
		"LeftHandMode": 		"Vänsterhandsläge",
		"AddValue": 			"Lägg till värde",
		"NoConnection":			"UPPKOPPLING SAKNAS",
		"InsufficientBalance":	"EJ TILLRÄCKLIGT PÅ KONTOT",
		"PlaceBet":				"LÄGG DIN INSATS",
		"GoodLuck":				"LYCKA TILL!",
		"Bet":					"Insats",
		"Credit":				"KREDIT",
		"Balance":				"SUMMA",
		"GambleAmount":			"GAMBLE-SUMMA",
		"GambleToWin":			"SPELA FÖR ATT VINNA",
		"GambleAttemptsLeft":	"GAMBLE-FÖRSÖK KVAR",
		"History":				"HISTORIK",
		"ChooseCard":			"VÄLJ KORT",
		"ChooseBox":			"CHOOSE BOX",
		"JackpotCollect":		"KLICKA PÅ HÄMTA FÖR ATT AVSLUTA",
		"LargestWinner":		"Största vinnaren:",
		"NumberOfWinners":		"Antal\nvinnare:",
		"LastWinner":			"Senaste vinnaren:",
		"totalBetLabel":		"TOTAL INSATS",
		"totalWinLabel":		"TOTAL WIN",
		"MinBet":				"MIN. BET",
		"MaxBet":				"MAX. BET",
		"DealerScore":			"DEALER SCORE:",
		"GameOver":				"GAME OVER",
		"DealerPlay":			"DEALER PLAY",
		"DoubleWin":			" + DOUBLES THE CURRENT WIN",
		"OnLostConnectionMessage":"<div>You have lost connection to the game server.\nPlease press OK button to exit the game and try to reload it later.</div>",
		"selectScatterSymbol": "SELECT A SCATTER SYMBOL",
		"attemptsLeft":        "ATTEMPTS\nLEFT",
		"BonusBet": 			"BONUS BET",
		"Roll":					"ROLL THE DICE",
		"TakeWin":				"TAKE WIN TO EXIT THE FEATURE",
		"HoldOrRoll":			"SELECT DICE TO HOLD/UNHOLD\n OR ROLL THE DICE",
		"TakeWinOrRoll":		"TAKE WIN OR ROLL THE DICE",
		"BonusSpinsInfoPopUpTitle": "Bonus Spin mode",
		"BonusSpinsInfoPopUpContent": "Congratulations\nyou get {{remainingBonusSpins}} Bonus spins!\nGood Luck!",
		"BonusSpinsInfoPopUpButtonText": "Play Now",
		"BonusSpinsEnd_okPopUpTitle": "Bonus Mode has ended",
		"BonusSpinsEnd_okPopUpContent": "You have won {{totalWinAmount}}\n\nYou will be now playing with real money!",
		"BonusSpinsEnd_okPopUpButtonText": "OK",
		"BonusSpinsEnd_expiredPopUpTitle": "Bonus Mode has ended",
		"BonusSpinsEnd_expiredPopUpContent": "You have won {{totalWinAmount}}\n\nYou will be now playing with real money!",
		"BonusSpinsEnd_expiredPopUpButtonText": "OK",
		"BonusSpinsEnd_disabledPopUpTitle": "Bonus Mode is not available",
		"BonusSpinsEnd_disabledPopUpContent": "You will be now playing with real money!",
		"BonusSpinsEnd_disabledPopUpButtonText": "OK",
		"BonusSpinsEnd_bonusErrorPopUpTitle": "Bonus Mode is not available right now",
		"BonusSpinsEnd_bonusErrorPopUpContent": "You will be now playing with real money!",
		"BonusSpinsEnd_bonusErrorPopUpButtonText": "OK",
		"or":"or",
		"diamonds":"diamonds"
	},
	"de":
	{
		"MarkNumbers":			"MARK NUMBERS AND PRESS START FOR NEW GAME",
		"Start":				"Start",
		"StopAll":				"Alles Stoppen",
		"Stop":					"Stop",
		"Collect":				"Sammeln",
		"Select":				"Auswählen",
		"Gamble":				"Spielen",
		"Win":					"Gewinn",
		"LastWin":				"LETZTER GEWINN",
		"Exit":					"Verlassen",
		"Help":					"HILFE",
		"Line":					"Linie",
		"Lines":				"LINIEN",
		"Ways":					"WAYS",
		"Red":					"ROT",
		"Black":				"SCHWARZ",
		"FreeSpin":				"FREE SPIN",
		"BonusSpin":			"BONUS SPIN",
		"Of":					"OF",
		"YouWin":				"SIE GEWINNEN",
		"AutoplaySettings":		"AUTOPLAY-EINSTELLUNGEN",
		"StopAutoplay":			"AUTOSPIEL STOPPEN",
		"BetSettings":			"WETTEINSTELLUNGEN",
		"CreditValue":			"GUTHABENWERT",
		"GameSettings":			"SPIELEINSTELLUNGEN",
		"Paytable":				"AUSZAHLUNGSTABELLE",
		"BalanceDecreases": 	"Sinkt das Guthaben um",
		"SingleWinExceeds": 	"Liegt ein einzelner Gewinn über",
		"BalanceIncreases": 	"Steigt das Guthaben um",
		"LeftHandMode": 		"Linkshänder-Modus",
		"AddValue": 			"Guthaben hinzufügen",
		"NoConnection":			"KEINE VERBINDUNG",
		"InsufficientBalance":	"NICHT GENÜGEND GUTHABEN",
		"PlaceBet":				"BITTE MACHEN SIE IHREN EINSATZ",
		"GoodLuck":				"VIEL GLÜCK!",
		"Bet":					"Einsatz",
		"Credit":				"CREDIT",
		"Balance":				"GUTHABEN",
		"GambleAmount":			"SPIELBETRAG",
		"GambleToWin":			"SPIELEN, UM ZU GEWINNEN",
		"GambleAttemptsLeft":	"VERBLEIBENDE SPIELVERSUCHE",
		"History":				"HISTORIE",
		"ChooseCard":			"KARTE WÄHLEN",
		"ChooseBox":			"CHOOSE BOX",
		"JackpotCollect":		"SAMMELN DRÜCKEN, UM FEATURE ZU BEENDEN",
		"LargestWinner":		"Höchster Gewinn:",
		"NumberOfWinners":		"Anzahl\nvon Gewinnern:",
		"LastWinner":			"Letzter Gewinner:",
		"totalBetLabel":		"GESAMTEINSATZ",
		"totalWinLabel":		"TOTAL WIN",
		"MinBet":				"MIN. BET",
		"MaxBet":				"MAX. BET",
		"DealerScore":			"DEALER SCORE:",
		"GameOver":				"GAME OVER",
		"DealerPlay":			"DEALER PLAY",
		"DoubleWin":			" + DOUBLES THE CURRENT WIN",
		"OnLostConnectionMessage":"<div>You have lost connection to the game server.\nPlease press OK button to exit the game and try to reload it later.</div>",
		"selectScatterSymbol":"SELECT A SCATTER SYMBOL",
		"attemptsLeft":        "ATTEMPTS\nLEFT",
		"BonusBet": 			"BONUS BET",
		"Roll":					"ROLL THE DICE",
		"TakeWin":				"TAKE WIN TO EXIT THE FEATURE",
		"HoldOrRoll":			"SELECT DICE TO HOLD/UNHOLD\n OR ROLL THE DICE",
		"TakeWinOrRoll":		"TAKE WIN OR ROLL THE DICE",
		"BonusSpinsInfoPopUpTitle": "Bonus Spin mode",
		"BonusSpinsInfoPopUpContent": "Congratulations\nyou get {{remainingBonusSpins}} Bonus spins!\nGood Luck!",
		"BonusSpinsInfoPopUpButtonText": "Play Now",
		"BonusSpinsEnd_okPopUpTitle": "Bonus Mode has ended",
		"BonusSpinsEnd_okPopUpContent": "You have won {{totalWinAmount}}\n\nYou will be now playing with real money!",
		"BonusSpinsEnd_okPopUpButtonText": "OK",
		"BonusSpinsEnd_expiredPopUpTitle": "Bonus Mode has ended",
		"BonusSpinsEnd_expiredPopUpContent": "You have won {{totalWinAmount}}\n\nYou will be now playing with real money!",
		"BonusSpinsEnd_expiredPopUpButtonText": "OK",
		"BonusSpinsEnd_disabledPopUpTitle": "Bonus Mode is not available",
		"BonusSpinsEnd_disabledPopUpContent": "You will be now playing with real money!",
		"BonusSpinsEnd_disabledPopUpButtonText": "OK",
		"BonusSpinsEnd_bonusErrorPopUpTitle": "Bonus Mode is not available right now",
		"BonusSpinsEnd_bonusErrorPopUpContent": "You will be now playing with real money!",
		"BonusSpinsEnd_bonusErrorPopUpButtonText": "OK",
		"or":"or",
		"diamonds":"diamonds"
	}
}