{"frames": {

"cardBackBlack.png":
{
	"frame": {"x":1,"y":1,"w":157,"h":218},
	"rotated": false,
	"trimmed": false,
	"spriteSourceSize": {"x":0,"y":0,"w":157,"h":218},
	"sourceSize": {"w":157,"h":218},
	"pivot": {"x":0.5,"y":0.5}
},
"cardBackRed.png":
{
	"frame": {"x":160,"y":1,"w":157,"h":218},
	"rotated": false,
	"trimmed": false,
	"spriteSourceSize": {"x":0,"y":0,"w":157,"h":218},
	"sourceSize": {"w":157,"h":218},
	"pivot": {"x":0.5,"y":0.5}
},
"cardFront0.png":
{
	"frame": {"x":319,"y":1,"w":157,"h":218},
	"rotated": false,
	"trimmed": false,
	"spriteSourceSize": {"x":0,"y":0,"w":157,"h":218},
	"sourceSize": {"w":157,"h":218},
	"pivot": {"x":0.5,"y":0.5}
},
"cardFront1.png":
{
	"frame": {"x":478,"y":1,"w":157,"h":218},
	"rotated": false,
	"trimmed": false,
	"spriteSourceSize": {"x":0,"y":0,"w":157,"h":218},
	"sourceSize": {"w":157,"h":218},
	"pivot": {"x":0.5,"y":0.5}
},
"cardFront2.png":
{
	"frame": {"x":637,"y":1,"w":157,"h":218},
	"rotated": false,
	"trimmed": false,
	"spriteSourceSize": {"x":0,"y":0,"w":157,"h":218},
	"sourceSize": {"w":157,"h":218},
	"pivot": {"x":0.5,"y":0.5}
},
"cardFront3.png":
{
	"frame": {"x":796,"y":1,"w":157,"h":218},
	"rotated": false,
	"trimmed": false,
	"spriteSourceSize": {"x":0,"y":0,"w":157,"h":218},
	"sourceSize": {"w":157,"h":218},
	"pivot": {"x":0.5,"y":0.5}
},
"gambleButtonDown.png":
{
	"frame": {"x":1,"y":221,"w":181,"h":25},
	"rotated": false,
	"trimmed": false,
	"spriteSourceSize": {"x":0,"y":0,"w":181,"h":25},
	"sourceSize": {"w":181,"h":25},
	"pivot": {"x":0.5,"y":0.5}
},
"gambleButtonUp.png":
{
	"frame": {"x":184,"y":221,"w":181,"h":25},
	"rotated": false,
	"trimmed": false,
	"spriteSourceSize": {"x":0,"y":0,"w":181,"h":25},
	"sourceSize": {"w":181,"h":25},
	"pivot": {"x":0.5,"y":0.5}
},
"gambleWinText.png":
{
	"frame": {"x":367,"y":221,"w":351,"h":62},
	"rotated": false,
	"trimmed": false,
	"spriteSourceSize": {"x":0,"y":0,"w":351,"h":62},
	"sourceSize": {"w":351,"h":62},
	"pivot": {"x":0.5,"y":0.5}
},
"halfBlackButtonDown.png":
{
	"frame": {"x":720,"y":221,"w":91,"h":25},
	"rotated": false,
	"trimmed": false,
	"spriteSourceSize": {"x":0,"y":0,"w":91,"h":25},
	"sourceSize": {"w":91,"h":25},
	"pivot": {"x":0.5,"y":0.5}
},
"halfBlackButtonUp.png":
{
	"frame": {"x":813,"y":221,"w":91,"h":25},
	"rotated": false,
	"trimmed": false,
	"spriteSourceSize": {"x":0,"y":0,"w":91,"h":25},
	"sourceSize": {"w":91,"h":25},
	"pivot": {"x":0.5,"y":0.5}
},
"halfRedButtonDown.png":
{
	"frame": {"x":906,"y":221,"w":90,"h":25},
	"rotated": false,
	"trimmed": false,
	"spriteSourceSize": {"x":0,"y":0,"w":90,"h":25},
	"sourceSize": {"w":90,"h":25},
	"pivot": {"x":0.5,"y":0.5}
},
"halfRedButtonUp.png":
{
	"frame": {"x":1,"y":285,"w":90,"h":25},
	"rotated": false,
	"trimmed": false,
	"spriteSourceSize": {"x":0,"y":0,"w":90,"h":25},
	"sourceSize": {"w":90,"h":25},
	"pivot": {"x":0.5,"y":0.5}
},
"yellowGambleButton.png":
{
	"frame": {"x":93,"y":285,"w":213,"h":112},
	"rotated": false,
	"trimmed": false,
	"spriteSourceSize": {"x":0,"y":0,"w":213,"h":112},
	"sourceSize": {"w":213,"h":112},
	"pivot": {"x":0.5,"y":0.5}
},
"yellowGambleButtonDown.png":
{
	"frame": {"x":308,"y":285,"w":213,"h":112},
	"rotated": false,
	"trimmed": false,
	"spriteSourceSize": {"x":0,"y":0,"w":213,"h":112},
	"sourceSize": {"w":213,"h":112},
	"pivot": {"x":0.5,"y":0.5}
}},
"meta": {
	"app": "http://www.codeandweb.com/texturepacker",
	"version": "1.0",
	"image": "gambleResources.png",
	"format": "RGBA8888",
	"size": {"w":1024,"h":1024},
	"scale": "1",
	"smartupdate": "$TexturePacker:SmartUpdate:7a758103b5dcb79b17a5ae4c19144dcf:29508d98585c97092b331b57abc26d8d:f743a6d89fe34373038e445f7b05848a$"
}
}
