{"children":[{"children":[{"children":[{"type":"image","x":0,"y":0,"width":480,"height":540,"name":"leftDoorLight","picID":"light.png","movable":true,"visible":true,"scale":1,"id":"leftDoorLight"}],"type":"image","x":0,"y":0,"width":480,"height":540,"name":"leftDoor","picID":"door.png","movable":true,"visible":true,"scale":1,"id":"leftDoor"},{"children":[{"type":"image","x":0,"y":0,"width":480,"height":540,"name":"rightDoorLight","picID":"light.png","movable":true,"visible":true,"scale":1,"id":"rightDoorLight"}],"type":"image","x":0,"y":0,"width":480,"height":540,"name":"rightDoor","picID":"door.png","movable":true,"visible":true,"scale":1,"id":"rightDoor"}],"type":"rectangle","x":0,"y":0,"width":1280,"height":720,"fillColor":16727615,"scale":1,"strokeColor":1378570,"strokeWidth":0,"name":"doorsContainer","movable":true,"visible":false,"graphicsAlpha":0,"id":"doorsContainer"},{"children":[{"type":"image","x":0,"y":0,"width":960,"height":540,"name":"congratulations","picID":"congrats_intro.png","movable":true,"visible":true,"scale":1,"id":"congratulations"},{"children":[{"type":"image","x":0,"y":0,"width":960,"height":540,"name":"youWin","picID":"text_intro.png","movable":true,"visible":true,"scale":1,"id":"youWin"}],"type":"rectangle","x":0,"y":0,"width":1280,"height":720,"fillColor":16727615,"scale":1,"strokeColor":1378570,"strokeWidth":0,"name":"introTextBottomContainer","movable":true,"visible":false,"graphicsAlpha":0,"id":"introTextBottomContainer"}],"type":"rectangle","x":0,"y":0,"width":1280,"height":720,"fillColor":16727615,"scale":1,"strokeColor":1378570,"strokeWidth":0,"name":"introContainer","movable":true,"visible":false,"graphicsAlpha":0,"id":"introContainer"},{"children":[{"type":"image","x":0,"y":0,"width":960,"height":540,"name":"congratulations","picID":"congrats_retrigger.png","movable":true,"visible":true,"scale":1,"id":"congratulations"},{"children":[{"type":"image","x":0,"y":0,"width":960,"height":540,"name":"youRetriggered","picID":"text_retrigger.png","movable":true,"visible":true,"scale":1,"id":"youRetriggered"}],"type":"rectangle","x":0,"y":0,"width":1280,"height":720,"fillColor":16727615,"scale":1,"strokeColor":1378570,"strokeWidth":0,"name":"retriggerTextBottomContainer","movable":true,"visible":false,"graphicsAlpha":0,"id":"retriggerTextBottomContainer"}],"type":"rectangle","x":0,"y":0,"width":1280,"height":720,"fillColor":16727615,"scale":1,"strokeColor":1378570,"strokeWidth":0,"name":"retriggerContainer","movable":true,"visible":false,"graphicsAlpha":0,"id":"retriggerContainer"},{"children":[{"type":"image","x":0,"y":0,"width":960,"height":540,"name":"en_outro","picID":"outro.png","movable":true,"visible":true,"scale":1,"id":""},{"children":[{"type":"BText","x":272,"y":291,"fontSize":88,"name":"winAmount","scale":1,"text":"0.75 EUR","id":"winAmount","fontFamily":"totalAlphabet","align":"left","movable":true,"visible":true}],"type":"rectangle","x":0,"y":0,"width":960,"height":540,"fillColor":16727615,"scale":1,"strokeColor":1378570,"strokeWidth":0,"name":"outroTextBottomContainer","movable":true,"visible":true,"graphicsAlpha":0,"id":"outroTextBottomContainer"}],"type":"rectangle","x":0,"y":0,"width":1280,"height":720,"fillColor":16727615,"scale":1,"strokeColor":1378570,"strokeWidth":0,"name":"outroContainer","movable":true,"visible":false,"graphicsAlpha":0,"id":"outroContainer"},{"type":"image","x":299,"y":207,"width":362,"height":143,"name":"pressStartOff","picID":"pressStartOff.png","movable":true,"visible":false,"scale":1,"id":"pressStartOff"},{"type":"image","x":299,"y":207,"width":362,"height":143,"name":"pressStartOn","picID":"pressStartOn.png","movable":true,"visible":true,"scale":1,"id":"pressStartOn"}],"resources":["freespinResources_ro.json","freespinResources.json","pressStart_ro.json"],"fontNames":[],"videos":[],"bitmapFonts":["totalAlphabet"],"fontStyles":[]}