{"frames": {

"clubPanel.png":
{
	"frame": {"x":745,"y":1,"w":105,"h":40},
	"rotated": false,
	"trimmed": false,
	"spriteSourceSize": {"x":0,"y":0,"w":105,"h":40},
	"sourceSize": {"w":105,"h":40}
},
"clubPanel_portrait.png":
{
	"frame": {"x":1,"y":1,"w":225,"h":36},
	"rotated": false,
	"trimmed": false,
	"spriteSourceSize": {"x":0,"y":0,"w":225,"h":36},
	"sourceSize": {"w":225,"h":36}
},
"diamondPanel.png":
{
	"frame": {"x":604,"y":1,"w":139,"h":40},
	"rotated": false,
	"trimmed": false,
	"spriteSourceSize": {"x":0,"y":0,"w":139,"h":40},
	"sourceSize": {"w":139,"h":40}
},
"diamondPanel_portrait.png":
{
	"frame": {"x":228,"y":1,"w":225,"h":36},
	"rotated": false,
	"trimmed": false,
	"spriteSourceSize": {"x":0,"y":0,"w":225,"h":36},
	"sourceSize": {"w":225,"h":36}
},
"dropdown.png":
{
	"frame": {"x":1,"y":95,"w":200,"h":232},
	"rotated": false,
	"trimmed": false,
	"spriteSourceSize": {"x":0,"y":0,"w":200,"h":232},
	"sourceSize": {"w":200,"h":232}
},
"gameName.png":
{
	"frame": {"x":533,"y":43,"w":292,"h":50},
	"rotated": false,
	"trimmed": false,
	"spriteSourceSize": {"x":0,"y":0,"w":292,"h":50},
	"sourceSize": {"w":292,"h":50}
},
"heartPanel.png":
{
	"frame": {"x":852,"y":1,"w":135,"h":40},
	"rotated": false,
	"trimmed": false,
	"spriteSourceSize": {"x":0,"y":0,"w":135,"h":40},
	"sourceSize": {"w":135,"h":40}
},
"heartPanel_portrait.png":
{
	"frame": {"x":1,"y":43,"w":264,"h":42},
	"rotated": false,
	"trimmed": false,
	"spriteSourceSize": {"x":0,"y":0,"w":264,"h":42},
	"sourceSize": {"w":264,"h":42}
},
"reelsBackground_Landscape.png":
{
	"frame": {"x":1,"y":399,"w":856,"h":414},
	"rotated": false,
	"trimmed": false,
	"spriteSourceSize": {"x":0,"y":0,"w":856,"h":414},
	"sourceSize": {"w":856,"h":414}
},
"reelsBackground_Portrait.png":
{
	"frame": {"x":203,"y":95,"w":540,"h":302},
	"rotated": false,
	"trimmed": false,
	"spriteSourceSize": {"x":0,"y":0,"w":540,"h":302},
	"sourceSize": {"w":540,"h":302}
},
"spadePanel.png":
{
	"frame": {"x":455,"y":1,"w":147,"h":40},
	"rotated": false,
	"trimmed": false,
	"spriteSourceSize": {"x":0,"y":0,"w":147,"h":40},
	"sourceSize": {"w":147,"h":40}
},
"spadePanel_portrait.png":
{
	"frame": {"x":267,"y":43,"w":264,"h":42},
	"rotated": false,
	"trimmed": false,
	"spriteSourceSize": {"x":0,"y":0,"w":264,"h":42},
	"sourceSize": {"w":264,"h":42}
}},
"meta": {
	"app": "https://www.codeandweb.com/texturepacker",
	"version": "1.0",
	"image": "mainResources.png?123",
	"format": "RGBA8888",
	"size": {"w":1024,"h":1024},
	"scale": "1",
	"smartupdate": "$TexturePacker:SmartUpdate:78ff9f9291dd32aecbcc25149443ba14:20c67366901bc3a2b93c9b6a1cdda3e8:7d5d1343b619bb663b2898c3a4911c1c$"
}
}
