{"frames":{"@3x/EGTLogo.png":{"frame":{"x":1,"y":1,"w":209,"h":100},"rotated":false,"trimmed":false,"spriteSourceSize":{"x":0,"y":0,"w":209,"h":100},"sourceSize":{"w":209,"h":100}},"@3x/StarIcon.png":{"frame":{"x":212,"y":1,"w":34,"h":41},"rotated":false,"trimmed":true,"spriteSourceSize":{"x":6,"y":7,"w":34,"h":41},"sourceSize":{"w":54,"h":59}}},"meta":{"app":"https://www.codeandweb.com/texturepacker","version":"1.0","image":"library-single-game-v3.png?build=1595585516664","format":"RGBA8888","size":{"w":256,"h":256},"scale":"1","smartupdate":"$TexturePacker:SmartUpdate:8d5c3b0df10a291b0c0c2f207fd6da50:c01cfe344f2b8ea6ba3f4652f507a435:0f07090f904748e31e5e778a0bc61b41$"}}