{"frames": {

"landscape/autoplayStopButton.png":
{
	"frame": {"x":480,"y":1,"w":169,"h":250},
	"rotated": false,
	"trimmed": true,
	"spriteSourceSize": {"x":0,"y":0,"w":169,"h":250},
	"sourceSize": {"w":170,"h":250},
	"pivot": {"x":0.5,"y":0.5}
},
"landscape/blackGambleButton.png":
{
	"frame": {"x":1,"y":253,"w":190,"h":156},
	"rotated": false,
	"trimmed": true,
	"spriteSourceSize": {"x":0,"y":1,"w":190,"h":156},
	"sourceSize": {"w":190,"h":160},
	"pivot": {"x":0.5,"y":0.5}
},
"landscape/collectButton.png":
{
	"frame": {"x":822,"y":1,"w":169,"h":250},
	"rotated": false,
	"trimmed": true,
	"spriteSourceSize": {"x":0,"y":0,"w":169,"h":250},
	"sourceSize": {"w":170,"h":250},
	"pivot": {"x":0.5,"y":0.5}
},
"landscape/gambleButton.png":
{
	"frame": {"x":651,"y":1,"w":169,"h":250},
	"rotated": false,
	"trimmed": true,
	"spriteSourceSize": {"x":0,"y":0,"w":169,"h":250},
	"sourceSize": {"w":170,"h":250},
	"pivot": {"x":0.5,"y":0.5}
},
"landscape/redGambleButton.png":
{
	"frame": {"x":193,"y":253,"w":190,"h":156},
	"rotated": false,
	"trimmed": true,
	"spriteSourceSize": {"x":0,"y":4,"w":190,"h":156},
	"sourceSize": {"w":190,"h":160},
	"pivot": {"x":0.5,"y":0.5}
},
"landscape/spinButton.png":
{
	"frame": {"x":309,"y":1,"w":169,"h":250},
	"rotated": false,
	"trimmed": true,
	"spriteSourceSize": {"x":0,"y":0,"w":169,"h":250},
	"sourceSize": {"w":170,"h":250},
	"pivot": {"x":0.5,"y":0.5}
},
"portrait/blackGambleButton.png":
{
	"frame": {"x":1,"y":1,"w":152,"h":140},
	"rotated": false,
	"trimmed": false,
	"spriteSourceSize": {"x":0,"y":0,"w":152,"h":140},
	"sourceSize": {"w":152,"h":140},
	"pivot": {"x":0.5,"y":0.5}
},
"portrait/collectButton.png":
{
	"frame": {"x":795,"y":253,"w":203,"h":203},
	"rotated": false,
	"trimmed": false,
	"spriteSourceSize": {"x":0,"y":0,"w":203,"h":203},
	"sourceSize": {"w":203,"h":203},
	"pivot": {"x":0.5,"y":0.5}
},
"portrait/gambleButton.png":
{
	"frame": {"x":1,"y":458,"w":299,"h":140},
	"rotated": false,
	"trimmed": false,
	"spriteSourceSize": {"x":0,"y":0,"w":299,"h":140},
	"sourceSize": {"w":299,"h":140},
	"pivot": {"x":0.5,"y":0.5}
},
"portrait/redGambleButton.png":
{
	"frame": {"x":155,"y":1,"w":152,"h":140},
	"rotated": false,
	"trimmed": false,
	"spriteSourceSize": {"x":0,"y":0,"w":152,"h":140},
	"sourceSize": {"w":152,"h":140},
	"pivot": {"x":0.5,"y":0.5}
},
"portrait/spinButton.png":
{
	"frame": {"x":590,"y":253,"w":203,"h":203},
	"rotated": false,
	"trimmed": false,
	"spriteSourceSize": {"x":0,"y":0,"w":203,"h":203},
	"sourceSize": {"w":203,"h":203},
	"pivot": {"x":0.5,"y":0.5}
},
"portrait/spinButtonInactive.png":
{
	"frame": {"x":385,"y":253,"w":203,"h":203},
	"rotated": false,
	"trimmed": false,
	"spriteSourceSize": {"x":0,"y":0,"w":203,"h":203},
	"sourceSize": {"w":203,"h":203},
	"pivot": {"x":0.5,"y":0.5}
}},
"meta": {
	"app": "http://www.codeandweb.com/texturepacker",
	"version": "1.0",
	"image": "commonMobileButtons.png",
	"format": "RGBA8888",
	"size": {"w":1024,"h":1024},
	"scale": "1",
	"smartupdate": "$TexturePacker:SmartUpdate:8687c695334210d112a4a5c7f8548849:31c7fb3eb999f11e71609a80ee00afe7:edad7f235a73ce1ae3ebfd156629c1ff$"
}
}
