{
    "children": [
        {
            "children": [
                {
                    "type": "image",
                    "x": 0,
                    "y": 0,
                    "width": 960,
                    "height": 540,
                    "name": "introBonusText",
                    "picID": "introBonusText.png",
                    "movable": true,
                    "visible": true,
                    "scale": 1,
                    "id": "introBonusText"
                },
                {
                    "type": "image",
                    "x": 0,
                    "y": 70,
                    "width": 960,
                    "height": 540,
                    "name": "pressStart",
                    "picID": "pressStart.png",
                    "movable": true,
                    "visible": true,
                    "scale": 1,
                    "id": "pressStart"
                },
                {
                    "type": "image",
                    "x": 0,
                    "y": 80,
                    "width": 960,
                    "height": 540,
                    "name": "featureStart",
                    "picID": "featureStart.png",
                    "movable": true,
                    "visible": true,
                    "scale": 1,
                    "id": ""
                },
                {
                    "type": "rectangle",
                    "x": 570,
                    "y": 497,
                    "width": 64,
                    "height": 34,
                    "fillColor": 16727615,
                    "scale": 1,
                    "strokeColor": 1378570,
                    "strokeWidth": 0,
                    "name": "timerRect",
                    "movable": true,
                    "visible": true,
                    "graphicsAlpha": 0,
                    "id": "timerRect"
                },
                {
                    "type": "BText",
                    "x": 717,
                    "y": 499,
                    "fontSize": 35,
                    "name": "timerNumbers",
                    "scale": 1,
                    "text": "100\n",
                    "id": "timerNumbers",
                    "fontFamily": "EQ_sp_numSecs-export",
                    "align": "left",
                    "movable": true,
                    "visible": true
                }
            ],
            "type": "image",
            "x": 0,
            "y": 0,
            "width": 960,
            "height": 540,
            "name": "introContainer",
            "picID": "introBackground.png",
            "movable": true,
            "visible": false,
            "scale": 1,
            "id": "introContainer"
        },
        {
            "children": [
                {
                    "children": [
                        {
                            "children": [
                                {
                                    "children": [
                                        {
                                            "type": "BText",
                                            "x": 18,
                                            "y": 0,
                                            "fontSize": 32,
                                            "name": "bronze",
                                            "scale": 1,
                                            "text": "",
                                            "id": "winAmountLevel_0",
                                            "fontFamily": "bronzeNumbers-export",
                                            "align": "left",
                                            "movable": true,
                                            "visible": true
                                        },
                                        {
                                            "type": "BText",
                                            "x": 71,
                                            "y": 0,
                                            "fontSize": 32,
                                            "name": "silver",
                                            "scale": 1,
                                            "text": "",
                                            "id": "winAmountLevel_1",
                                            "fontFamily": "silverNumbers-export",
                                            "align": "left",
                                            "movable": true,
                                            "visible": true
                                        },
                                        {
                                            "type": "BText",
                                            "x": 124,
                                            "y": 0,
                                            "fontSize": 32,
                                            "name": "gold",
                                            "scale": 1,
                                            "text": "",
                                            "id": "winAmountLevel_2",
                                            "fontFamily": "goldNumbers-export",
                                            "align": "left",
                                            "movable": true,
                                            "visible": true
                                        },
                                        {
                                            "type": "BText",
                                            "x": 177,
                                            "y": 0,
                                            "fontSize": 32,
                                            "name": "platinum",
                                            "scale": 1,
                                            "text": "",
                                            "id": "winAmountLevel_3",
                                            "fontFamily": "platinumNumbers-export",
                                            "align": "left",
                                            "movable": true,
                                            "visible": true
                                        }
                                    ],
                                    "type": "rectangle",
                                    "x": 533,
                                    "y": 223,
                                    "width": 205,
                                    "height": 34,
                                    "fillColor": 16727615,
                                    "scale": 1,
                                    "strokeColor": 1378570,
                                    "strokeWidth": 0,
                                    "name": "winAmountJackpotLevelContainer",
                                    "movable": true,
                                    "visible": true,
                                    "graphicsAlpha": 0,
                                    "id": "levelWinAmountContainer"
                                }
                            ],
                            "type": "image",
                            "x": 0,
                            "y": 0,
                            "width": 960,
                            "height": 540,
                            "name": "jackpotTextLevel",
                            "picID": "jackpotTextLevel_1.png",
                            "movable": true,
                            "visible": true,
                            "scale": 1,
                            "id": "winLevelText"
                        },
                        {
                            "children": [
                                {
                                    "type": "image",
                                    "x": 357,
                                    "y": 298,
                                    "width": 40,
                                    "height": 38,
                                    "name": "EQ_sp2_1_scroll",
                                    "picID": "EQ_sp2_1_scroll.png",
                                    "movable": true,
                                    "visible": true,
                                    "scale": 1,
                                    "id": "scrollImage"
                                },
                                {
                                    "children": [
                                        {
                                            "type": "BText",
                                            "x": 5,
                                            "y": 0,
                                            "fontSize": 32,
                                            "name": "scrollsWinAmount",
                                            "scale": 1,
                                            "text": "",
                                            "id": "scrollsWinAmount",
                                            "fontFamily": "EQ_sp2_numbers_scrolls-export",
                                            "align": "left",
                                            "movable": true,
                                            "visible": true
                                        }
                                    ],
                                    "type": "rectangle",
                                    "x": 546,
                                    "y": 298,
                                    "width": 192,
                                    "height": 34,
                                    "fillColor": 16727615,
                                    "scale": 1,
                                    "strokeColor": 1378570,
                                    "strokeWidth": 0,
                                    "name": "scrollsWinAmountContainer",
                                    "movable": true,
                                    "visible": true,
                                    "graphicsAlpha": 0,
                                    "id": "scrollsWinAmountContainer"
                                }
                            ],
                            "type": "image",
                            "x": 0,
                            "y": 0,
                            "width": 960,
                            "height": 540,
                            "name": "collectedScrolls",
                            "picID": "collectedScrolls.png",
                            "movable": true,
                            "visible": true,
                            "scale": 1,
                            "id": "collectedScrollsText"
                        },
                        {
                            "children": [
                                {
                                    "type": "rectangle",
                                    "x": 472,
                                    "y": 261,
                                    "width": 266,
                                    "height": 32,
                                    "fillColor": 16727615,
                                    "scale": 1,
                                    "strokeColor": 1378570,
                                    "strokeWidth": 0,
                                    "name": "winAmountCollectedCreditsContainer",
                                    "movable": true,
                                    "visible": true,
                                    "graphicsAlpha": 0,
                                    "id": "winAmountCollectedCreditsContainer"
                                },
                                {
                                    "type": "BText",
                                    "x": 477,
                                    "y": 261,
                                    "fontSize": 26,
                                    "name": "winAmountCollectedCredits",
                                    "scale": 1,
                                    "text": "",
                                    "id": "winAmountCollectedCredits",
                                    "fontFamily": "creditsNumbers-export",
                                    "align": "left",
                                    "movable": true,
                                    "visible": true
                                }
                            ],
                            "type": "image",
                            "x": 0,
                            "y": 0,
                            "width": 960,
                            "height": 540,
                            "name": "collectedCredits",
                            "picID": "jackpotWin.png",
                            "movable": true,
                            "visible": true,
                            "scale": 1,
                            "id": "collectedCreditsText"
                        }
                    ],
                    "type": "image",
                    "x": 0,
                    "y": 0,
                    "width": 960,
                    "height": 540,
                    "name": "featureWin",
                    "picID": "featureWin.png",
                    "movable": true,
                    "visible": true,
                    "scale": 1,
                    "id": ""
                },
                {
                    "type": "image",
                    "x": 0,
                    "y": 2,
                    "width": 960,
                    "height": 540,
                    "name": "totalWon",
                    "picID": "totalWon.png",
                    "movable": true,
                    "visible": true,
                    "scale": 1,
                    "id": ""
                },
                {
                    "type": "rectangle",
                    "x": 438,
                    "y": 341,
                    "width": 300,
                    "height": 35,
                    "fillColor": 16727615,
                    "scale": 1,
                    "strokeColor": 1378570,
                    "strokeWidth": 0,
                    "name": "totalWinAmountContainer",
                    "movable": true,
                    "visible": true,
                    "graphicsAlpha": 0,
                    "id": "totalWinAmountContainer"
                },
                {
                    "type": "BText",
                    "x": 441,
                    "y": 340,
                    "fontSize": 30,
                    "name": "totalWinAmount",
                    "scale": 1,
                    "text": "",
                    "id": "totalWinAmount",
                    "fontFamily": "totalNumbers-export",
                    "align": "left",
                    "movable": true,
                    "visible": true
                }
            ],
            "type": "image",
            "x": 0,
            "y": 0,
            "width": 960,
            "height": 540,
            "name": "outroContainer",
            "picID": "outroBackground.png",
            "movable": true,
            "visible": true,
            "scale": 1,
            "id": "outroContainer"
        },
        {
            "children": [
                {
                    "type": "image",
                    "x": 0,
                    "y": 0,
                    "width": 960,
                    "height": 540,
                    "name": "mysteryText",
                    "picID": "mysteryText.png",
                    "movable": true,
                    "visible": true,
                    "scale": 1,
                    "id": ""
                },
                {
                    "children": [
                        {
                            "type": "BText",
                            "x": 227,
                            "y": 0,
                            "fontSize": 60,
                            "name": "mysteryNumbers",
                            "scale": 1,
                            "text": "123456",
                            "id": "mysteryNumbers",
                            "fontFamily": "mysteryNumbers-export",
                            "align": "left",
                            "movable": true,
                            "visible": true
                        }
                    ],
                    "type": "rectangle",
                    "x": 119,
                    "y": 266,
                    "width": 722,
                    "height": 66,
                    "fillColor": 16727615,
                    "scale": 1,
                    "strokeColor": 1378570,
                    "strokeWidth": 0,
                    "name": "mysteryWinAmountContainer",
                    "movable": true,
                    "visible": true,
                    "graphicsAlpha": 0,
                    "id": "mysteryWinAmountContainer"
                }
            ],
            "type": "image",
            "x": 0,
            "y": 0,
            "width": 960,
            "height": 540,
            "name": "mysteryBackground",
            "picID": "mysteryBackground.png",
            "movable": true,
            "visible": false,
            "scale": 1,
            "id": "mysteryContainer"
        },
        {
            "children": [
                {
                    "type": "image",
                    "x": 0,
                    "y": 0,
                    "width": 960,
                    "height": 540,
                    "name": "congratularityText",
                    "picID": "reached.png",
                    "movable": true,
                    "visible": true,
                    "scale": 1,
                    "id": "congratularityText"
                },
                {
                    "children": [
                        {
                            "type": "image",
                            "x": -10,
                            "y": 10,
                            "width": 40,
                            "height": 39,
                            "name": "5",
                            "picID": "5.png",
                            "movable": true,
                            "visible": true,
                            "scale": 1,
                            "id": "scrollNumber"
                        }
                    ],
                    "type": "image",
                    "x": 0,
                    "y": 0,
                    "width": 960,
                    "height": 540,
                    "name": "reachedLevelText",
                    "picID": "reachedLevel_1.png",
                    "movable": true,
                    "visible": true,
                    "scale": 1,
                    "id": "reachedLevelText"
                }
            ],
            "type": "image",
            "x": 0,
            "y": 0,
            "width": 960,
            "height": 540,
            "name": "reachedLevelBgr",
            "picID": "reachedLevelBgr.png",
            "movable": true,
            "visible": false,
            "scale": 1,
            "id": "levelContainer"
        }
    ],
    "resources": [
        "freespinResources_ro.json",
        "freespinResourcesPNG.json",
        "freespinResourcesJPG.json"
    ],
    "fontNames": [],
    "videos": [],
    "videoAlternative": [],
    "bitmapFonts": [
        "EQ_sp_numSecs-export",
        "bronzeNumbers-export",
        "silverNumbers-export",
        "goldNumbers-export",
        "platinumNumbers-export",
        "EQ_sp2_numbers_scrolls-export",
        "creditsNumbers-export",
        "totalNumbers-export",
        "mysteryNumbers-export"
    ],
    "fontStyles": []
}