{"frames": {

"05_000.png":
{
	"frame": {"x":1,"y":1,"w":132,"h":99},
	"rotated": false,
	"trimmed": false,
	"spriteSourceSize": {"x":0,"y":0,"w":132,"h":99},
	"sourceSize": {"w":132,"h":99}
},
"05_001.png":
{
	"frame": {"x":135,"y":1,"w":132,"h":99},
	"rotated": false,
	"trimmed": false,
	"spriteSourceSize": {"x":0,"y":0,"w":132,"h":99},
	"sourceSize": {"w":132,"h":99}
},
"05_002.png":
{
	"frame": {"x":269,"y":1,"w":132,"h":99},
	"rotated": false,
	"trimmed": false,
	"spriteSourceSize": {"x":0,"y":0,"w":132,"h":99},
	"sourceSize": {"w":132,"h":99}
},
"05_003.png":
{
	"frame": {"x":403,"y":1,"w":132,"h":99},
	"rotated": false,
	"trimmed": false,
	"spriteSourceSize": {"x":0,"y":0,"w":132,"h":99},
	"sourceSize": {"w":132,"h":99}
},
"05_004.png":
{
	"frame": {"x":537,"y":1,"w":132,"h":99},
	"rotated": false,
	"trimmed": false,
	"spriteSourceSize": {"x":0,"y":0,"w":132,"h":99},
	"sourceSize": {"w":132,"h":99}
},
"05_005.png":
{
	"frame": {"x":671,"y":1,"w":132,"h":99},
	"rotated": false,
	"trimmed": false,
	"spriteSourceSize": {"x":0,"y":0,"w":132,"h":99},
	"sourceSize": {"w":132,"h":99}
},
"05_006.png":
{
	"frame": {"x":805,"y":1,"w":132,"h":99},
	"rotated": false,
	"trimmed": false,
	"spriteSourceSize": {"x":0,"y":0,"w":132,"h":99},
	"sourceSize": {"w":132,"h":99}
},
"05_007.png":
{
	"frame": {"x":1,"y":102,"w":132,"h":99},
	"rotated": false,
	"trimmed": false,
	"spriteSourceSize": {"x":0,"y":0,"w":132,"h":99},
	"sourceSize": {"w":132,"h":99}
},
"05_008.png":
{
	"frame": {"x":135,"y":102,"w":132,"h":99},
	"rotated": false,
	"trimmed": false,
	"spriteSourceSize": {"x":0,"y":0,"w":132,"h":99},
	"sourceSize": {"w":132,"h":99}
},
"05_009.png":
{
	"frame": {"x":269,"y":102,"w":132,"h":99},
	"rotated": false,
	"trimmed": false,
	"spriteSourceSize": {"x":0,"y":0,"w":132,"h":99},
	"sourceSize": {"w":132,"h":99}
},
"05_010.png":
{
	"frame": {"x":403,"y":102,"w":132,"h":99},
	"rotated": false,
	"trimmed": false,
	"spriteSourceSize": {"x":0,"y":0,"w":132,"h":99},
	"sourceSize": {"w":132,"h":99}
},
"05_011.png":
{
	"frame": {"x":537,"y":102,"w":132,"h":99},
	"rotated": false,
	"trimmed": false,
	"spriteSourceSize": {"x":0,"y":0,"w":132,"h":99},
	"sourceSize": {"w":132,"h":99}
},
"05_012.png":
{
	"frame": {"x":671,"y":102,"w":132,"h":99},
	"rotated": false,
	"trimmed": false,
	"spriteSourceSize": {"x":0,"y":0,"w":132,"h":99},
	"sourceSize": {"w":132,"h":99}
},
"05_013.png":
{
	"frame": {"x":805,"y":102,"w":132,"h":99},
	"rotated": false,
	"trimmed": false,
	"spriteSourceSize": {"x":0,"y":0,"w":132,"h":99},
	"sourceSize": {"w":132,"h":99}
},
"05_014.png":
{
	"frame": {"x":1,"y":203,"w":132,"h":99},
	"rotated": false,
	"trimmed": false,
	"spriteSourceSize": {"x":0,"y":0,"w":132,"h":99},
	"sourceSize": {"w":132,"h":99}
},
"05_015.png":
{
	"frame": {"x":135,"y":203,"w":132,"h":99},
	"rotated": false,
	"trimmed": false,
	"spriteSourceSize": {"x":0,"y":0,"w":132,"h":99},
	"sourceSize": {"w":132,"h":99}
},
"05_016.png":
{
	"frame": {"x":269,"y":203,"w":132,"h":99},
	"rotated": false,
	"trimmed": false,
	"spriteSourceSize": {"x":0,"y":0,"w":132,"h":99},
	"sourceSize": {"w":132,"h":99}
},
"05_017.png":
{
	"frame": {"x":403,"y":203,"w":132,"h":99},
	"rotated": false,
	"trimmed": false,
	"spriteSourceSize": {"x":0,"y":0,"w":132,"h":99},
	"sourceSize": {"w":132,"h":99}
},
"05_018.png":
{
	"frame": {"x":537,"y":203,"w":132,"h":99},
	"rotated": false,
	"trimmed": false,
	"spriteSourceSize": {"x":0,"y":0,"w":132,"h":99},
	"sourceSize": {"w":132,"h":99}
},
"05_019.png":
{
	"frame": {"x":671,"y":203,"w":132,"h":99},
	"rotated": false,
	"trimmed": false,
	"spriteSourceSize": {"x":0,"y":0,"w":132,"h":99},
	"sourceSize": {"w":132,"h":99}
},
"05_020.png":
{
	"frame": {"x":805,"y":203,"w":132,"h":99},
	"rotated": false,
	"trimmed": false,
	"spriteSourceSize": {"x":0,"y":0,"w":132,"h":99},
	"sourceSize": {"w":132,"h":99}
},
"05_021.png":
{
	"frame": {"x":1,"y":304,"w":132,"h":99},
	"rotated": false,
	"trimmed": false,
	"spriteSourceSize": {"x":0,"y":0,"w":132,"h":99},
	"sourceSize": {"w":132,"h":99}
},
"05_022.png":
{
	"frame": {"x":135,"y":304,"w":132,"h":99},
	"rotated": false,
	"trimmed": false,
	"spriteSourceSize": {"x":0,"y":0,"w":132,"h":99},
	"sourceSize": {"w":132,"h":99}
},
"05_023.png":
{
	"frame": {"x":269,"y":304,"w":132,"h":99},
	"rotated": false,
	"trimmed": false,
	"spriteSourceSize": {"x":0,"y":0,"w":132,"h":99},
	"sourceSize": {"w":132,"h":99}
},
"05_024.png":
{
	"frame": {"x":403,"y":304,"w":132,"h":99},
	"rotated": false,
	"trimmed": false,
	"spriteSourceSize": {"x":0,"y":0,"w":132,"h":99},
	"sourceSize": {"w":132,"h":99}
},
"05_025.png":
{
	"frame": {"x":537,"y":304,"w":132,"h":99},
	"rotated": false,
	"trimmed": false,
	"spriteSourceSize": {"x":0,"y":0,"w":132,"h":99},
	"sourceSize": {"w":132,"h":99}
},
"05_026.png":
{
	"frame": {"x":671,"y":304,"w":132,"h":99},
	"rotated": false,
	"trimmed": false,
	"spriteSourceSize": {"x":0,"y":0,"w":132,"h":99},
	"sourceSize": {"w":132,"h":99}
},
"05_027.png":
{
	"frame": {"x":805,"y":304,"w":132,"h":99},
	"rotated": false,
	"trimmed": false,
	"spriteSourceSize": {"x":0,"y":0,"w":132,"h":99},
	"sourceSize": {"w":132,"h":99}
},
"05_028.png":
{
	"frame": {"x":1,"y":405,"w":132,"h":99},
	"rotated": false,
	"trimmed": false,
	"spriteSourceSize": {"x":0,"y":0,"w":132,"h":99},
	"sourceSize": {"w":132,"h":99}
},
"05_029.png":
{
	"frame": {"x":135,"y":405,"w":132,"h":99},
	"rotated": false,
	"trimmed": false,
	"spriteSourceSize": {"x":0,"y":0,"w":132,"h":99},
	"sourceSize": {"w":132,"h":99}
},
"05_030.png":
{
	"frame": {"x":269,"y":405,"w":132,"h":99},
	"rotated": false,
	"trimmed": false,
	"spriteSourceSize": {"x":0,"y":0,"w":132,"h":99},
	"sourceSize": {"w":132,"h":99}
},
"05_031.png":
{
	"frame": {"x":403,"y":405,"w":132,"h":99},
	"rotated": false,
	"trimmed": false,
	"spriteSourceSize": {"x":0,"y":0,"w":132,"h":99},
	"sourceSize": {"w":132,"h":99}
},
"05_032.png":
{
	"frame": {"x":537,"y":405,"w":132,"h":99},
	"rotated": false,
	"trimmed": false,
	"spriteSourceSize": {"x":0,"y":0,"w":132,"h":99},
	"sourceSize": {"w":132,"h":99}
},
"05_033.png":
{
	"frame": {"x":671,"y":405,"w":132,"h":99},
	"rotated": false,
	"trimmed": false,
	"spriteSourceSize": {"x":0,"y":0,"w":132,"h":99},
	"sourceSize": {"w":132,"h":99}
},
"05_034.png":
{
	"frame": {"x":805,"y":405,"w":132,"h":99},
	"rotated": false,
	"trimmed": false,
	"spriteSourceSize": {"x":0,"y":0,"w":132,"h":99},
	"sourceSize": {"w":132,"h":99}
},
"05_035.png":
{
	"frame": {"x":1,"y":506,"w":132,"h":99},
	"rotated": false,
	"trimmed": false,
	"spriteSourceSize": {"x":0,"y":0,"w":132,"h":99},
	"sourceSize": {"w":132,"h":99}
},
"05_036.png":
{
	"frame": {"x":135,"y":506,"w":132,"h":99},
	"rotated": false,
	"trimmed": false,
	"spriteSourceSize": {"x":0,"y":0,"w":132,"h":99},
	"sourceSize": {"w":132,"h":99}
},
"05_037.png":
{
	"frame": {"x":269,"y":506,"w":132,"h":99},
	"rotated": false,
	"trimmed": false,
	"spriteSourceSize": {"x":0,"y":0,"w":132,"h":99},
	"sourceSize": {"w":132,"h":99}
},
"05_038.png":
{
	"frame": {"x":403,"y":506,"w":132,"h":99},
	"rotated": false,
	"trimmed": false,
	"spriteSourceSize": {"x":0,"y":0,"w":132,"h":99},
	"sourceSize": {"w":132,"h":99}
},
"05_039.png":
{
	"frame": {"x":537,"y":506,"w":132,"h":99},
	"rotated": false,
	"trimmed": false,
	"spriteSourceSize": {"x":0,"y":0,"w":132,"h":99},
	"sourceSize": {"w":132,"h":99}
},
"05_040.png":
{
	"frame": {"x":671,"y":506,"w":132,"h":99},
	"rotated": false,
	"trimmed": false,
	"spriteSourceSize": {"x":0,"y":0,"w":132,"h":99},
	"sourceSize": {"w":132,"h":99}
},
"05_041.png":
{
	"frame": {"x":805,"y":506,"w":132,"h":99},
	"rotated": false,
	"trimmed": false,
	"spriteSourceSize": {"x":0,"y":0,"w":132,"h":99},
	"sourceSize": {"w":132,"h":99}
},
"05_042.png":
{
	"frame": {"x":1,"y":607,"w":132,"h":99},
	"rotated": false,
	"trimmed": false,
	"spriteSourceSize": {"x":0,"y":0,"w":132,"h":99},
	"sourceSize": {"w":132,"h":99}
},
"05_043.png":
{
	"frame": {"x":135,"y":607,"w":132,"h":99},
	"rotated": false,
	"trimmed": false,
	"spriteSourceSize": {"x":0,"y":0,"w":132,"h":99},
	"sourceSize": {"w":132,"h":99}
},
"05_044.png":
{
	"frame": {"x":269,"y":607,"w":132,"h":99},
	"rotated": false,
	"trimmed": false,
	"spriteSourceSize": {"x":0,"y":0,"w":132,"h":99},
	"sourceSize": {"w":132,"h":99}
},
"05_045.png":
{
	"frame": {"x":403,"y":607,"w":132,"h":99},
	"rotated": false,
	"trimmed": false,
	"spriteSourceSize": {"x":0,"y":0,"w":132,"h":99},
	"sourceSize": {"w":132,"h":99}
},
"05_046.png":
{
	"frame": {"x":537,"y":607,"w":132,"h":99},
	"rotated": false,
	"trimmed": false,
	"spriteSourceSize": {"x":0,"y":0,"w":132,"h":99},
	"sourceSize": {"w":132,"h":99}
},
"05_047.png":
{
	"frame": {"x":671,"y":607,"w":132,"h":99},
	"rotated": false,
	"trimmed": false,
	"spriteSourceSize": {"x":0,"y":0,"w":132,"h":99},
	"sourceSize": {"w":132,"h":99}
},
"05_048.png":
{
	"frame": {"x":805,"y":607,"w":132,"h":99},
	"rotated": false,
	"trimmed": false,
	"spriteSourceSize": {"x":0,"y":0,"w":132,"h":99},
	"sourceSize": {"w":132,"h":99}
},
"05_049.png":
{
	"frame": {"x":1,"y":708,"w":132,"h":99},
	"rotated": false,
	"trimmed": false,
	"spriteSourceSize": {"x":0,"y":0,"w":132,"h":99},
	"sourceSize": {"w":132,"h":99}
}},
"meta": {
	"app": "https://www.codeandweb.com/texturepacker",
	"version": "1.0",
	"image": "05-0.jpg",
	"format": "RGBA8888",
	"size": {"w":1024,"h":1024},
	"scale": "1",
	"smartupdate": "$TexturePacker:SmartUpdate:ea0bad70a9d5c6a146860fe41cec37bf:f74dc8599f1b9c9614c740240cdcdd21:d32892533f53299be1b44420d3bb76e9$"
}
}
