{"frames": {

"07_000.png":
{
	"frame": {"x":1,"y":1,"w":132,"h":99},
	"rotated": false,
	"trimmed": false,
	"spriteSourceSize": {"x":0,"y":0,"w":132,"h":99},
	"sourceSize": {"w":132,"h":99}
},
"07_001.png":
{
	"frame": {"x":135,"y":1,"w":132,"h":99},
	"rotated": false,
	"trimmed": false,
	"spriteSourceSize": {"x":0,"y":0,"w":132,"h":99},
	"sourceSize": {"w":132,"h":99}
},
"07_002.png":
{
	"frame": {"x":269,"y":1,"w":132,"h":99},
	"rotated": false,
	"trimmed": false,
	"spriteSourceSize": {"x":0,"y":0,"w":132,"h":99},
	"sourceSize": {"w":132,"h":99}
},
"07_003.png":
{
	"frame": {"x":403,"y":1,"w":132,"h":99},
	"rotated": false,
	"trimmed": false,
	"spriteSourceSize": {"x":0,"y":0,"w":132,"h":99},
	"sourceSize": {"w":132,"h":99}
},
"07_004.png":
{
	"frame": {"x":537,"y":1,"w":132,"h":99},
	"rotated": false,
	"trimmed": false,
	"spriteSourceSize": {"x":0,"y":0,"w":132,"h":99},
	"sourceSize": {"w":132,"h":99}
},
"07_005.png":
{
	"frame": {"x":671,"y":1,"w":132,"h":99},
	"rotated": false,
	"trimmed": false,
	"spriteSourceSize": {"x":0,"y":0,"w":132,"h":99},
	"sourceSize": {"w":132,"h":99}
},
"07_006.png":
{
	"frame": {"x":805,"y":1,"w":132,"h":99},
	"rotated": false,
	"trimmed": false,
	"spriteSourceSize": {"x":0,"y":0,"w":132,"h":99},
	"sourceSize": {"w":132,"h":99}
},
"07_007.png":
{
	"frame": {"x":1,"y":102,"w":132,"h":99},
	"rotated": false,
	"trimmed": false,
	"spriteSourceSize": {"x":0,"y":0,"w":132,"h":99},
	"sourceSize": {"w":132,"h":99}
},
"07_008.png":
{
	"frame": {"x":135,"y":102,"w":132,"h":99},
	"rotated": false,
	"trimmed": false,
	"spriteSourceSize": {"x":0,"y":0,"w":132,"h":99},
	"sourceSize": {"w":132,"h":99}
},
"07_009.png":
{
	"frame": {"x":269,"y":102,"w":132,"h":99},
	"rotated": false,
	"trimmed": false,
	"spriteSourceSize": {"x":0,"y":0,"w":132,"h":99},
	"sourceSize": {"w":132,"h":99}
},
"07_010.png":
{
	"frame": {"x":403,"y":102,"w":132,"h":99},
	"rotated": false,
	"trimmed": false,
	"spriteSourceSize": {"x":0,"y":0,"w":132,"h":99},
	"sourceSize": {"w":132,"h":99}
},
"07_011.png":
{
	"frame": {"x":537,"y":102,"w":132,"h":99},
	"rotated": false,
	"trimmed": false,
	"spriteSourceSize": {"x":0,"y":0,"w":132,"h":99},
	"sourceSize": {"w":132,"h":99}
},
"07_012.png":
{
	"frame": {"x":671,"y":102,"w":132,"h":99},
	"rotated": false,
	"trimmed": false,
	"spriteSourceSize": {"x":0,"y":0,"w":132,"h":99},
	"sourceSize": {"w":132,"h":99}
},
"07_013.png":
{
	"frame": {"x":805,"y":102,"w":132,"h":99},
	"rotated": false,
	"trimmed": false,
	"spriteSourceSize": {"x":0,"y":0,"w":132,"h":99},
	"sourceSize": {"w":132,"h":99}
},
"07_014.png":
{
	"frame": {"x":1,"y":203,"w":132,"h":99},
	"rotated": false,
	"trimmed": false,
	"spriteSourceSize": {"x":0,"y":0,"w":132,"h":99},
	"sourceSize": {"w":132,"h":99}
},
"07_015.png":
{
	"frame": {"x":135,"y":203,"w":132,"h":99},
	"rotated": false,
	"trimmed": false,
	"spriteSourceSize": {"x":0,"y":0,"w":132,"h":99},
	"sourceSize": {"w":132,"h":99}
},
"07_016.png":
{
	"frame": {"x":269,"y":203,"w":132,"h":99},
	"rotated": false,
	"trimmed": false,
	"spriteSourceSize": {"x":0,"y":0,"w":132,"h":99},
	"sourceSize": {"w":132,"h":99}
},
"07_017.png":
{
	"frame": {"x":403,"y":203,"w":132,"h":99},
	"rotated": false,
	"trimmed": false,
	"spriteSourceSize": {"x":0,"y":0,"w":132,"h":99},
	"sourceSize": {"w":132,"h":99}
},
"07_018.png":
{
	"frame": {"x":537,"y":203,"w":132,"h":99},
	"rotated": false,
	"trimmed": false,
	"spriteSourceSize": {"x":0,"y":0,"w":132,"h":99},
	"sourceSize": {"w":132,"h":99}
},
"07_019.png":
{
	"frame": {"x":671,"y":203,"w":132,"h":99},
	"rotated": false,
	"trimmed": false,
	"spriteSourceSize": {"x":0,"y":0,"w":132,"h":99},
	"sourceSize": {"w":132,"h":99}
},
"07_020.png":
{
	"frame": {"x":805,"y":203,"w":132,"h":99},
	"rotated": false,
	"trimmed": false,
	"spriteSourceSize": {"x":0,"y":0,"w":132,"h":99},
	"sourceSize": {"w":132,"h":99}
},
"07_021.png":
{
	"frame": {"x":1,"y":304,"w":132,"h":99},
	"rotated": false,
	"trimmed": false,
	"spriteSourceSize": {"x":0,"y":0,"w":132,"h":99},
	"sourceSize": {"w":132,"h":99}
},
"07_022.png":
{
	"frame": {"x":135,"y":304,"w":132,"h":99},
	"rotated": false,
	"trimmed": false,
	"spriteSourceSize": {"x":0,"y":0,"w":132,"h":99},
	"sourceSize": {"w":132,"h":99}
},
"07_023.png":
{
	"frame": {"x":269,"y":304,"w":132,"h":99},
	"rotated": false,
	"trimmed": false,
	"spriteSourceSize": {"x":0,"y":0,"w":132,"h":99},
	"sourceSize": {"w":132,"h":99}
},
"07_024.png":
{
	"frame": {"x":403,"y":304,"w":132,"h":99},
	"rotated": false,
	"trimmed": false,
	"spriteSourceSize": {"x":0,"y":0,"w":132,"h":99},
	"sourceSize": {"w":132,"h":99}
},
"07_025.png":
{
	"frame": {"x":537,"y":304,"w":132,"h":99},
	"rotated": false,
	"trimmed": false,
	"spriteSourceSize": {"x":0,"y":0,"w":132,"h":99},
	"sourceSize": {"w":132,"h":99}
},
"07_026.png":
{
	"frame": {"x":671,"y":304,"w":132,"h":99},
	"rotated": false,
	"trimmed": false,
	"spriteSourceSize": {"x":0,"y":0,"w":132,"h":99},
	"sourceSize": {"w":132,"h":99}
},
"07_027.png":
{
	"frame": {"x":805,"y":304,"w":132,"h":99},
	"rotated": false,
	"trimmed": false,
	"spriteSourceSize": {"x":0,"y":0,"w":132,"h":99},
	"sourceSize": {"w":132,"h":99}
},
"07_028.png":
{
	"frame": {"x":1,"y":405,"w":132,"h":99},
	"rotated": false,
	"trimmed": false,
	"spriteSourceSize": {"x":0,"y":0,"w":132,"h":99},
	"sourceSize": {"w":132,"h":99}
},
"07_029.png":
{
	"frame": {"x":135,"y":405,"w":132,"h":99},
	"rotated": false,
	"trimmed": false,
	"spriteSourceSize": {"x":0,"y":0,"w":132,"h":99},
	"sourceSize": {"w":132,"h":99}
},
"07_030.png":
{
	"frame": {"x":269,"y":405,"w":132,"h":99},
	"rotated": false,
	"trimmed": false,
	"spriteSourceSize": {"x":0,"y":0,"w":132,"h":99},
	"sourceSize": {"w":132,"h":99}
},
"07_031.png":
{
	"frame": {"x":403,"y":405,"w":132,"h":99},
	"rotated": false,
	"trimmed": false,
	"spriteSourceSize": {"x":0,"y":0,"w":132,"h":99},
	"sourceSize": {"w":132,"h":99}
},
"07_032.png":
{
	"frame": {"x":537,"y":405,"w":132,"h":99},
	"rotated": false,
	"trimmed": false,
	"spriteSourceSize": {"x":0,"y":0,"w":132,"h":99},
	"sourceSize": {"w":132,"h":99}
},
"07_033.png":
{
	"frame": {"x":671,"y":405,"w":132,"h":99},
	"rotated": false,
	"trimmed": false,
	"spriteSourceSize": {"x":0,"y":0,"w":132,"h":99},
	"sourceSize": {"w":132,"h":99}
},
"07_034.png":
{
	"frame": {"x":805,"y":405,"w":132,"h":99},
	"rotated": false,
	"trimmed": false,
	"spriteSourceSize": {"x":0,"y":0,"w":132,"h":99},
	"sourceSize": {"w":132,"h":99}
},
"07_035.png":
{
	"frame": {"x":1,"y":506,"w":132,"h":99},
	"rotated": false,
	"trimmed": false,
	"spriteSourceSize": {"x":0,"y":0,"w":132,"h":99},
	"sourceSize": {"w":132,"h":99}
},
"07_036.png":
{
	"frame": {"x":135,"y":506,"w":132,"h":99},
	"rotated": false,
	"trimmed": false,
	"spriteSourceSize": {"x":0,"y":0,"w":132,"h":99},
	"sourceSize": {"w":132,"h":99}
},
"07_037.png":
{
	"frame": {"x":269,"y":506,"w":132,"h":99},
	"rotated": false,
	"trimmed": false,
	"spriteSourceSize": {"x":0,"y":0,"w":132,"h":99},
	"sourceSize": {"w":132,"h":99}
},
"07_038.png":
{
	"frame": {"x":403,"y":506,"w":132,"h":99},
	"rotated": false,
	"trimmed": false,
	"spriteSourceSize": {"x":0,"y":0,"w":132,"h":99},
	"sourceSize": {"w":132,"h":99}
},
"07_039.png":
{
	"frame": {"x":537,"y":506,"w":132,"h":99},
	"rotated": false,
	"trimmed": false,
	"spriteSourceSize": {"x":0,"y":0,"w":132,"h":99},
	"sourceSize": {"w":132,"h":99}
},
"07_040.png":
{
	"frame": {"x":671,"y":506,"w":132,"h":99},
	"rotated": false,
	"trimmed": false,
	"spriteSourceSize": {"x":0,"y":0,"w":132,"h":99},
	"sourceSize": {"w":132,"h":99}
},
"07_041.png":
{
	"frame": {"x":805,"y":506,"w":132,"h":99},
	"rotated": false,
	"trimmed": false,
	"spriteSourceSize": {"x":0,"y":0,"w":132,"h":99},
	"sourceSize": {"w":132,"h":99}
},
"07_042.png":
{
	"frame": {"x":1,"y":607,"w":132,"h":99},
	"rotated": false,
	"trimmed": false,
	"spriteSourceSize": {"x":0,"y":0,"w":132,"h":99},
	"sourceSize": {"w":132,"h":99}
},
"07_043.png":
{
	"frame": {"x":135,"y":607,"w":132,"h":99},
	"rotated": false,
	"trimmed": false,
	"spriteSourceSize": {"x":0,"y":0,"w":132,"h":99},
	"sourceSize": {"w":132,"h":99}
},
"07_044.png":
{
	"frame": {"x":269,"y":607,"w":132,"h":99},
	"rotated": false,
	"trimmed": false,
	"spriteSourceSize": {"x":0,"y":0,"w":132,"h":99},
	"sourceSize": {"w":132,"h":99}
},
"07_045.png":
{
	"frame": {"x":403,"y":607,"w":132,"h":99},
	"rotated": false,
	"trimmed": false,
	"spriteSourceSize": {"x":0,"y":0,"w":132,"h":99},
	"sourceSize": {"w":132,"h":99}
},
"07_046.png":
{
	"frame": {"x":537,"y":607,"w":132,"h":99},
	"rotated": false,
	"trimmed": false,
	"spriteSourceSize": {"x":0,"y":0,"w":132,"h":99},
	"sourceSize": {"w":132,"h":99}
},
"07_047.png":
{
	"frame": {"x":671,"y":607,"w":132,"h":99},
	"rotated": false,
	"trimmed": false,
	"spriteSourceSize": {"x":0,"y":0,"w":132,"h":99},
	"sourceSize": {"w":132,"h":99}
},
"07_048.png":
{
	"frame": {"x":805,"y":607,"w":132,"h":99},
	"rotated": false,
	"trimmed": false,
	"spriteSourceSize": {"x":0,"y":0,"w":132,"h":99},
	"sourceSize": {"w":132,"h":99}
},
"07_049.png":
{
	"frame": {"x":1,"y":708,"w":132,"h":99},
	"rotated": false,
	"trimmed": false,
	"spriteSourceSize": {"x":0,"y":0,"w":132,"h":99},
	"sourceSize": {"w":132,"h":99}
}},
"meta": {
	"app": "https://www.codeandweb.com/texturepacker",
	"version": "1.0",
	"image": "07-0.jpg",
	"format": "RGBA8888",
	"size": {"w":1024,"h":1024},
	"scale": "1",
	"smartupdate": "$TexturePacker:SmartUpdate:4a390def5be8fbc27e29faf12fcccdfa:12b503761e4c05b9bb8c76ffd603db0c:ee9c1e5b523ed987bdf4746673d326ab$"
}
}
