{"frames": {

"08_000.png":
{
	"frame": {"x":1,"y":1,"w":132,"h":99},
	"rotated": false,
	"trimmed": false,
	"spriteSourceSize": {"x":0,"y":0,"w":132,"h":99},
	"sourceSize": {"w":132,"h":99}
},
"08_001.png":
{
	"frame": {"x":135,"y":1,"w":132,"h":99},
	"rotated": false,
	"trimmed": false,
	"spriteSourceSize": {"x":0,"y":0,"w":132,"h":99},
	"sourceSize": {"w":132,"h":99}
},
"08_002.png":
{
	"frame": {"x":269,"y":1,"w":132,"h":99},
	"rotated": false,
	"trimmed": false,
	"spriteSourceSize": {"x":0,"y":0,"w":132,"h":99},
	"sourceSize": {"w":132,"h":99}
},
"08_003.png":
{
	"frame": {"x":403,"y":1,"w":132,"h":99},
	"rotated": false,
	"trimmed": false,
	"spriteSourceSize": {"x":0,"y":0,"w":132,"h":99},
	"sourceSize": {"w":132,"h":99}
},
"08_004.png":
{
	"frame": {"x":537,"y":1,"w":132,"h":99},
	"rotated": false,
	"trimmed": false,
	"spriteSourceSize": {"x":0,"y":0,"w":132,"h":99},
	"sourceSize": {"w":132,"h":99}
},
"08_005.png":
{
	"frame": {"x":671,"y":1,"w":132,"h":99},
	"rotated": false,
	"trimmed": false,
	"spriteSourceSize": {"x":0,"y":0,"w":132,"h":99},
	"sourceSize": {"w":132,"h":99}
},
"08_006.png":
{
	"frame": {"x":805,"y":1,"w":132,"h":99},
	"rotated": false,
	"trimmed": false,
	"spriteSourceSize": {"x":0,"y":0,"w":132,"h":99},
	"sourceSize": {"w":132,"h":99}
},
"08_007.png":
{
	"frame": {"x":1,"y":102,"w":132,"h":99},
	"rotated": false,
	"trimmed": false,
	"spriteSourceSize": {"x":0,"y":0,"w":132,"h":99},
	"sourceSize": {"w":132,"h":99}
},
"08_008.png":
{
	"frame": {"x":135,"y":102,"w":132,"h":99},
	"rotated": false,
	"trimmed": false,
	"spriteSourceSize": {"x":0,"y":0,"w":132,"h":99},
	"sourceSize": {"w":132,"h":99}
},
"08_009.png":
{
	"frame": {"x":269,"y":102,"w":132,"h":99},
	"rotated": false,
	"trimmed": false,
	"spriteSourceSize": {"x":0,"y":0,"w":132,"h":99},
	"sourceSize": {"w":132,"h":99}
},
"08_010.png":
{
	"frame": {"x":403,"y":102,"w":132,"h":99},
	"rotated": false,
	"trimmed": false,
	"spriteSourceSize": {"x":0,"y":0,"w":132,"h":99},
	"sourceSize": {"w":132,"h":99}
},
"08_011.png":
{
	"frame": {"x":537,"y":102,"w":132,"h":99},
	"rotated": false,
	"trimmed": false,
	"spriteSourceSize": {"x":0,"y":0,"w":132,"h":99},
	"sourceSize": {"w":132,"h":99}
},
"08_012.png":
{
	"frame": {"x":671,"y":102,"w":132,"h":99},
	"rotated": false,
	"trimmed": false,
	"spriteSourceSize": {"x":0,"y":0,"w":132,"h":99},
	"sourceSize": {"w":132,"h":99}
},
"08_013.png":
{
	"frame": {"x":805,"y":102,"w":132,"h":99},
	"rotated": false,
	"trimmed": false,
	"spriteSourceSize": {"x":0,"y":0,"w":132,"h":99},
	"sourceSize": {"w":132,"h":99}
},
"08_014.png":
{
	"frame": {"x":1,"y":203,"w":132,"h":99},
	"rotated": false,
	"trimmed": false,
	"spriteSourceSize": {"x":0,"y":0,"w":132,"h":99},
	"sourceSize": {"w":132,"h":99}
},
"08_015.png":
{
	"frame": {"x":135,"y":203,"w":132,"h":99},
	"rotated": false,
	"trimmed": false,
	"spriteSourceSize": {"x":0,"y":0,"w":132,"h":99},
	"sourceSize": {"w":132,"h":99}
},
"08_016.png":
{
	"frame": {"x":269,"y":203,"w":132,"h":99},
	"rotated": false,
	"trimmed": false,
	"spriteSourceSize": {"x":0,"y":0,"w":132,"h":99},
	"sourceSize": {"w":132,"h":99}
},
"08_017.png":
{
	"frame": {"x":403,"y":203,"w":132,"h":99},
	"rotated": false,
	"trimmed": false,
	"spriteSourceSize": {"x":0,"y":0,"w":132,"h":99},
	"sourceSize": {"w":132,"h":99}
},
"08_018.png":
{
	"frame": {"x":537,"y":203,"w":132,"h":99},
	"rotated": false,
	"trimmed": false,
	"spriteSourceSize": {"x":0,"y":0,"w":132,"h":99},
	"sourceSize": {"w":132,"h":99}
},
"08_019.png":
{
	"frame": {"x":671,"y":203,"w":132,"h":99},
	"rotated": false,
	"trimmed": false,
	"spriteSourceSize": {"x":0,"y":0,"w":132,"h":99},
	"sourceSize": {"w":132,"h":99}
},
"08_020.png":
{
	"frame": {"x":805,"y":203,"w":132,"h":99},
	"rotated": false,
	"trimmed": false,
	"spriteSourceSize": {"x":0,"y":0,"w":132,"h":99},
	"sourceSize": {"w":132,"h":99}
},
"08_021.png":
{
	"frame": {"x":1,"y":304,"w":132,"h":99},
	"rotated": false,
	"trimmed": false,
	"spriteSourceSize": {"x":0,"y":0,"w":132,"h":99},
	"sourceSize": {"w":132,"h":99}
},
"08_022.png":
{
	"frame": {"x":135,"y":304,"w":132,"h":99},
	"rotated": false,
	"trimmed": false,
	"spriteSourceSize": {"x":0,"y":0,"w":132,"h":99},
	"sourceSize": {"w":132,"h":99}
},
"08_023.png":
{
	"frame": {"x":269,"y":304,"w":132,"h":99},
	"rotated": false,
	"trimmed": false,
	"spriteSourceSize": {"x":0,"y":0,"w":132,"h":99},
	"sourceSize": {"w":132,"h":99}
},
"08_024.png":
{
	"frame": {"x":403,"y":304,"w":132,"h":99},
	"rotated": false,
	"trimmed": false,
	"spriteSourceSize": {"x":0,"y":0,"w":132,"h":99},
	"sourceSize": {"w":132,"h":99}
},
"08_025.png":
{
	"frame": {"x":537,"y":304,"w":132,"h":99},
	"rotated": false,
	"trimmed": false,
	"spriteSourceSize": {"x":0,"y":0,"w":132,"h":99},
	"sourceSize": {"w":132,"h":99}
},
"08_026.png":
{
	"frame": {"x":671,"y":304,"w":132,"h":99},
	"rotated": false,
	"trimmed": false,
	"spriteSourceSize": {"x":0,"y":0,"w":132,"h":99},
	"sourceSize": {"w":132,"h":99}
},
"08_027.png":
{
	"frame": {"x":805,"y":304,"w":132,"h":99},
	"rotated": false,
	"trimmed": false,
	"spriteSourceSize": {"x":0,"y":0,"w":132,"h":99},
	"sourceSize": {"w":132,"h":99}
},
"08_028.png":
{
	"frame": {"x":1,"y":405,"w":132,"h":99},
	"rotated": false,
	"trimmed": false,
	"spriteSourceSize": {"x":0,"y":0,"w":132,"h":99},
	"sourceSize": {"w":132,"h":99}
},
"08_029.png":
{
	"frame": {"x":135,"y":405,"w":132,"h":99},
	"rotated": false,
	"trimmed": false,
	"spriteSourceSize": {"x":0,"y":0,"w":132,"h":99},
	"sourceSize": {"w":132,"h":99}
},
"08_030.png":
{
	"frame": {"x":269,"y":405,"w":132,"h":99},
	"rotated": false,
	"trimmed": false,
	"spriteSourceSize": {"x":0,"y":0,"w":132,"h":99},
	"sourceSize": {"w":132,"h":99}
},
"08_031.png":
{
	"frame": {"x":403,"y":405,"w":132,"h":99},
	"rotated": false,
	"trimmed": false,
	"spriteSourceSize": {"x":0,"y":0,"w":132,"h":99},
	"sourceSize": {"w":132,"h":99}
},
"08_032.png":
{
	"frame": {"x":537,"y":405,"w":132,"h":99},
	"rotated": false,
	"trimmed": false,
	"spriteSourceSize": {"x":0,"y":0,"w":132,"h":99},
	"sourceSize": {"w":132,"h":99}
},
"08_033.png":
{
	"frame": {"x":671,"y":405,"w":132,"h":99},
	"rotated": false,
	"trimmed": false,
	"spriteSourceSize": {"x":0,"y":0,"w":132,"h":99},
	"sourceSize": {"w":132,"h":99}
},
"08_034.png":
{
	"frame": {"x":805,"y":405,"w":132,"h":99},
	"rotated": false,
	"trimmed": false,
	"spriteSourceSize": {"x":0,"y":0,"w":132,"h":99},
	"sourceSize": {"w":132,"h":99}
},
"08_035.png":
{
	"frame": {"x":1,"y":506,"w":132,"h":99},
	"rotated": false,
	"trimmed": false,
	"spriteSourceSize": {"x":0,"y":0,"w":132,"h":99},
	"sourceSize": {"w":132,"h":99}
},
"08_036.png":
{
	"frame": {"x":135,"y":506,"w":132,"h":99},
	"rotated": false,
	"trimmed": false,
	"spriteSourceSize": {"x":0,"y":0,"w":132,"h":99},
	"sourceSize": {"w":132,"h":99}
},
"08_037.png":
{
	"frame": {"x":269,"y":506,"w":132,"h":99},
	"rotated": false,
	"trimmed": false,
	"spriteSourceSize": {"x":0,"y":0,"w":132,"h":99},
	"sourceSize": {"w":132,"h":99}
},
"08_038.png":
{
	"frame": {"x":403,"y":506,"w":132,"h":99},
	"rotated": false,
	"trimmed": false,
	"spriteSourceSize": {"x":0,"y":0,"w":132,"h":99},
	"sourceSize": {"w":132,"h":99}
},
"08_039.png":
{
	"frame": {"x":537,"y":506,"w":132,"h":99},
	"rotated": false,
	"trimmed": false,
	"spriteSourceSize": {"x":0,"y":0,"w":132,"h":99},
	"sourceSize": {"w":132,"h":99}
},
"08_040.png":
{
	"frame": {"x":671,"y":506,"w":132,"h":99},
	"rotated": false,
	"trimmed": false,
	"spriteSourceSize": {"x":0,"y":0,"w":132,"h":99},
	"sourceSize": {"w":132,"h":99}
},
"08_041.png":
{
	"frame": {"x":805,"y":506,"w":132,"h":99},
	"rotated": false,
	"trimmed": false,
	"spriteSourceSize": {"x":0,"y":0,"w":132,"h":99},
	"sourceSize": {"w":132,"h":99}
},
"08_042.png":
{
	"frame": {"x":1,"y":607,"w":132,"h":99},
	"rotated": false,
	"trimmed": false,
	"spriteSourceSize": {"x":0,"y":0,"w":132,"h":99},
	"sourceSize": {"w":132,"h":99}
},
"08_043.png":
{
	"frame": {"x":135,"y":607,"w":132,"h":99},
	"rotated": false,
	"trimmed": false,
	"spriteSourceSize": {"x":0,"y":0,"w":132,"h":99},
	"sourceSize": {"w":132,"h":99}
},
"08_044.png":
{
	"frame": {"x":269,"y":607,"w":132,"h":99},
	"rotated": false,
	"trimmed": false,
	"spriteSourceSize": {"x":0,"y":0,"w":132,"h":99},
	"sourceSize": {"w":132,"h":99}
},
"08_045.png":
{
	"frame": {"x":403,"y":607,"w":132,"h":99},
	"rotated": false,
	"trimmed": false,
	"spriteSourceSize": {"x":0,"y":0,"w":132,"h":99},
	"sourceSize": {"w":132,"h":99}
},
"08_046.png":
{
	"frame": {"x":537,"y":607,"w":132,"h":99},
	"rotated": false,
	"trimmed": false,
	"spriteSourceSize": {"x":0,"y":0,"w":132,"h":99},
	"sourceSize": {"w":132,"h":99}
},
"08_047.png":
{
	"frame": {"x":671,"y":607,"w":132,"h":99},
	"rotated": false,
	"trimmed": false,
	"spriteSourceSize": {"x":0,"y":0,"w":132,"h":99},
	"sourceSize": {"w":132,"h":99}
},
"08_048.png":
{
	"frame": {"x":805,"y":607,"w":132,"h":99},
	"rotated": false,
	"trimmed": false,
	"spriteSourceSize": {"x":0,"y":0,"w":132,"h":99},
	"sourceSize": {"w":132,"h":99}
},
"08_049.png":
{
	"frame": {"x":1,"y":708,"w":132,"h":99},
	"rotated": false,
	"trimmed": false,
	"spriteSourceSize": {"x":0,"y":0,"w":132,"h":99},
	"sourceSize": {"w":132,"h":99}
}},
"meta": {
	"app": "https://www.codeandweb.com/texturepacker",
	"version": "1.0",
	"image": "08-0.jpg",
	"format": "RGBA8888",
	"size": {"w":1024,"h":1024},
	"scale": "1",
	"smartupdate": "$TexturePacker:SmartUpdate:0934160ad175de6e9434cbddfbeb645a:44be7de352b8ee825f0482012c2dd018:a8883fff3a8df38db3f67e816b30b117$"
}
}
