{"frames": {

"09_000.png":
{
	"frame": {"x":1,"y":1,"w":132,"h":99},
	"rotated": false,
	"trimmed": false,
	"spriteSourceSize": {"x":0,"y":0,"w":132,"h":99},
	"sourceSize": {"w":132,"h":99}
},
"09_001.png":
{
	"frame": {"x":135,"y":1,"w":132,"h":99},
	"rotated": false,
	"trimmed": false,
	"spriteSourceSize": {"x":0,"y":0,"w":132,"h":99},
	"sourceSize": {"w":132,"h":99}
},
"09_002.png":
{
	"frame": {"x":269,"y":1,"w":132,"h":99},
	"rotated": false,
	"trimmed": false,
	"spriteSourceSize": {"x":0,"y":0,"w":132,"h":99},
	"sourceSize": {"w":132,"h":99}
},
"09_003.png":
{
	"frame": {"x":403,"y":1,"w":132,"h":99},
	"rotated": false,
	"trimmed": false,
	"spriteSourceSize": {"x":0,"y":0,"w":132,"h":99},
	"sourceSize": {"w":132,"h":99}
},
"09_004.png":
{
	"frame": {"x":537,"y":1,"w":132,"h":99},
	"rotated": false,
	"trimmed": false,
	"spriteSourceSize": {"x":0,"y":0,"w":132,"h":99},
	"sourceSize": {"w":132,"h":99}
},
"09_005.png":
{
	"frame": {"x":671,"y":1,"w":132,"h":99},
	"rotated": false,
	"trimmed": false,
	"spriteSourceSize": {"x":0,"y":0,"w":132,"h":99},
	"sourceSize": {"w":132,"h":99}
},
"09_006.png":
{
	"frame": {"x":805,"y":1,"w":132,"h":99},
	"rotated": false,
	"trimmed": false,
	"spriteSourceSize": {"x":0,"y":0,"w":132,"h":99},
	"sourceSize": {"w":132,"h":99}
},
"09_007.png":
{
	"frame": {"x":1,"y":102,"w":132,"h":99},
	"rotated": false,
	"trimmed": false,
	"spriteSourceSize": {"x":0,"y":0,"w":132,"h":99},
	"sourceSize": {"w":132,"h":99}
},
"09_008.png":
{
	"frame": {"x":135,"y":102,"w":132,"h":99},
	"rotated": false,
	"trimmed": false,
	"spriteSourceSize": {"x":0,"y":0,"w":132,"h":99},
	"sourceSize": {"w":132,"h":99}
},
"09_009.png":
{
	"frame": {"x":269,"y":102,"w":132,"h":99},
	"rotated": false,
	"trimmed": false,
	"spriteSourceSize": {"x":0,"y":0,"w":132,"h":99},
	"sourceSize": {"w":132,"h":99}
},
"09_010.png":
{
	"frame": {"x":403,"y":102,"w":132,"h":99},
	"rotated": false,
	"trimmed": false,
	"spriteSourceSize": {"x":0,"y":0,"w":132,"h":99},
	"sourceSize": {"w":132,"h":99}
},
"09_011.png":
{
	"frame": {"x":537,"y":102,"w":132,"h":99},
	"rotated": false,
	"trimmed": false,
	"spriteSourceSize": {"x":0,"y":0,"w":132,"h":99},
	"sourceSize": {"w":132,"h":99}
},
"09_012.png":
{
	"frame": {"x":671,"y":102,"w":132,"h":99},
	"rotated": false,
	"trimmed": false,
	"spriteSourceSize": {"x":0,"y":0,"w":132,"h":99},
	"sourceSize": {"w":132,"h":99}
},
"09_013.png":
{
	"frame": {"x":805,"y":102,"w":132,"h":99},
	"rotated": false,
	"trimmed": false,
	"spriteSourceSize": {"x":0,"y":0,"w":132,"h":99},
	"sourceSize": {"w":132,"h":99}
},
"09_014.png":
{
	"frame": {"x":1,"y":203,"w":132,"h":99},
	"rotated": false,
	"trimmed": false,
	"spriteSourceSize": {"x":0,"y":0,"w":132,"h":99},
	"sourceSize": {"w":132,"h":99}
},
"09_015.png":
{
	"frame": {"x":135,"y":203,"w":132,"h":99},
	"rotated": false,
	"trimmed": false,
	"spriteSourceSize": {"x":0,"y":0,"w":132,"h":99},
	"sourceSize": {"w":132,"h":99}
},
"09_016.png":
{
	"frame": {"x":269,"y":203,"w":132,"h":99},
	"rotated": false,
	"trimmed": false,
	"spriteSourceSize": {"x":0,"y":0,"w":132,"h":99},
	"sourceSize": {"w":132,"h":99}
},
"09_017.png":
{
	"frame": {"x":403,"y":203,"w":132,"h":99},
	"rotated": false,
	"trimmed": false,
	"spriteSourceSize": {"x":0,"y":0,"w":132,"h":99},
	"sourceSize": {"w":132,"h":99}
},
"09_018.png":
{
	"frame": {"x":537,"y":203,"w":132,"h":99},
	"rotated": false,
	"trimmed": false,
	"spriteSourceSize": {"x":0,"y":0,"w":132,"h":99},
	"sourceSize": {"w":132,"h":99}
},
"09_019.png":
{
	"frame": {"x":671,"y":203,"w":132,"h":99},
	"rotated": false,
	"trimmed": false,
	"spriteSourceSize": {"x":0,"y":0,"w":132,"h":99},
	"sourceSize": {"w":132,"h":99}
},
"09_020.png":
{
	"frame": {"x":805,"y":203,"w":132,"h":99},
	"rotated": false,
	"trimmed": false,
	"spriteSourceSize": {"x":0,"y":0,"w":132,"h":99},
	"sourceSize": {"w":132,"h":99}
},
"09_021.png":
{
	"frame": {"x":1,"y":304,"w":132,"h":99},
	"rotated": false,
	"trimmed": false,
	"spriteSourceSize": {"x":0,"y":0,"w":132,"h":99},
	"sourceSize": {"w":132,"h":99}
},
"09_022.png":
{
	"frame": {"x":135,"y":304,"w":132,"h":99},
	"rotated": false,
	"trimmed": false,
	"spriteSourceSize": {"x":0,"y":0,"w":132,"h":99},
	"sourceSize": {"w":132,"h":99}
},
"09_023.png":
{
	"frame": {"x":269,"y":304,"w":132,"h":99},
	"rotated": false,
	"trimmed": false,
	"spriteSourceSize": {"x":0,"y":0,"w":132,"h":99},
	"sourceSize": {"w":132,"h":99}
},
"09_024.png":
{
	"frame": {"x":403,"y":304,"w":132,"h":99},
	"rotated": false,
	"trimmed": false,
	"spriteSourceSize": {"x":0,"y":0,"w":132,"h":99},
	"sourceSize": {"w":132,"h":99}
},
"09_025.png":
{
	"frame": {"x":537,"y":304,"w":132,"h":99},
	"rotated": false,
	"trimmed": false,
	"spriteSourceSize": {"x":0,"y":0,"w":132,"h":99},
	"sourceSize": {"w":132,"h":99}
},
"09_026.png":
{
	"frame": {"x":671,"y":304,"w":132,"h":99},
	"rotated": false,
	"trimmed": false,
	"spriteSourceSize": {"x":0,"y":0,"w":132,"h":99},
	"sourceSize": {"w":132,"h":99}
},
"09_027.png":
{
	"frame": {"x":805,"y":304,"w":132,"h":99},
	"rotated": false,
	"trimmed": false,
	"spriteSourceSize": {"x":0,"y":0,"w":132,"h":99},
	"sourceSize": {"w":132,"h":99}
},
"09_028.png":
{
	"frame": {"x":1,"y":405,"w":132,"h":99},
	"rotated": false,
	"trimmed": false,
	"spriteSourceSize": {"x":0,"y":0,"w":132,"h":99},
	"sourceSize": {"w":132,"h":99}
},
"09_029.png":
{
	"frame": {"x":135,"y":405,"w":132,"h":99},
	"rotated": false,
	"trimmed": false,
	"spriteSourceSize": {"x":0,"y":0,"w":132,"h":99},
	"sourceSize": {"w":132,"h":99}
},
"09_030.png":
{
	"frame": {"x":269,"y":405,"w":132,"h":99},
	"rotated": false,
	"trimmed": false,
	"spriteSourceSize": {"x":0,"y":0,"w":132,"h":99},
	"sourceSize": {"w":132,"h":99}
},
"09_031.png":
{
	"frame": {"x":403,"y":405,"w":132,"h":99},
	"rotated": false,
	"trimmed": false,
	"spriteSourceSize": {"x":0,"y":0,"w":132,"h":99},
	"sourceSize": {"w":132,"h":99}
},
"09_032.png":
{
	"frame": {"x":537,"y":405,"w":132,"h":99},
	"rotated": false,
	"trimmed": false,
	"spriteSourceSize": {"x":0,"y":0,"w":132,"h":99},
	"sourceSize": {"w":132,"h":99}
},
"09_033.png":
{
	"frame": {"x":671,"y":405,"w":132,"h":99},
	"rotated": false,
	"trimmed": false,
	"spriteSourceSize": {"x":0,"y":0,"w":132,"h":99},
	"sourceSize": {"w":132,"h":99}
},
"09_034.png":
{
	"frame": {"x":805,"y":405,"w":132,"h":99},
	"rotated": false,
	"trimmed": false,
	"spriteSourceSize": {"x":0,"y":0,"w":132,"h":99},
	"sourceSize": {"w":132,"h":99}
},
"09_035.png":
{
	"frame": {"x":1,"y":506,"w":132,"h":99},
	"rotated": false,
	"trimmed": false,
	"spriteSourceSize": {"x":0,"y":0,"w":132,"h":99},
	"sourceSize": {"w":132,"h":99}
},
"09_036.png":
{
	"frame": {"x":135,"y":506,"w":132,"h":99},
	"rotated": false,
	"trimmed": false,
	"spriteSourceSize": {"x":0,"y":0,"w":132,"h":99},
	"sourceSize": {"w":132,"h":99}
},
"09_037.png":
{
	"frame": {"x":269,"y":506,"w":132,"h":99},
	"rotated": false,
	"trimmed": false,
	"spriteSourceSize": {"x":0,"y":0,"w":132,"h":99},
	"sourceSize": {"w":132,"h":99}
},
"09_038.png":
{
	"frame": {"x":403,"y":506,"w":132,"h":99},
	"rotated": false,
	"trimmed": false,
	"spriteSourceSize": {"x":0,"y":0,"w":132,"h":99},
	"sourceSize": {"w":132,"h":99}
},
"09_039.png":
{
	"frame": {"x":537,"y":506,"w":132,"h":99},
	"rotated": false,
	"trimmed": false,
	"spriteSourceSize": {"x":0,"y":0,"w":132,"h":99},
	"sourceSize": {"w":132,"h":99}
},
"09_040.png":
{
	"frame": {"x":671,"y":506,"w":132,"h":99},
	"rotated": false,
	"trimmed": false,
	"spriteSourceSize": {"x":0,"y":0,"w":132,"h":99},
	"sourceSize": {"w":132,"h":99}
},
"09_041.png":
{
	"frame": {"x":805,"y":506,"w":132,"h":99},
	"rotated": false,
	"trimmed": false,
	"spriteSourceSize": {"x":0,"y":0,"w":132,"h":99},
	"sourceSize": {"w":132,"h":99}
},
"09_042.png":
{
	"frame": {"x":1,"y":607,"w":132,"h":99},
	"rotated": false,
	"trimmed": false,
	"spriteSourceSize": {"x":0,"y":0,"w":132,"h":99},
	"sourceSize": {"w":132,"h":99}
},
"09_043.png":
{
	"frame": {"x":135,"y":607,"w":132,"h":99},
	"rotated": false,
	"trimmed": false,
	"spriteSourceSize": {"x":0,"y":0,"w":132,"h":99},
	"sourceSize": {"w":132,"h":99}
},
"09_044.png":
{
	"frame": {"x":269,"y":607,"w":132,"h":99},
	"rotated": false,
	"trimmed": false,
	"spriteSourceSize": {"x":0,"y":0,"w":132,"h":99},
	"sourceSize": {"w":132,"h":99}
},
"09_045.png":
{
	"frame": {"x":403,"y":607,"w":132,"h":99},
	"rotated": false,
	"trimmed": false,
	"spriteSourceSize": {"x":0,"y":0,"w":132,"h":99},
	"sourceSize": {"w":132,"h":99}
},
"09_046.png":
{
	"frame": {"x":537,"y":607,"w":132,"h":99},
	"rotated": false,
	"trimmed": false,
	"spriteSourceSize": {"x":0,"y":0,"w":132,"h":99},
	"sourceSize": {"w":132,"h":99}
},
"09_047.png":
{
	"frame": {"x":671,"y":607,"w":132,"h":99},
	"rotated": false,
	"trimmed": false,
	"spriteSourceSize": {"x":0,"y":0,"w":132,"h":99},
	"sourceSize": {"w":132,"h":99}
},
"09_048.png":
{
	"frame": {"x":805,"y":607,"w":132,"h":99},
	"rotated": false,
	"trimmed": false,
	"spriteSourceSize": {"x":0,"y":0,"w":132,"h":99},
	"sourceSize": {"w":132,"h":99}
},
"09_049.png":
{
	"frame": {"x":1,"y":708,"w":132,"h":99},
	"rotated": false,
	"trimmed": false,
	"spriteSourceSize": {"x":0,"y":0,"w":132,"h":99},
	"sourceSize": {"w":132,"h":99}
},
"09_050.png":
{
	"frame": {"x":135,"y":708,"w":132,"h":99},
	"rotated": false,
	"trimmed": false,
	"spriteSourceSize": {"x":0,"y":0,"w":132,"h":99},
	"sourceSize": {"w":132,"h":99}
},
"09_051.png":
{
	"frame": {"x":269,"y":708,"w":132,"h":99},
	"rotated": false,
	"trimmed": false,
	"spriteSourceSize": {"x":0,"y":0,"w":132,"h":99},
	"sourceSize": {"w":132,"h":99}
},
"09_052.png":
{
	"frame": {"x":403,"y":708,"w":132,"h":99},
	"rotated": false,
	"trimmed": false,
	"spriteSourceSize": {"x":0,"y":0,"w":132,"h":99},
	"sourceSize": {"w":132,"h":99}
},
"09_053.png":
{
	"frame": {"x":537,"y":708,"w":132,"h":99},
	"rotated": false,
	"trimmed": false,
	"spriteSourceSize": {"x":0,"y":0,"w":132,"h":99},
	"sourceSize": {"w":132,"h":99}
},
"09_054.png":
{
	"frame": {"x":671,"y":708,"w":132,"h":99},
	"rotated": false,
	"trimmed": false,
	"spriteSourceSize": {"x":0,"y":0,"w":132,"h":99},
	"sourceSize": {"w":132,"h":99}
},
"09_055.png":
{
	"frame": {"x":805,"y":708,"w":132,"h":99},
	"rotated": false,
	"trimmed": false,
	"spriteSourceSize": {"x":0,"y":0,"w":132,"h":99},
	"sourceSize": {"w":132,"h":99}
},
"09_056.png":
{
	"frame": {"x":1,"y":809,"w":132,"h":99},
	"rotated": false,
	"trimmed": false,
	"spriteSourceSize": {"x":0,"y":0,"w":132,"h":99},
	"sourceSize": {"w":132,"h":99}
},
"09_057.png":
{
	"frame": {"x":135,"y":809,"w":132,"h":99},
	"rotated": false,
	"trimmed": false,
	"spriteSourceSize": {"x":0,"y":0,"w":132,"h":99},
	"sourceSize": {"w":132,"h":99}
},
"09_058.png":
{
	"frame": {"x":269,"y":809,"w":132,"h":99},
	"rotated": false,
	"trimmed": false,
	"spriteSourceSize": {"x":0,"y":0,"w":132,"h":99},
	"sourceSize": {"w":132,"h":99}
},
"09_059.png":
{
	"frame": {"x":403,"y":809,"w":132,"h":99},
	"rotated": false,
	"trimmed": false,
	"spriteSourceSize": {"x":0,"y":0,"w":132,"h":99},
	"sourceSize": {"w":132,"h":99}
},
"09_060.png":
{
	"frame": {"x":537,"y":809,"w":132,"h":99},
	"rotated": false,
	"trimmed": false,
	"spriteSourceSize": {"x":0,"y":0,"w":132,"h":99},
	"sourceSize": {"w":132,"h":99}
},
"09_061.png":
{
	"frame": {"x":671,"y":809,"w":132,"h":99},
	"rotated": false,
	"trimmed": false,
	"spriteSourceSize": {"x":0,"y":0,"w":132,"h":99},
	"sourceSize": {"w":132,"h":99}
},
"09_062.png":
{
	"frame": {"x":805,"y":809,"w":132,"h":99},
	"rotated": false,
	"trimmed": false,
	"spriteSourceSize": {"x":0,"y":0,"w":132,"h":99},
	"sourceSize": {"w":132,"h":99}
},
"09_063.png":
{
	"frame": {"x":1,"y":910,"w":132,"h":99},
	"rotated": false,
	"trimmed": false,
	"spriteSourceSize": {"x":0,"y":0,"w":132,"h":99},
	"sourceSize": {"w":132,"h":99}
},
"09_064.png":
{
	"frame": {"x":135,"y":910,"w":132,"h":99},
	"rotated": false,
	"trimmed": false,
	"spriteSourceSize": {"x":0,"y":0,"w":132,"h":99},
	"sourceSize": {"w":132,"h":99}
},
"09_065.png":
{
	"frame": {"x":269,"y":910,"w":132,"h":99},
	"rotated": false,
	"trimmed": false,
	"spriteSourceSize": {"x":0,"y":0,"w":132,"h":99},
	"sourceSize": {"w":132,"h":99}
},
"09_066.png":
{
	"frame": {"x":403,"y":910,"w":132,"h":99},
	"rotated": false,
	"trimmed": false,
	"spriteSourceSize": {"x":0,"y":0,"w":132,"h":99},
	"sourceSize": {"w":132,"h":99}
},
"09_067.png":
{
	"frame": {"x":537,"y":910,"w":132,"h":99},
	"rotated": false,
	"trimmed": false,
	"spriteSourceSize": {"x":0,"y":0,"w":132,"h":99},
	"sourceSize": {"w":132,"h":99}
},
"09_068.png":
{
	"frame": {"x":671,"y":910,"w":132,"h":99},
	"rotated": false,
	"trimmed": false,
	"spriteSourceSize": {"x":0,"y":0,"w":132,"h":99},
	"sourceSize": {"w":132,"h":99}
},
"09_069.png":
{
	"frame": {"x":805,"y":910,"w":132,"h":99},
	"rotated": false,
	"trimmed": false,
	"spriteSourceSize": {"x":0,"y":0,"w":132,"h":99},
	"sourceSize": {"w":132,"h":99}
}},
"meta": {
	"app": "https://www.codeandweb.com/texturepacker",
	"version": "1.0",
	"image": "09-0.jpg",
	"format": "RGBA8888",
	"size": {"w":1024,"h":1024},
	"scale": "1",
	"related_multi_packs": [ "09-1.json" ],
	"smartupdate": "$TexturePacker:SmartUpdate:67ab57b8bb52c5d1798febe54f1b1e13:6bbae54da7860915a6fff58d8af344d0:8b6aa544f843afc6ba984e7d1409b411$"
}
}
