{"frames": {

"09_070.png":
{
	"frame": {"x":1,"y":1,"w":132,"h":99},
	"rotated": false,
	"trimmed": false,
	"spriteSourceSize": {"x":0,"y":0,"w":132,"h":99},
	"sourceSize": {"w":132,"h":99}
},
"09_071.png":
{
	"frame": {"x":135,"y":1,"w":132,"h":99},
	"rotated": false,
	"trimmed": false,
	"spriteSourceSize": {"x":0,"y":0,"w":132,"h":99},
	"sourceSize": {"w":132,"h":99}
},
"09_072.png":
{
	"frame": {"x":269,"y":1,"w":132,"h":99},
	"rotated": false,
	"trimmed": false,
	"spriteSourceSize": {"x":0,"y":0,"w":132,"h":99},
	"sourceSize": {"w":132,"h":99}
},
"09_073.png":
{
	"frame": {"x":1,"y":102,"w":132,"h":99},
	"rotated": false,
	"trimmed": false,
	"spriteSourceSize": {"x":0,"y":0,"w":132,"h":99},
	"sourceSize": {"w":132,"h":99}
},
"09_074.png":
{
	"frame": {"x":135,"y":102,"w":132,"h":99},
	"rotated": false,
	"trimmed": false,
	"spriteSourceSize": {"x":0,"y":0,"w":132,"h":99},
	"sourceSize": {"w":132,"h":99}
},
"09_075.png":
{
	"frame": {"x":269,"y":102,"w":132,"h":99},
	"rotated": false,
	"trimmed": false,
	"spriteSourceSize": {"x":0,"y":0,"w":132,"h":99},
	"sourceSize": {"w":132,"h":99}
},
"09_076.png":
{
	"frame": {"x":1,"y":203,"w":132,"h":99},
	"rotated": false,
	"trimmed": false,
	"spriteSourceSize": {"x":0,"y":0,"w":132,"h":99},
	"sourceSize": {"w":132,"h":99}
},
"09_077.png":
{
	"frame": {"x":135,"y":203,"w":132,"h":99},
	"rotated": false,
	"trimmed": false,
	"spriteSourceSize": {"x":0,"y":0,"w":132,"h":99},
	"sourceSize": {"w":132,"h":99}
},
"09_078.png":
{
	"frame": {"x":269,"y":203,"w":132,"h":99},
	"rotated": false,
	"trimmed": false,
	"spriteSourceSize": {"x":0,"y":0,"w":132,"h":99},
	"sourceSize": {"w":132,"h":99}
},
"09_079.png":
{
	"frame": {"x":1,"y":304,"w":132,"h":99},
	"rotated": false,
	"trimmed": false,
	"spriteSourceSize": {"x":0,"y":0,"w":132,"h":99},
	"sourceSize": {"w":132,"h":99}
}},
"meta": {
	"app": "https://www.codeandweb.com/texturepacker",
	"version": "1.0",
	"image": "09-1.jpg",
	"format": "RGBA8888",
	"size": {"w":512,"h":512},
	"scale": "1",
	"related_multi_packs": [ "09-0.json" ],
	"smartupdate": "$TexturePacker:SmartUpdate:67ab57b8bb52c5d1798febe54f1b1e13:6bbae54da7860915a6fff58d8af344d0:8b6aa544f843afc6ba984e7d1409b411$"
}
}
