{"frames": {

"10top_081.png":
{
	"frame": {"x":1,"y":1,"w":205,"h":354},
	"rotated": false,
	"trimmed": false,
	"spriteSourceSize": {"x":0,"y":0,"w":205,"h":354},
	"sourceSize": {"w":205,"h":354}
},
"10top_082.png":
{
	"frame": {"x":1,"y":1,"w":205,"h":354},
	"rotated": false,
	"trimmed": false,
	"spriteSourceSize": {"x":0,"y":0,"w":205,"h":354},
	"sourceSize": {"w":205,"h":354}
},
"10top_083.png":
{
	"frame": {"x":208,"y":1,"w":205,"h":354},
	"rotated": false,
	"trimmed": false,
	"spriteSourceSize": {"x":0,"y":0,"w":205,"h":354},
	"sourceSize": {"w":205,"h":354}
},
"10top_084.png":
{
	"frame": {"x":208,"y":1,"w":205,"h":354},
	"rotated": false,
	"trimmed": false,
	"spriteSourceSize": {"x":0,"y":0,"w":205,"h":354},
	"sourceSize": {"w":205,"h":354}
},
"10top_085.png":
{
	"frame": {"x":415,"y":1,"w":205,"h":354},
	"rotated": false,
	"trimmed": false,
	"spriteSourceSize": {"x":0,"y":0,"w":205,"h":354},
	"sourceSize": {"w":205,"h":354}
},
"10top_086.png":
{
	"frame": {"x":415,"y":1,"w":205,"h":354},
	"rotated": false,
	"trimmed": false,
	"spriteSourceSize": {"x":0,"y":0,"w":205,"h":354},
	"sourceSize": {"w":205,"h":354}
},
"10top_087.png":
{
	"frame": {"x":622,"y":1,"w":205,"h":354},
	"rotated": false,
	"trimmed": false,
	"spriteSourceSize": {"x":0,"y":0,"w":205,"h":354},
	"sourceSize": {"w":205,"h":354}
},
"10top_088.png":
{
	"frame": {"x":622,"y":1,"w":205,"h":354},
	"rotated": false,
	"trimmed": false,
	"spriteSourceSize": {"x":0,"y":0,"w":205,"h":354},
	"sourceSize": {"w":205,"h":354}
},
"10top_089.png":
{
	"frame": {"x":1,"y":357,"w":205,"h":354},
	"rotated": false,
	"trimmed": false,
	"spriteSourceSize": {"x":0,"y":0,"w":205,"h":354},
	"sourceSize": {"w":205,"h":354}
}},
"meta": {
	"app": "https://www.codeandweb.com/texturepacker",
	"version": "1.0",
	"image": "10-1.png",
	"format": "RGBA8888",
	"size": {"w":1024,"h":1024},
	"scale": "1",
	"related_multi_packs": [ "10-0.json" ],
	"smartupdate": "$TexturePacker:SmartUpdate:37970b7869167d2485650a5722776ef5:804fe1a9dc8671b3063bf7d227dbebfc:4fb5d8b78df1ee71a7510a60a9010452$"
}
}
