{"frames": {

"10top_000.png":
{
	"frame": {"x":1,"y":1,"w":205,"h":354},
	"rotated": false,
	"trimmed": false,
	"spriteSourceSize": {"x":0,"y":0,"w":205,"h":354},
	"sourceSize": {"w":205,"h":354}
},
"10top_001.png":
{
	"frame": {"x":1,"y":1,"w":205,"h":354},
	"rotated": false,
	"trimmed": false,
	"spriteSourceSize": {"x":0,"y":0,"w":205,"h":354},
	"sourceSize": {"w":205,"h":354}
},
"10top_002.png":
{
	"frame": {"x":208,"y":1,"w":205,"h":354},
	"rotated": false,
	"trimmed": false,
	"spriteSourceSize": {"x":0,"y":0,"w":205,"h":354},
	"sourceSize": {"w":205,"h":354}
},
"10top_003.png":
{
	"frame": {"x":208,"y":1,"w":205,"h":354},
	"rotated": false,
	"trimmed": false,
	"spriteSourceSize": {"x":0,"y":0,"w":205,"h":354},
	"sourceSize": {"w":205,"h":354}
},
"10top_004.png":
{
	"frame": {"x":415,"y":1,"w":205,"h":354},
	"rotated": false,
	"trimmed": false,
	"spriteSourceSize": {"x":0,"y":0,"w":205,"h":354},
	"sourceSize": {"w":205,"h":354}
},
"10top_005.png":
{
	"frame": {"x":415,"y":1,"w":205,"h":354},
	"rotated": false,
	"trimmed": false,
	"spriteSourceSize": {"x":0,"y":0,"w":205,"h":354},
	"sourceSize": {"w":205,"h":354}
},
"10top_006.png":
{
	"frame": {"x":622,"y":1,"w":205,"h":354},
	"rotated": false,
	"trimmed": false,
	"spriteSourceSize": {"x":0,"y":0,"w":205,"h":354},
	"sourceSize": {"w":205,"h":354}
},
"10top_007.png":
{
	"frame": {"x":622,"y":1,"w":205,"h":354},
	"rotated": false,
	"trimmed": false,
	"spriteSourceSize": {"x":0,"y":0,"w":205,"h":354},
	"sourceSize": {"w":205,"h":354}
},
"10top_008.png":
{
	"frame": {"x":829,"y":1,"w":205,"h":354},
	"rotated": false,
	"trimmed": false,
	"spriteSourceSize": {"x":0,"y":0,"w":205,"h":354},
	"sourceSize": {"w":205,"h":354}
},
"10top_009.png":
{
	"frame": {"x":1036,"y":1,"w":205,"h":354},
	"rotated": false,
	"trimmed": false,
	"spriteSourceSize": {"x":0,"y":0,"w":205,"h":354},
	"sourceSize": {"w":205,"h":354}
},
"10top_010.png":
{
	"frame": {"x":1036,"y":1,"w":205,"h":354},
	"rotated": false,
	"trimmed": false,
	"spriteSourceSize": {"x":0,"y":0,"w":205,"h":354},
	"sourceSize": {"w":205,"h":354}
},
"10top_011.png":
{
	"frame": {"x":1243,"y":1,"w":205,"h":354},
	"rotated": false,
	"trimmed": false,
	"spriteSourceSize": {"x":0,"y":0,"w":205,"h":354},
	"sourceSize": {"w":205,"h":354}
},
"10top_012.png":
{
	"frame": {"x":1243,"y":1,"w":205,"h":354},
	"rotated": false,
	"trimmed": false,
	"spriteSourceSize": {"x":0,"y":0,"w":205,"h":354},
	"sourceSize": {"w":205,"h":354}
},
"10top_013.png":
{
	"frame": {"x":1450,"y":1,"w":205,"h":354},
	"rotated": false,
	"trimmed": false,
	"spriteSourceSize": {"x":0,"y":0,"w":205,"h":354},
	"sourceSize": {"w":205,"h":354}
},
"10top_014.png":
{
	"frame": {"x":1450,"y":1,"w":205,"h":354},
	"rotated": false,
	"trimmed": false,
	"spriteSourceSize": {"x":0,"y":0,"w":205,"h":354},
	"sourceSize": {"w":205,"h":354}
},
"10top_015.png":
{
	"frame": {"x":1657,"y":1,"w":205,"h":354},
	"rotated": false,
	"trimmed": false,
	"spriteSourceSize": {"x":0,"y":0,"w":205,"h":354},
	"sourceSize": {"w":205,"h":354}
},
"10top_016.png":
{
	"frame": {"x":1657,"y":1,"w":205,"h":354},
	"rotated": false,
	"trimmed": false,
	"spriteSourceSize": {"x":0,"y":0,"w":205,"h":354},
	"sourceSize": {"w":205,"h":354}
},
"10top_017.png":
{
	"frame": {"x":1,"y":357,"w":205,"h":354},
	"rotated": false,
	"trimmed": false,
	"spriteSourceSize": {"x":0,"y":0,"w":205,"h":354},
	"sourceSize": {"w":205,"h":354}
},
"10top_018.png":
{
	"frame": {"x":208,"y":357,"w":205,"h":354},
	"rotated": false,
	"trimmed": false,
	"spriteSourceSize": {"x":0,"y":0,"w":205,"h":354},
	"sourceSize": {"w":205,"h":354}
},
"10top_019.png":
{
	"frame": {"x":208,"y":357,"w":205,"h":354},
	"rotated": false,
	"trimmed": false,
	"spriteSourceSize": {"x":0,"y":0,"w":205,"h":354},
	"sourceSize": {"w":205,"h":354}
},
"10top_020.png":
{
	"frame": {"x":415,"y":357,"w":205,"h":354},
	"rotated": false,
	"trimmed": false,
	"spriteSourceSize": {"x":0,"y":0,"w":205,"h":354},
	"sourceSize": {"w":205,"h":354}
},
"10top_021.png":
{
	"frame": {"x":415,"y":357,"w":205,"h":354},
	"rotated": false,
	"trimmed": false,
	"spriteSourceSize": {"x":0,"y":0,"w":205,"h":354},
	"sourceSize": {"w":205,"h":354}
},
"10top_022.png":
{
	"frame": {"x":622,"y":357,"w":205,"h":354},
	"rotated": false,
	"trimmed": false,
	"spriteSourceSize": {"x":0,"y":0,"w":205,"h":354},
	"sourceSize": {"w":205,"h":354}
},
"10top_023.png":
{
	"frame": {"x":622,"y":357,"w":205,"h":354},
	"rotated": false,
	"trimmed": false,
	"spriteSourceSize": {"x":0,"y":0,"w":205,"h":354},
	"sourceSize": {"w":205,"h":354}
},
"10top_024.png":
{
	"frame": {"x":829,"y":357,"w":205,"h":354},
	"rotated": false,
	"trimmed": false,
	"spriteSourceSize": {"x":0,"y":0,"w":205,"h":354},
	"sourceSize": {"w":205,"h":354}
},
"10top_025.png":
{
	"frame": {"x":829,"y":357,"w":205,"h":354},
	"rotated": false,
	"trimmed": false,
	"spriteSourceSize": {"x":0,"y":0,"w":205,"h":354},
	"sourceSize": {"w":205,"h":354}
},
"10top_026.png":
{
	"frame": {"x":1036,"y":357,"w":205,"h":354},
	"rotated": false,
	"trimmed": false,
	"spriteSourceSize": {"x":0,"y":0,"w":205,"h":354},
	"sourceSize": {"w":205,"h":354}
},
"10top_027.png":
{
	"frame": {"x":1243,"y":357,"w":205,"h":354},
	"rotated": false,
	"trimmed": false,
	"spriteSourceSize": {"x":0,"y":0,"w":205,"h":354},
	"sourceSize": {"w":205,"h":354}
},
"10top_028.png":
{
	"frame": {"x":1243,"y":357,"w":205,"h":354},
	"rotated": false,
	"trimmed": false,
	"spriteSourceSize": {"x":0,"y":0,"w":205,"h":354},
	"sourceSize": {"w":205,"h":354}
},
"10top_029.png":
{
	"frame": {"x":1450,"y":357,"w":205,"h":354},
	"rotated": false,
	"trimmed": false,
	"spriteSourceSize": {"x":0,"y":0,"w":205,"h":354},
	"sourceSize": {"w":205,"h":354}
},
"10top_030.png":
{
	"frame": {"x":1450,"y":357,"w":205,"h":354},
	"rotated": false,
	"trimmed": false,
	"spriteSourceSize": {"x":0,"y":0,"w":205,"h":354},
	"sourceSize": {"w":205,"h":354}
},
"10top_031.png":
{
	"frame": {"x":1657,"y":357,"w":205,"h":354},
	"rotated": false,
	"trimmed": false,
	"spriteSourceSize": {"x":0,"y":0,"w":205,"h":354},
	"sourceSize": {"w":205,"h":354}
},
"10top_032.png":
{
	"frame": {"x":1657,"y":357,"w":205,"h":354},
	"rotated": false,
	"trimmed": false,
	"spriteSourceSize": {"x":0,"y":0,"w":205,"h":354},
	"sourceSize": {"w":205,"h":354}
},
"10top_033.png":
{
	"frame": {"x":1,"y":713,"w":205,"h":354},
	"rotated": false,
	"trimmed": false,
	"spriteSourceSize": {"x":0,"y":0,"w":205,"h":354},
	"sourceSize": {"w":205,"h":354}
},
"10top_034.png":
{
	"frame": {"x":1,"y":713,"w":205,"h":354},
	"rotated": false,
	"trimmed": false,
	"spriteSourceSize": {"x":0,"y":0,"w":205,"h":354},
	"sourceSize": {"w":205,"h":354}
},
"10top_035.png":
{
	"frame": {"x":208,"y":713,"w":205,"h":354},
	"rotated": false,
	"trimmed": false,
	"spriteSourceSize": {"x":0,"y":0,"w":205,"h":354},
	"sourceSize": {"w":205,"h":354}
},
"10top_036.png":
{
	"frame": {"x":415,"y":713,"w":205,"h":354},
	"rotated": false,
	"trimmed": false,
	"spriteSourceSize": {"x":0,"y":0,"w":205,"h":354},
	"sourceSize": {"w":205,"h":354}
},
"10top_037.png":
{
	"frame": {"x":415,"y":713,"w":205,"h":354},
	"rotated": false,
	"trimmed": false,
	"spriteSourceSize": {"x":0,"y":0,"w":205,"h":354},
	"sourceSize": {"w":205,"h":354}
},
"10top_038.png":
{
	"frame": {"x":622,"y":713,"w":205,"h":354},
	"rotated": false,
	"trimmed": false,
	"spriteSourceSize": {"x":0,"y":0,"w":205,"h":354},
	"sourceSize": {"w":205,"h":354}
},
"10top_039.png":
{
	"frame": {"x":622,"y":713,"w":205,"h":354},
	"rotated": false,
	"trimmed": false,
	"spriteSourceSize": {"x":0,"y":0,"w":205,"h":354},
	"sourceSize": {"w":205,"h":354}
},
"10top_040.png":
{
	"frame": {"x":829,"y":713,"w":205,"h":354},
	"rotated": false,
	"trimmed": false,
	"spriteSourceSize": {"x":0,"y":0,"w":205,"h":354},
	"sourceSize": {"w":205,"h":354}
},
"10top_041.png":
{
	"frame": {"x":829,"y":713,"w":205,"h":354},
	"rotated": false,
	"trimmed": false,
	"spriteSourceSize": {"x":0,"y":0,"w":205,"h":354},
	"sourceSize": {"w":205,"h":354}
},
"10top_042.png":
{
	"frame": {"x":1036,"y":713,"w":205,"h":354},
	"rotated": false,
	"trimmed": false,
	"spriteSourceSize": {"x":0,"y":0,"w":205,"h":354},
	"sourceSize": {"w":205,"h":354}
},
"10top_043.png":
{
	"frame": {"x":1036,"y":713,"w":205,"h":354},
	"rotated": false,
	"trimmed": false,
	"spriteSourceSize": {"x":0,"y":0,"w":205,"h":354},
	"sourceSize": {"w":205,"h":354}
},
"10top_044.png":
{
	"frame": {"x":1243,"y":713,"w":205,"h":354},
	"rotated": false,
	"trimmed": false,
	"spriteSourceSize": {"x":0,"y":0,"w":205,"h":354},
	"sourceSize": {"w":205,"h":354}
},
"10top_045.png":
{
	"frame": {"x":1450,"y":713,"w":205,"h":354},
	"rotated": false,
	"trimmed": false,
	"spriteSourceSize": {"x":0,"y":0,"w":205,"h":354},
	"sourceSize": {"w":205,"h":354}
},
"10top_046.png":
{
	"frame": {"x":1450,"y":713,"w":205,"h":354},
	"rotated": false,
	"trimmed": false,
	"spriteSourceSize": {"x":0,"y":0,"w":205,"h":354},
	"sourceSize": {"w":205,"h":354}
},
"10top_047.png":
{
	"frame": {"x":1657,"y":713,"w":205,"h":354},
	"rotated": false,
	"trimmed": false,
	"spriteSourceSize": {"x":0,"y":0,"w":205,"h":354},
	"sourceSize": {"w":205,"h":354}
},
"10top_048.png":
{
	"frame": {"x":1657,"y":713,"w":205,"h":354},
	"rotated": false,
	"trimmed": false,
	"spriteSourceSize": {"x":0,"y":0,"w":205,"h":354},
	"sourceSize": {"w":205,"h":354}
},
"10top_049.png":
{
	"frame": {"x":1,"y":1069,"w":205,"h":354},
	"rotated": false,
	"trimmed": false,
	"spriteSourceSize": {"x":0,"y":0,"w":205,"h":354},
	"sourceSize": {"w":205,"h":354}
},
"10top_050.png":
{
	"frame": {"x":1,"y":1069,"w":205,"h":354},
	"rotated": false,
	"trimmed": false,
	"spriteSourceSize": {"x":0,"y":0,"w":205,"h":354},
	"sourceSize": {"w":205,"h":354}
},
"10top_051.png":
{
	"frame": {"x":208,"y":1069,"w":205,"h":354},
	"rotated": false,
	"trimmed": false,
	"spriteSourceSize": {"x":0,"y":0,"w":205,"h":354},
	"sourceSize": {"w":205,"h":354}
},
"10top_052.png":
{
	"frame": {"x":208,"y":1069,"w":205,"h":354},
	"rotated": false,
	"trimmed": false,
	"spriteSourceSize": {"x":0,"y":0,"w":205,"h":354},
	"sourceSize": {"w":205,"h":354}
},
"10top_053.png":
{
	"frame": {"x":415,"y":1069,"w":205,"h":354},
	"rotated": false,
	"trimmed": false,
	"spriteSourceSize": {"x":0,"y":0,"w":205,"h":354},
	"sourceSize": {"w":205,"h":354}
},
"10top_054.png":
{
	"frame": {"x":622,"y":1069,"w":205,"h":354},
	"rotated": false,
	"trimmed": false,
	"spriteSourceSize": {"x":0,"y":0,"w":205,"h":354},
	"sourceSize": {"w":205,"h":354}
},
"10top_055.png":
{
	"frame": {"x":622,"y":1069,"w":205,"h":354},
	"rotated": false,
	"trimmed": false,
	"spriteSourceSize": {"x":0,"y":0,"w":205,"h":354},
	"sourceSize": {"w":205,"h":354}
},
"10top_056.png":
{
	"frame": {"x":829,"y":1069,"w":205,"h":354},
	"rotated": false,
	"trimmed": false,
	"spriteSourceSize": {"x":0,"y":0,"w":205,"h":354},
	"sourceSize": {"w":205,"h":354}
},
"10top_057.png":
{
	"frame": {"x":829,"y":1069,"w":205,"h":354},
	"rotated": false,
	"trimmed": false,
	"spriteSourceSize": {"x":0,"y":0,"w":205,"h":354},
	"sourceSize": {"w":205,"h":354}
},
"10top_058.png":
{
	"frame": {"x":1036,"y":1069,"w":205,"h":354},
	"rotated": false,
	"trimmed": false,
	"spriteSourceSize": {"x":0,"y":0,"w":205,"h":354},
	"sourceSize": {"w":205,"h":354}
},
"10top_059.png":
{
	"frame": {"x":1036,"y":1069,"w":205,"h":354},
	"rotated": false,
	"trimmed": false,
	"spriteSourceSize": {"x":0,"y":0,"w":205,"h":354},
	"sourceSize": {"w":205,"h":354}
},
"10top_060.png":
{
	"frame": {"x":1243,"y":1069,"w":205,"h":354},
	"rotated": false,
	"trimmed": false,
	"spriteSourceSize": {"x":0,"y":0,"w":205,"h":354},
	"sourceSize": {"w":205,"h":354}
},
"10top_061.png":
{
	"frame": {"x":1243,"y":1069,"w":205,"h":354},
	"rotated": false,
	"trimmed": false,
	"spriteSourceSize": {"x":0,"y":0,"w":205,"h":354},
	"sourceSize": {"w":205,"h":354}
},
"10top_062.png":
{
	"frame": {"x":1450,"y":1069,"w":205,"h":354},
	"rotated": false,
	"trimmed": false,
	"spriteSourceSize": {"x":0,"y":0,"w":205,"h":354},
	"sourceSize": {"w":205,"h":354}
},
"10top_063.png":
{
	"frame": {"x":1657,"y":1069,"w":205,"h":354},
	"rotated": false,
	"trimmed": false,
	"spriteSourceSize": {"x":0,"y":0,"w":205,"h":354},
	"sourceSize": {"w":205,"h":354}
},
"10top_064.png":
{
	"frame": {"x":1657,"y":1069,"w":205,"h":354},
	"rotated": false,
	"trimmed": false,
	"spriteSourceSize": {"x":0,"y":0,"w":205,"h":354},
	"sourceSize": {"w":205,"h":354}
},
"10top_065.png":
{
	"frame": {"x":1,"y":1425,"w":205,"h":354},
	"rotated": false,
	"trimmed": false,
	"spriteSourceSize": {"x":0,"y":0,"w":205,"h":354},
	"sourceSize": {"w":205,"h":354}
},
"10top_066.png":
{
	"frame": {"x":1,"y":1425,"w":205,"h":354},
	"rotated": false,
	"trimmed": false,
	"spriteSourceSize": {"x":0,"y":0,"w":205,"h":354},
	"sourceSize": {"w":205,"h":354}
},
"10top_067.png":
{
	"frame": {"x":208,"y":1425,"w":205,"h":354},
	"rotated": false,
	"trimmed": false,
	"spriteSourceSize": {"x":0,"y":0,"w":205,"h":354},
	"sourceSize": {"w":205,"h":354}
},
"10top_068.png":
{
	"frame": {"x":208,"y":1425,"w":205,"h":354},
	"rotated": false,
	"trimmed": false,
	"spriteSourceSize": {"x":0,"y":0,"w":205,"h":354},
	"sourceSize": {"w":205,"h":354}
},
"10top_069.png":
{
	"frame": {"x":415,"y":1425,"w":205,"h":354},
	"rotated": false,
	"trimmed": false,
	"spriteSourceSize": {"x":0,"y":0,"w":205,"h":354},
	"sourceSize": {"w":205,"h":354}
},
"10top_070.png":
{
	"frame": {"x":415,"y":1425,"w":205,"h":354},
	"rotated": false,
	"trimmed": false,
	"spriteSourceSize": {"x":0,"y":0,"w":205,"h":354},
	"sourceSize": {"w":205,"h":354}
},
"10top_071.png":
{
	"frame": {"x":622,"y":1425,"w":205,"h":354},
	"rotated": false,
	"trimmed": false,
	"spriteSourceSize": {"x":0,"y":0,"w":205,"h":354},
	"sourceSize": {"w":205,"h":354}
},
"10top_072.png":
{
	"frame": {"x":829,"y":1425,"w":205,"h":354},
	"rotated": false,
	"trimmed": false,
	"spriteSourceSize": {"x":0,"y":0,"w":205,"h":354},
	"sourceSize": {"w":205,"h":354}
},
"10top_073.png":
{
	"frame": {"x":829,"y":1425,"w":205,"h":354},
	"rotated": false,
	"trimmed": false,
	"spriteSourceSize": {"x":0,"y":0,"w":205,"h":354},
	"sourceSize": {"w":205,"h":354}
},
"10top_074.png":
{
	"frame": {"x":1036,"y":1425,"w":205,"h":354},
	"rotated": false,
	"trimmed": false,
	"spriteSourceSize": {"x":0,"y":0,"w":205,"h":354},
	"sourceSize": {"w":205,"h":354}
},
"10top_075.png":
{
	"frame": {"x":1036,"y":1425,"w":205,"h":354},
	"rotated": false,
	"trimmed": false,
	"spriteSourceSize": {"x":0,"y":0,"w":205,"h":354},
	"sourceSize": {"w":205,"h":354}
},
"10top_076.png":
{
	"frame": {"x":1243,"y":1425,"w":205,"h":354},
	"rotated": false,
	"trimmed": false,
	"spriteSourceSize": {"x":0,"y":0,"w":205,"h":354},
	"sourceSize": {"w":205,"h":354}
},
"10top_077.png":
{
	"frame": {"x":1243,"y":1425,"w":205,"h":354},
	"rotated": false,
	"trimmed": false,
	"spriteSourceSize": {"x":0,"y":0,"w":205,"h":354},
	"sourceSize": {"w":205,"h":354}
},
"10top_078.png":
{
	"frame": {"x":1450,"y":1425,"w":205,"h":354},
	"rotated": false,
	"trimmed": false,
	"spriteSourceSize": {"x":0,"y":0,"w":205,"h":354},
	"sourceSize": {"w":205,"h":354}
},
"10top_079.png":
{
	"frame": {"x":1450,"y":1425,"w":205,"h":354},
	"rotated": false,
	"trimmed": false,
	"spriteSourceSize": {"x":0,"y":0,"w":205,"h":354},
	"sourceSize": {"w":205,"h":354}
},
"10top_080.png":
{
	"frame": {"x":1657,"y":1425,"w":205,"h":354},
	"rotated": false,
	"trimmed": false,
	"spriteSourceSize": {"x":0,"y":0,"w":205,"h":354},
	"sourceSize": {"w":205,"h":354}
}},
"meta": {
	"app": "https://www.codeandweb.com/texturepacker",
	"version": "1.0",
	"image": "10-0.png",
	"format": "RGBA8888",
	"size": {"w":2048,"h":2048},
	"scale": "1",
	"related_multi_packs": [ "10-1.json" ],
	"smartupdate": "$TexturePacker:SmartUpdate:37970b7869167d2485650a5722776ef5:804fe1a9dc8671b3063bf7d227dbebfc:4fb5d8b78df1ee71a7510a60a9010452$"
}
}
