{"frames": {

"bonusSpinButton.png":
{
	"frame": {"x":809,"y":1,"w":120,"h":45},
	"rotated": false,
	"trimmed": false,
	"spriteSourceSize": {"x":0,"y":0,"w":120,"h":45},
	"sourceSize": {"w":120,"h":45}
},
"btn_active_L.png":
{
	"frame": {"x":278,"y":118,"w":125,"h":70},
	"rotated": false,
	"trimmed": false,
	"spriteSourceSize": {"x":0,"y":0,"w":125,"h":70},
	"sourceSize": {"w":125,"h":70}
},
"btn_active_P.png":
{
	"frame": {"x":1,"y":118,"w":82,"h":68},
	"rotated": false,
	"trimmed": false,
	"spriteSourceSize": {"x":0,"y":0,"w":82,"h":68},
	"sourceSize": {"w":82,"h":68}
},
"btn_autoplay.png":
{
	"frame": {"x":371,"y":350,"w":155,"h":155},
	"rotated": false,
	"trimmed": false,
	"spriteSourceSize": {"x":0,"y":0,"w":155,"h":155},
	"sourceSize": {"w":155,"h":155}
},
"btn_autoplay_closed_L.png":
{
	"frame": {"x":1,"y":350,"w":72,"h":84},
	"rotated": false,
	"trimmed": false,
	"spriteSourceSize": {"x":0,"y":0,"w":72,"h":84},
	"sourceSize": {"w":72,"h":84}
},
"btn_autoplay_closed_P.png":
{
	"frame": {"x":552,"y":264,"w":84,"h":72},
	"rotated": false,
	"trimmed": false,
	"spriteSourceSize": {"x":0,"y":0,"w":84,"h":72},
	"sourceSize": {"w":84,"h":72}
},
"btn_autoplay_disabled_L.png":
{
	"frame": {"x":75,"y":350,"w":72,"h":84},
	"rotated": false,
	"trimmed": false,
	"spriteSourceSize": {"x":0,"y":0,"w":72,"h":84},
	"sourceSize": {"w":72,"h":84}
},
"btn_autoplay_disabled_P.png":
{
	"frame": {"x":128,"y":190,"w":84,"h":72},
	"rotated": false,
	"trimmed": false,
	"spriteSourceSize": {"x":0,"y":0,"w":84,"h":72},
	"sourceSize": {"w":84,"h":72}
},
"btn_autoplay_open_L.png":
{
	"frame": {"x":300,"y":190,"w":354,"h":72},
	"rotated": false,
	"trimmed": false,
	"spriteSourceSize": {"x":0,"y":0,"w":354,"h":72},
	"sourceSize": {"w":354,"h":72}
},
"btn_autoplay_open_P.png":
{
	"frame": {"x":617,"y":507,"w":72,"h":354},
	"rotated": false,
	"trimmed": false,
	"spriteSourceSize": {"x":0,"y":0,"w":72,"h":354},
	"sourceSize": {"w":72,"h":354}
},
"btn_bet_normal_L.png":
{
	"frame": {"x":532,"y":118,"w":125,"h":70},
	"rotated": false,
	"trimmed": false,
	"spriteSourceSize": {"x":0,"y":0,"w":125,"h":70},
	"sourceSize": {"w":125,"h":70}
},
"btn_bet_normal_P.png":
{
	"frame": {"x":736,"y":48,"w":82,"h":68},
	"rotated": false,
	"trimmed": false,
	"spriteSourceSize": {"x":0,"y":0,"w":82,"h":68},
	"sourceSize": {"w":82,"h":68}
},
"btn_bet_settings_closed_L.png":
{
	"frame": {"x":149,"y":350,"w":72,"h":84},
	"rotated": false,
	"trimmed": false,
	"spriteSourceSize": {"x":0,"y":0,"w":72,"h":84},
	"sourceSize": {"w":72,"h":84}
},
"btn_bet_settings_closed_P.png":
{
	"frame": {"x":656,"y":190,"w":84,"h":72},
	"rotated": false,
	"trimmed": false,
	"spriteSourceSize": {"x":0,"y":0,"w":84,"h":72},
	"sourceSize": {"w":84,"h":72}
},
"btn_bet_settings_open_L.png":
{
	"frame": {"x":1,"y":264,"w":463,"h":72},
	"rotated": false,
	"trimmed": false,
	"spriteSourceSize": {"x":0,"y":0,"w":463,"h":72},
	"sourceSize": {"w":463,"h":72}
},
"btn_bet_settings_open_P.png":
{
	"frame": {"x":691,"y":507,"w":72,"h":463},
	"rotated": false,
	"trimmed": false,
	"spriteSourceSize": {"x":0,"y":0,"w":72,"h":463},
	"sourceSize": {"w":72,"h":463}
},
"btn_check_keyboard.png":
{
	"frame": {"x":321,"y":1,"w":46,"h":35},
	"rotated": false,
	"trimmed": false,
	"spriteSourceSize": {"x":0,"y":0,"w":46,"h":35},
	"sourceSize": {"w":46,"h":35}
},
"btn_close_keyboard.png":
{
	"frame": {"x":420,"y":1,"w":35,"h":35},
	"rotated": false,
	"trimmed": false,
	"spriteSourceSize": {"x":0,"y":0,"w":35,"h":35},
	"sourceSize": {"w":35,"h":35}
},
"btn_collect.png":
{
	"frame": {"x":685,"y":350,"w":155,"h":155},
	"rotated": false,
	"trimmed": false,
	"spriteSourceSize": {"x":0,"y":0,"w":155,"h":155},
	"sourceSize": {"w":155,"h":155}
},
"btn_collect_L.png":
{
	"frame": {"x":223,"y":350,"w":72,"h":84},
	"rotated": false,
	"trimmed": false,
	"spriteSourceSize": {"x":0,"y":0,"w":72,"h":84},
	"sourceSize": {"w":72,"h":84}
},
"btn_collect_P.png":
{
	"frame": {"x":466,"y":264,"w":84,"h":72},
	"rotated": false,
	"trimmed": false,
	"spriteSourceSize": {"x":0,"y":0,"w":84,"h":72},
	"sourceSize": {"w":84,"h":72}
},
"btn_credit_value_active_L.png":
{
	"frame": {"x":405,"y":118,"w":125,"h":70},
	"rotated": false,
	"trimmed": false,
	"spriteSourceSize": {"x":0,"y":0,"w":125,"h":70},
	"sourceSize": {"w":125,"h":70}
},
"btn_credit_value_active_P.png":
{
	"frame": {"x":904,"y":48,"w":107,"h":68},
	"rotated": false,
	"trimmed": false,
	"spriteSourceSize": {"x":0,"y":0,"w":107,"h":68},
	"sourceSize": {"w":107,"h":68}
},
"btn_credit_value_normal_L.png":
{
	"frame": {"x":659,"y":118,"w":125,"h":70},
	"rotated": false,
	"trimmed": false,
	"spriteSourceSize": {"x":0,"y":0,"w":125,"h":70},
	"sourceSize": {"w":125,"h":70}
},
"btn_credit_value_normal_P.png":
{
	"frame": {"x":169,"y":118,"w":107,"h":68},
	"rotated": false,
	"trimmed": false,
	"spriteSourceSize": {"x":0,"y":0,"w":107,"h":68},
	"sourceSize": {"w":107,"h":68}
},
"btn_fixed_L.png":
{
	"frame": {"x":1,"y":190,"w":125,"h":70},
	"rotated": false,
	"trimmed": false,
	"spriteSourceSize": {"x":0,"y":0,"w":125,"h":70},
	"sourceSize": {"w":125,"h":70}
},
"btn_fixed_P.png":
{
	"frame": {"x":85,"y":118,"w":82,"h":68},
	"rotated": false,
	"trimmed": false,
	"spriteSourceSize": {"x":0,"y":0,"w":82,"h":68},
	"sourceSize": {"w":82,"h":68}
},
"btn_gamble_black_L.png":
{
	"frame": {"x":810,"y":264,"w":72,"h":84},
	"rotated": false,
	"trimmed": false,
	"spriteSourceSize": {"x":0,"y":0,"w":72,"h":84},
	"sourceSize": {"w":72,"h":84}
},
"btn_gamble_black_P.png":
{
	"frame": {"x":638,"y":264,"w":84,"h":72},
	"rotated": false,
	"trimmed": false,
	"spriteSourceSize": {"x":0,"y":0,"w":84,"h":72},
	"sourceSize": {"w":84,"h":72}
},
"btn_gamble_red_L.png":
{
	"frame": {"x":884,"y":264,"w":72,"h":84},
	"rotated": false,
	"trimmed": false,
	"spriteSourceSize": {"x":0,"y":0,"w":72,"h":84},
	"sourceSize": {"w":72,"h":84}
},
"btn_gamble_red_P.png":
{
	"frame": {"x":724,"y":264,"w":84,"h":72},
	"rotated": false,
	"trimmed": false,
	"spriteSourceSize": {"x":0,"y":0,"w":84,"h":72},
	"sourceSize": {"w":84,"h":72}
},
"btn_inactive_L.png":
{
	"frame": {"x":786,"y":118,"w":125,"h":70},
	"rotated": false,
	"trimmed": false,
	"spriteSourceSize": {"x":0,"y":0,"w":125,"h":70},
	"sourceSize": {"w":125,"h":70}
},
"btn_inactive_P.png":
{
	"frame": {"x":820,"y":48,"w":82,"h":68},
	"rotated": false,
	"trimmed": false,
	"spriteSourceSize": {"x":0,"y":0,"w":82,"h":68},
	"sourceSize": {"w":82,"h":68}
},
"btn_lines_normal_L.png":
{
	"frame": {"x":659,"y":118,"w":125,"h":70},
	"rotated": false,
	"trimmed": false,
	"spriteSourceSize": {"x":0,"y":0,"w":125,"h":70},
	"sourceSize": {"w":125,"h":70}
},
"btn_lines_normal_P.png":
{
	"frame": {"x":652,"y":48,"w":82,"h":68},
	"rotated": false,
	"trimmed": false,
	"spriteSourceSize": {"x":0,"y":0,"w":82,"h":68},
	"sourceSize": {"w":82,"h":68}
},
"btn_spin_inactive.png":
{
	"frame": {"x":528,"y":350,"w":155,"h":155},
	"rotated": false,
	"trimmed": false,
	"spriteSourceSize": {"x":0,"y":0,"w":155,"h":155},
	"sourceSize": {"w":155,"h":155}
},
"btn_spin_normal.png":
{
	"frame": {"x":842,"y":350,"w":155,"h":155},
	"rotated": false,
	"trimmed": false,
	"spriteSourceSize": {"x":0,"y":0,"w":155,"h":155},
	"sourceSize": {"w":155,"h":155}
},
"btn_x2_L.png":
{
	"frame": {"x":297,"y":350,"w":72,"h":84},
	"rotated": false,
	"trimmed": false,
	"spriteSourceSize": {"x":0,"y":0,"w":72,"h":84},
	"sourceSize": {"w":72,"h":84}
},
"btn_x2_P.png":
{
	"frame": {"x":214,"y":190,"w":84,"h":72},
	"rotated": false,
	"trimmed": false,
	"spriteSourceSize": {"x":0,"y":0,"w":84,"h":72},
	"sourceSize": {"w":84,"h":72}
},
"cardBlack.png":
{
	"frame": {"x":155,"y":507,"w":152,"h":213},
	"rotated": false,
	"trimmed": false,
	"spriteSourceSize": {"x":0,"y":0,"w":152,"h":213},
	"sourceSize": {"w":152,"h":213}
},
"cardRed.png":
{
	"frame": {"x":1,"y":507,"w":152,"h":213},
	"rotated": false,
	"trimmed": false,
	"spriteSourceSize": {"x":0,"y":0,"w":152,"h":213},
	"sourceSize": {"w":152,"h":213}
},
"egtCardBlack.png":
{
	"frame": {"x":309,"y":507,"w":152,"h":213},
	"rotated": false,
	"trimmed": false,
	"spriteSourceSize": {"x":0,"y":0,"w":152,"h":213},
	"sourceSize": {"w":152,"h":213}
},
"egtCardRed.png":
{
	"frame": {"x":463,"y":507,"w":152,"h":213},
	"rotated": false,
	"trimmed": false,
	"spriteSourceSize": {"x":0,"y":0,"w":152,"h":213},
	"sourceSize": {"w":152,"h":213}
},
"icon_autoplay_active.png":
{
	"frame": {"x":585,"y":1,"w":44,"h":37},
	"rotated": false,
	"trimmed": false,
	"spriteSourceSize": {"x":0,"y":0,"w":44,"h":37},
	"sourceSize": {"w":44,"h":37}
},
"icon_autoplay_inactive.png":
{
	"frame": {"x":457,"y":1,"w":44,"h":37},
	"rotated": false,
	"trimmed": false,
	"spriteSourceSize": {"x":0,"y":0,"w":44,"h":37},
	"sourceSize": {"w":44,"h":37}
},
"icon_bet_settings_active.png":
{
	"frame": {"x":116,"y":1,"w":41,"h":31},
	"rotated": false,
	"trimmed": false,
	"spriteSourceSize": {"x":0,"y":0,"w":41,"h":31},
	"sourceSize": {"w":41,"h":31}
},
"icon_bet_settings_inactive.png":
{
	"frame": {"x":159,"y":1,"w":41,"h":31},
	"rotated": false,
	"trimmed": false,
	"spriteSourceSize": {"x":0,"y":0,"w":41,"h":31},
	"sourceSize": {"w":41,"h":31}
},
"icon_help_active.png":
{
	"frame": {"x":544,"y":1,"w":39,"h":37},
	"rotated": false,
	"trimmed": false,
	"spriteSourceSize": {"x":0,"y":0,"w":39,"h":37},
	"sourceSize": {"w":39,"h":37}
},
"icon_help_inactive.png":
{
	"frame": {"x":503,"y":1,"w":39,"h":37},
	"rotated": false,
	"trimmed": false,
	"spriteSourceSize": {"x":0,"y":0,"w":39,"h":37},
	"sourceSize": {"w":39,"h":37}
},
"icon_home.png":
{
	"frame": {"x":202,"y":1,"w":37,"h":33},
	"rotated": false,
	"trimmed": false,
	"spriteSourceSize": {"x":0,"y":0,"w":37,"h":33},
	"sourceSize": {"w":37,"h":33}
},
"icon_info_active.png":
{
	"frame": {"x":631,"y":1,"w":39,"h":37},
	"rotated": false,
	"trimmed": false,
	"spriteSourceSize": {"x":0,"y":0,"w":39,"h":37},
	"sourceSize": {"w":39,"h":37}
},
"icon_info_inactive.png":
{
	"frame": {"x":672,"y":1,"w":39,"h":37},
	"rotated": false,
	"trimmed": false,
	"spriteSourceSize": {"x":0,"y":0,"w":39,"h":37},
	"sourceSize": {"w":39,"h":37}
},
"icon_menu_close.png":
{
	"frame": {"x":32,"y":1,"w":29,"h":28},
	"rotated": false,
	"trimmed": true,
	"spriteSourceSize": {"x":22,"y":0,"w":29,"h":28},
	"sourceSize": {"w":51,"h":28}
},
"icon_menu_normal.png":
{
	"frame": {"x":63,"y":1,"w":51,"h":30},
	"rotated": false,
	"trimmed": true,
	"spriteSourceSize": {"x":0,"y":1,"w":51,"h":30},
	"sourceSize": {"w":51,"h":32}
},
"icon_settings_active.png":
{
	"frame": {"x":713,"y":1,"w":46,"h":38},
	"rotated": false,
	"trimmed": false,
	"spriteSourceSize": {"x":0,"y":0,"w":46,"h":38},
	"sourceSize": {"w":46,"h":38}
},
"icon_settings_inactive.png":
{
	"frame": {"x":761,"y":1,"w":46,"h":38},
	"rotated": false,
	"trimmed": false,
	"spriteSourceSize": {"x":0,"y":0,"w":46,"h":38},
	"sourceSize": {"w":46,"h":38}
},
"icon_sound_disabled.png":
{
	"frame": {"x":241,"y":1,"w":38,"h":33},
	"rotated": false,
	"trimmed": false,
	"spriteSourceSize": {"x":0,"y":0,"w":38,"h":33},
	"sourceSize": {"w":38,"h":33}
},
"icon_sound_normal.png":
{
	"frame": {"x":281,"y":1,"w":38,"h":33},
	"rotated": false,
	"trimmed": false,
	"spriteSourceSize": {"x":0,"y":0,"w":38,"h":33},
	"sourceSize": {"w":38,"h":33}
},
"infinity_symbol.png":
{
	"frame": {"x":1,"y":1,"w":29,"h":18},
	"rotated": false,
	"trimmed": false,
	"spriteSourceSize": {"x":0,"y":0,"w":29,"h":18},
	"sourceSize": {"w":29,"h":18}
},
"key_backspace.png":
{
	"frame": {"x":369,"y":1,"w":49,"h":35},
	"rotated": false,
	"trimmed": false,
	"spriteSourceSize": {"x":0,"y":0,"w":49,"h":35},
	"sourceSize": {"w":49,"h":35}
},
"switch_bg.png":
{
	"frame": {"x":1,"y":48,"w":101,"h":46},
	"rotated": false,
	"trimmed": false,
	"spriteSourceSize": {"x":0,"y":0,"w":101,"h":46},
	"sourceSize": {"w":101,"h":46}
},
"switch_frame.png":
{
	"frame": {"x":104,"y":48,"w":105,"h":50},
	"rotated": false,
	"trimmed": false,
	"spriteSourceSize": {"x":0,"y":0,"w":105,"h":50},
	"sourceSize": {"w":105,"h":50}
},
"switch_oval.png":
{
	"frame": {"x":592,"y":48,"w":58,"h":58},
	"rotated": false,
	"trimmed": false,
	"spriteSourceSize": {"x":0,"y":0,"w":58,"h":58},
	"sourceSize": {"w":58,"h":58}
},
"txt_box_L.png":
{
	"frame": {"x":211,"y":48,"w":224,"h":52},
	"rotated": false,
	"trimmed": false,
	"spriteSourceSize": {"x":0,"y":0,"w":224,"h":52},
	"sourceSize": {"w":224,"h":52}
},
"txt_box_P.png":
{
	"frame": {"x":437,"y":48,"w":153,"h":52},
	"rotated": false,
	"trimmed": false,
	"spriteSourceSize": {"x":0,"y":0,"w":153,"h":52},
	"sourceSize": {"w":153,"h":52}
}},
"meta": {
	"app": "https://www.codeandweb.com/texturepacker",
	"version": "1.0",
	"image": "commonResources.png",
	"format": "RGBA8888",
	"size": {"w":1024,"h":1024},
	"scale": "1",
	"smartupdate": "$TexturePacker:SmartUpdate:0e7b1396caa4e6fda5a493bf20619141:ce79a3d0bdab35c66b5d2e11c129db31:a1dbd7d34ea8bb15b4f16f19c49cebc4$"
}
}
