{"frames": {

"cardImage.png":
{
	"frame": {"x":309,"y":1,"w":34,"h":37},
	"rotated": false,
	"trimmed": false,
	"spriteSourceSize": {"x":0,"y":0,"w":34,"h":37},
	"sourceSize": {"w":34,"h":37},
	"pivot": {"x":0.5,"y":0.5}
},
"cardSuit0.png":
{
	"frame": {"x":431,"y":1,"w":43,"h":42},
	"rotated": false,
	"trimmed": false,
	"spriteSourceSize": {"x":0,"y":0,"w":43,"h":42},
	"sourceSize": {"w":43,"h":42},
	"pivot": {"x":0.5,"y":0.5}
},
"cardSuit1.png":
{
	"frame": {"x":345,"y":1,"w":41,"h":42},
	"rotated": false,
	"trimmed": true,
	"spriteSourceSize": {"x":1,"y":0,"w":41,"h":42},
	"sourceSize": {"w":43,"h":42},
	"pivot": {"x":0.5,"y":0.5}
},
"cardSuit2.png":
{
	"frame": {"x":476,"y":1,"w":43,"h":42},
	"rotated": false,
	"trimmed": false,
	"spriteSourceSize": {"x":0,"y":0,"w":43,"h":42},
	"sourceSize": {"w":43,"h":42},
	"pivot": {"x":0.5,"y":0.5}
},
"cardSuit3.png":
{
	"frame": {"x":388,"y":1,"w":41,"h":42},
	"rotated": false,
	"trimmed": true,
	"spriteSourceSize": {"x":1,"y":0,"w":41,"h":42},
	"sourceSize": {"w":43,"h":42},
	"pivot": {"x":0.5,"y":0.5}
},
"cardSymbol0.png":
{
	"frame": {"x":282,"y":1,"w":25,"h":25},
	"rotated": false,
	"trimmed": false,
	"spriteSourceSize": {"x":0,"y":0,"w":25,"h":25},
	"sourceSize": {"w":25,"h":25},
	"pivot": {"x":0.5,"y":0.5}
},
"cardSymbol1.png":
{
	"frame": {"x":228,"y":1,"w":25,"h":25},
	"rotated": false,
	"trimmed": false,
	"spriteSourceSize": {"x":0,"y":0,"w":25,"h":25},
	"sourceSize": {"w":25,"h":25},
	"pivot": {"x":0.5,"y":0.5}
},
"Club_sm_active.png":
{
	"frame": {"x":97,"y":1,"w":15,"h":16},
	"rotated": false,
	"trimmed": false,
	"spriteSourceSize": {"x":0,"y":0,"w":15,"h":16},
	"sourceSize": {"w":15,"h":16},
	"pivot": {"x":0.5,"y":0.5}
},
"Club_sm_inactive.png":
{
	"frame": {"x":114,"y":1,"w":15,"h":16},
	"rotated": false,
	"trimmed": false,
	"spriteSourceSize": {"x":0,"y":0,"w":15,"h":16},
	"sourceSize": {"w":15,"h":16},
	"pivot": {"x":0.5,"y":0.5}
},
"Diamond_sm_active.png":
{
	"frame": {"x":1,"y":1,"w":13,"h":17},
	"rotated": false,
	"trimmed": false,
	"spriteSourceSize": {"x":0,"y":0,"w":13,"h":17},
	"sourceSize": {"w":13,"h":17},
	"pivot": {"x":0.5,"y":0.5}
},
"Diamond_sm_inactive.png":
{
	"frame": {"x":16,"y":1,"w":13,"h":17},
	"rotated": false,
	"trimmed": false,
	"spriteSourceSize": {"x":0,"y":0,"w":13,"h":17},
	"sourceSize": {"w":13,"h":17},
	"pivot": {"x":0.5,"y":0.5}
},
"girl_left.png":
{
	"frame": {"x":609,"y":361,"w":163,"h":305},
	"rotated": false,
	"trimmed": false,
	"spriteSourceSize": {"x":0,"y":0,"w":163,"h":305},
	"sourceSize": {"w":163,"h":305},
	"pivot": {"x":0.5,"y":0.5}
},
"girl_right.png":
{
	"frame": {"x":774,"y":361,"w":167,"h":320},
	"rotated": false,
	"trimmed": false,
	"spriteSourceSize": {"x":0,"y":0,"w":167,"h":320},
	"sourceSize": {"w":167,"h":320},
	"pivot": {"x":0.5,"y":0.5}
},
"glow.png":
{
	"frame": {"x":116,"y":185,"w":120,"h":155},
	"rotated": false,
	"trimmed": false,
	"spriteSourceSize": {"x":0,"y":0,"w":120,"h":155},
	"sourceSize": {"w":120,"h":155},
	"pivot": {"x":0.5,"y":0.5}
},
"Heart_sm_active.png":
{
	"frame": {"x":31,"y":1,"w":15,"h":15},
	"rotated": false,
	"trimmed": false,
	"spriteSourceSize": {"x":0,"y":0,"w":15,"h":15},
	"sourceSize": {"w":15,"h":15},
	"pivot": {"x":0.5,"y":0.5}
},
"Heart_sm_inactive.png":
{
	"frame": {"x":48,"y":1,"w":15,"h":15},
	"rotated": false,
	"trimmed": false,
	"spriteSourceSize": {"x":0,"y":0,"w":15,"h":15},
	"sourceSize": {"w":15,"h":15},
	"pivot": {"x":0.5,"y":0.5}
},
"jackpotLight_off.png":
{
	"frame": {"x":131,"y":1,"w":19,"h":19},
	"rotated": false,
	"trimmed": true,
	"spriteSourceSize": {"x":14,"y":17,"w":19,"h":19},
	"sourceSize": {"w":48,"h":51},
	"pivot": {"x":0.5,"y":0.5}
},
"jackpotLight_on.png":
{
	"frame": {"x":521,"y":1,"w":48,"h":51},
	"rotated": false,
	"trimmed": false,
	"spriteSourceSize": {"x":0,"y":0,"w":48,"h":51},
	"sourceSize": {"w":48,"h":51},
	"pivot": {"x":0.5,"y":0.5}
},
"jackpotSuits.png":
{
	"frame": {"x":115,"y":56,"w":121,"h":28},
	"rotated": false,
	"trimmed": false,
	"spriteSourceSize": {"x":0,"y":0,"w":121,"h":28},
	"sourceSize": {"w":121,"h":28},
	"pivot": {"x":0.5,"y":0.5}
},
"jackpotTitleBottom.png":
{
	"frame": {"x":1,"y":683,"w":882,"h":210},
	"rotated": false,
	"trimmed": false,
	"spriteSourceSize": {"x":0,"y":0,"w":882,"h":210},
	"sourceSize": {"w":882,"h":210},
	"pivot": {"x":0.5,"y":0.5}
},
"jackpotTitleTop.png":
{
	"frame": {"x":1,"y":895,"w":927,"h":213},
	"rotated": false,
	"trimmed": false,
	"spriteSourceSize": {"x":0,"y":0,"w":927,"h":213},
	"sourceSize": {"w":927,"h":213},
	"pivot": {"x":0.5,"y":0.5}
},
"jpcardBackBlack.png":
{
	"frame": {"x":752,"y":56,"w":92,"h":127},
	"rotated": false,
	"trimmed": false,
	"spriteSourceSize": {"x":0,"y":0,"w":92,"h":127},
	"sourceSize": {"w":92,"h":127},
	"pivot": {"x":0.5,"y":0.5}
},
"jpcardBackground.png":
{
	"frame": {"x":564,"y":56,"w":92,"h":127},
	"rotated": false,
	"trimmed": false,
	"spriteSourceSize": {"x":0,"y":0,"w":92,"h":127},
	"sourceSize": {"w":92,"h":127},
	"pivot": {"x":0.5,"y":0.5}
},
"jpcardBackRed.png":
{
	"frame": {"x":658,"y":56,"w":92,"h":127},
	"rotated": false,
	"trimmed": false,
	"spriteSourceSize": {"x":0,"y":0,"w":92,"h":127},
	"sourceSize": {"w":92,"h":127},
	"pivot": {"x":0.5,"y":0.5}
},
"SmallcardSuit0.png":
{
	"frame": {"x":255,"y":1,"w":25,"h":25},
	"rotated": false,
	"trimmed": false,
	"spriteSourceSize": {"x":0,"y":0,"w":25,"h":25},
	"sourceSize": {"w":25,"h":25},
	"pivot": {"x":0.5,"y":0.5}
},
"SmallcardSuit1.png":
{
	"frame": {"x":202,"y":1,"w":24,"h":25},
	"rotated": false,
	"trimmed": true,
	"spriteSourceSize": {"x":0,"y":0,"w":24,"h":25},
	"sourceSize": {"w":25,"h":25},
	"pivot": {"x":0.5,"y":0.5}
},
"SmallcardSuit2.png":
{
	"frame": {"x":152,"y":1,"w":23,"h":23},
	"rotated": false,
	"trimmed": true,
	"spriteSourceSize": {"x":0,"y":1,"w":23,"h":23},
	"sourceSize": {"w":25,"h":25},
	"pivot": {"x":0.5,"y":0.5}
},
"SmallcardSuit3.png":
{
	"frame": {"x":177,"y":1,"w":23,"h":25},
	"rotated": false,
	"trimmed": true,
	"spriteSourceSize": {"x":0,"y":0,"w":23,"h":25},
	"sourceSize": {"w":25,"h":25},
	"pivot": {"x":0.5,"y":0.5}
},
"Spade_sm_active.png":
{
	"frame": {"x":81,"y":1,"w":14,"h":17},
	"rotated": false,
	"trimmed": false,
	"spriteSourceSize": {"x":0,"y":0,"w":14,"h":17},
	"sourceSize": {"w":14,"h":17},
	"pivot": {"x":0.5,"y":0.5}
},
"Spade_sm_inactive.png":
{
	"frame": {"x":65,"y":1,"w":14,"h":17},
	"rotated": false,
	"trimmed": false,
	"spriteSourceSize": {"x":0,"y":0,"w":14,"h":17},
	"sourceSize": {"w":14,"h":17},
	"pivot": {"x":0.5,"y":0.5}
},
"star0.png":
{
	"frame": {"x":1,"y":56,"w":55,"h":53},
	"rotated": false,
	"trimmed": true,
	"spriteSourceSize": {"x":0,"y":1,"w":55,"h":53},
	"sourceSize": {"w":55,"h":55},
	"pivot": {"x":0.5,"y":0.5}
},
"star1.png":
{
	"frame": {"x":571,"y":1,"w":55,"h":53},
	"rotated": false,
	"trimmed": true,
	"spriteSourceSize": {"x":0,"y":1,"w":55,"h":53},
	"sourceSize": {"w":55,"h":55},
	"pivot": {"x":0.5,"y":0.5}
},
"star2.png":
{
	"frame": {"x":685,"y":1,"w":55,"h":53},
	"rotated": false,
	"trimmed": true,
	"spriteSourceSize": {"x":0,"y":1,"w":55,"h":53},
	"sourceSize": {"w":55,"h":55},
	"pivot": {"x":0.5,"y":0.5}
},
"star3.png":
{
	"frame": {"x":628,"y":1,"w":55,"h":53},
	"rotated": false,
	"trimmed": true,
	"spriteSourceSize": {"x":0,"y":1,"w":55,"h":53},
	"sourceSize": {"w":55,"h":55},
	"pivot": {"x":0.5,"y":0.5}
},
"star4.png":
{
	"frame": {"x":742,"y":1,"w":55,"h":53},
	"rotated": false,
	"trimmed": true,
	"spriteSourceSize": {"x":0,"y":1,"w":55,"h":53},
	"sourceSize": {"w":55,"h":55},
	"pivot": {"x":0.5,"y":0.5}
},
"star5.png":
{
	"frame": {"x":58,"y":56,"w":55,"h":53},
	"rotated": false,
	"trimmed": true,
	"spriteSourceSize": {"x":0,"y":1,"w":55,"h":53},
	"sourceSize": {"w":55,"h":55},
	"pivot": {"x":0.5,"y":0.5}
},
"star6.png":
{
	"frame": {"x":856,"y":1,"w":55,"h":53},
	"rotated": false,
	"trimmed": true,
	"spriteSourceSize": {"x":0,"y":1,"w":55,"h":53},
	"sourceSize": {"w":55,"h":55},
	"pivot": {"x":0.5,"y":0.5}
},
"star7.png":
{
	"frame": {"x":799,"y":1,"w":55,"h":53},
	"rotated": false,
	"trimmed": true,
	"spriteSourceSize": {"x":0,"y":1,"w":55,"h":53},
	"sourceSize": {"w":55,"h":55},
	"pivot": {"x":0.5,"y":0.5}
},
"suitDrop0.png":
{
	"frame": {"x":478,"y":56,"w":84,"h":94},
	"rotated": false,
	"trimmed": false,
	"spriteSourceSize": {"x":0,"y":0,"w":84,"h":94},
	"sourceSize": {"w":84,"h":94},
	"pivot": {"x":0.5,"y":0.5}
},
"suitDrop1.png":
{
	"frame": {"x":238,"y":56,"w":68,"h":94},
	"rotated": false,
	"trimmed": true,
	"spriteSourceSize": {"x":8,"y":0,"w":68,"h":94},
	"sourceSize": {"w":84,"h":94},
	"pivot": {"x":0.5,"y":0.5}
},
"suitDrop2.png":
{
	"frame": {"x":392,"y":56,"w":84,"h":94},
	"rotated": false,
	"trimmed": false,
	"spriteSourceSize": {"x":0,"y":0,"w":84,"h":94},
	"sourceSize": {"w":84,"h":94},
	"pivot": {"x":0.5,"y":0.5}
},
"suitDrop3.png":
{
	"frame": {"x":308,"y":56,"w":82,"h":94},
	"rotated": false,
	"trimmed": true,
	"spriteSourceSize": {"x":1,"y":0,"w":82,"h":94},
	"sourceSize": {"w":84,"h":94},
	"pivot": {"x":0.5,"y":0.5}
},
"turnAnimation_1.png":
{
	"frame": {"x":191,"y":361,"w":198,"h":208},
	"rotated": false,
	"trimmed": false,
	"spriteSourceSize": {"x":0,"y":0,"w":198,"h":208},
	"sourceSize": {"w":198,"h":208},
	"pivot": {"x":0.5,"y":0.5}
},
"turnAnimation_2.png":
{
	"frame": {"x":191,"y":361,"w":198,"h":208},
	"rotated": false,
	"trimmed": false,
	"spriteSourceSize": {"x":0,"y":0,"w":198,"h":208},
	"sourceSize": {"w":198,"h":208},
	"pivot": {"x":0.5,"y":0.5}
},
"turnAnimation_3.png":
{
	"frame": {"x":1,"y":361,"w":188,"h":180},
	"rotated": false,
	"trimmed": false,
	"spriteSourceSize": {"x":0,"y":0,"w":188,"h":180},
	"sourceSize": {"w":188,"h":180},
	"pivot": {"x":0.5,"y":0.5}
},
"turnAnimation_4.png":
{
	"frame": {"x":1,"y":361,"w":188,"h":180},
	"rotated": false,
	"trimmed": false,
	"spriteSourceSize": {"x":0,"y":0,"w":188,"h":180},
	"sourceSize": {"w":188,"h":180},
	"pivot": {"x":0.5,"y":0.5}
},
"turnAnimation_5.png":
{
	"frame": {"x":604,"y":185,"w":200,"h":166},
	"rotated": false,
	"trimmed": false,
	"spriteSourceSize": {"x":0,"y":0,"w":200,"h":166},
	"sourceSize": {"w":200,"h":166},
	"pivot": {"x":0.5,"y":0.5}
},
"turnAnimation_6.png":
{
	"frame": {"x":604,"y":185,"w":200,"h":166},
	"rotated": false,
	"trimmed": false,
	"spriteSourceSize": {"x":0,"y":0,"w":200,"h":166},
	"sourceSize": {"w":200,"h":166},
	"pivot": {"x":0.5,"y":0.5}
},
"turnAnimation_7.png":
{
	"frame": {"x":238,"y":185,"w":192,"h":136},
	"rotated": false,
	"trimmed": false,
	"spriteSourceSize": {"x":0,"y":0,"w":192,"h":136},
	"sourceSize": {"w":192,"h":136},
	"pivot": {"x":0.5,"y":0.5}
},
"turnAnimation_8.png":
{
	"frame": {"x":238,"y":185,"w":192,"h":136},
	"rotated": false,
	"trimmed": false,
	"spriteSourceSize": {"x":0,"y":0,"w":192,"h":136},
	"sourceSize": {"w":192,"h":136},
	"pivot": {"x":0.5,"y":0.5}
},
"turnAnimation_9.png":
{
	"frame": {"x":391,"y":361,"w":216,"h":210},
	"rotated": false,
	"trimmed": false,
	"spriteSourceSize": {"x":0,"y":0,"w":216,"h":210},
	"sourceSize": {"w":216,"h":210},
	"pivot": {"x":0.5,"y":0.5}
},
"turnAnimation_10.png":
{
	"frame": {"x":391,"y":361,"w":216,"h":210},
	"rotated": false,
	"trimmed": false,
	"spriteSourceSize": {"x":0,"y":0,"w":216,"h":210},
	"sourceSize": {"w":216,"h":210},
	"pivot": {"x":0.5,"y":0.5}
},
"turnAnimation_11.png":
{
	"frame": {"x":432,"y":185,"w":170,"h":174},
	"rotated": false,
	"trimmed": false,
	"spriteSourceSize": {"x":0,"y":0,"w":170,"h":174},
	"sourceSize": {"w":170,"h":174},
	"pivot": {"x":0.5,"y":0.5}
},
"turnAnimation_12.png":
{
	"frame": {"x":432,"y":185,"w":170,"h":174},
	"rotated": false,
	"trimmed": false,
	"spriteSourceSize": {"x":0,"y":0,"w":170,"h":174},
	"sourceSize": {"w":170,"h":174},
	"pivot": {"x":0.5,"y":0.5}
},
"turnAnimation_13.png":
{
	"frame": {"x":1,"y":185,"w":113,"h":122},
	"rotated": false,
	"trimmed": false,
	"spriteSourceSize": {"x":0,"y":0,"w":113,"h":122},
	"sourceSize": {"w":113,"h":122},
	"pivot": {"x":0.5,"y":0.5}
},
"turnAnimation_14.png":
{
	"frame": {"x":1,"y":185,"w":113,"h":122},
	"rotated": false,
	"trimmed": false,
	"spriteSourceSize": {"x":0,"y":0,"w":113,"h":122},
	"sourceSize": {"w":113,"h":122},
	"pivot": {"x":0.5,"y":0.5}
}},
"meta": {
	"app": "https://www.codeandweb.com/texturepacker",
	"version": "1.0",
	"image": "scarabResources.png",
	"format": "RGBA8888",
	"size": {"w":942,"h":1109},
	"scale": "1",
	"smartupdate": "$TexturePacker:SmartUpdate:01f1e51787faad8dbc6cdd43c3b2fae3:b7ce563603381a397513edd6abc8d799:8742d9204a76a847325a61ccd7882428$"
}
}
