{"frames": {

"crackNeg_000.png":
{
	"frame": {"x":142,"y":142,"w":138,"h":139},
	"rotated": false,
	"trimmed": true,
	"spriteSourceSize": {"x":31,"y":31,"w":138,"h":139},
	"sourceSize": {"w":200,"h":200}
},
"crackNeg_001.png":
{
	"frame": {"x":142,"y":142,"w":138,"h":139},
	"rotated": false,
	"trimmed": true,
	"spriteSourceSize": {"x":31,"y":31,"w":138,"h":139},
	"sourceSize": {"w":200,"h":200}
},
"crackNeg_002.png":
{
	"frame": {"x":142,"y":142,"w":138,"h":139},
	"rotated": false,
	"trimmed": true,
	"spriteSourceSize": {"x":31,"y":31,"w":138,"h":139},
	"sourceSize": {"w":200,"h":200}
},
"crackNeg_003.png":
{
	"frame": {"x":142,"y":142,"w":138,"h":139},
	"rotated": false,
	"trimmed": true,
	"spriteSourceSize": {"x":31,"y":31,"w":138,"h":139},
	"sourceSize": {"w":200,"h":200}
},
"crackNeg_004.png":
{
	"frame": {"x":142,"y":142,"w":138,"h":139},
	"rotated": false,
	"trimmed": true,
	"spriteSourceSize": {"x":31,"y":31,"w":138,"h":139},
	"sourceSize": {"w":200,"h":200}
},
"crackNeg_005.png":
{
	"frame": {"x":142,"y":142,"w":138,"h":139},
	"rotated": false,
	"trimmed": true,
	"spriteSourceSize": {"x":31,"y":31,"w":138,"h":139},
	"sourceSize": {"w":200,"h":200}
},
"crackNeg_006.png":
{
	"frame": {"x":142,"y":142,"w":138,"h":139},
	"rotated": false,
	"trimmed": true,
	"spriteSourceSize": {"x":31,"y":31,"w":138,"h":139},
	"sourceSize": {"w":200,"h":200}
},
"crackNeg_007.png":
{
	"frame": {"x":142,"y":142,"w":138,"h":139},
	"rotated": false,
	"trimmed": true,
	"spriteSourceSize": {"x":31,"y":31,"w":138,"h":139},
	"sourceSize": {"w":200,"h":200}
},
"crackNeg_008.png":
{
	"frame": {"x":142,"y":142,"w":138,"h":139},
	"rotated": false,
	"trimmed": true,
	"spriteSourceSize": {"x":31,"y":31,"w":138,"h":139},
	"sourceSize": {"w":200,"h":200}
},
"crackNeg_009.png":
{
	"frame": {"x":1,"y":142,"w":139,"h":139},
	"rotated": false,
	"trimmed": true,
	"spriteSourceSize": {"x":31,"y":31,"w":139,"h":139},
	"sourceSize": {"w":200,"h":200}
},
"crackNeg_010.png":
{
	"frame": {"x":147,"y":1,"w":143,"h":139},
	"rotated": false,
	"trimmed": true,
	"spriteSourceSize": {"x":29,"y":31,"w":143,"h":139},
	"sourceSize": {"w":200,"h":200}
},
"crackNeg_011.png":
{
	"frame": {"x":1,"y":1,"w":144,"h":139},
	"rotated": false,
	"trimmed": true,
	"spriteSourceSize": {"x":28,"y":31,"w":144,"h":139},
	"sourceSize": {"w":200,"h":200}
},
"crackNeg_012.png":
{
	"frame": {"x":1,"y":284,"w":144,"h":143},
	"rotated": false,
	"trimmed": true,
	"spriteSourceSize": {"x":28,"y":29,"w":144,"h":143},
	"sourceSize": {"w":200,"h":200}
},
"crackNeg_013.png":
{
	"frame": {"x":147,"y":284,"w":144,"h":144},
	"rotated": false,
	"trimmed": true,
	"spriteSourceSize": {"x":28,"y":28,"w":144,"h":144},
	"sourceSize": {"w":200,"h":200}
},
"crackNeg_014.png":
{
	"frame": {"x":293,"y":284,"w":146,"h":145},
	"rotated": false,
	"trimmed": true,
	"spriteSourceSize": {"x":27,"y":28,"w":146,"h":145},
	"sourceSize": {"w":200,"h":200}
},
"crackNeg_015.png":
{
	"frame": {"x":282,"y":142,"w":150,"h":140},
	"rotated": false,
	"trimmed": true,
	"spriteSourceSize": {"x":25,"y":30,"w":150,"h":140},
	"sourceSize": {"w":200,"h":200}
},
"crackNeg_016.png":
{
	"frame": {"x":292,"y":1,"w":154,"h":139},
	"rotated": false,
	"trimmed": true,
	"spriteSourceSize": {"x":23,"y":31,"w":154,"h":139},
	"sourceSize": {"w":200,"h":200}
}},
"meta": {
	"app": "https://www.codeandweb.com/texturepacker",
	"version": "1.0",
	"image": "crackNeg-1.png",
	"format": "RGBA8888",
	"size": {"w":512,"h":512},
	"scale": "1",
	"related_multi_packs": [ "crackNeg-0.json" ],
	"smartupdate": "$TexturePacker:SmartUpdate:4d37b44b9116e76622e43c7809e49125:96c7a981d3df86b631ac99462426e84b:18abb0904109c58c056326f1e57ee52b$"
}
}
