{"frames": {

"crack_000.png":
{
	"frame": {"x":1,"y":1,"w":160,"h":167},
	"rotated": false,
	"trimmed": true,
	"spriteSourceSize": {"x":23,"y":16,"w":160,"h":167},
	"sourceSize": {"w":200,"h":200},
	"pivot": {"x":0.5,"y":0.5}
},
"crack_001.png":
{
	"frame": {"x":163,"y":1,"w":167,"h":169},
	"rotated": false,
	"trimmed": true,
	"spriteSourceSize": {"x":16,"y":15,"w":167,"h":169},
	"sourceSize": {"w":200,"h":200},
	"pivot": {"x":0.5,"y":0.5}
},
"crack_002.png":
{
	"frame": {"x":332,"y":1,"w":170,"h":172},
	"rotated": false,
	"trimmed": true,
	"spriteSourceSize": {"x":15,"y":14,"w":170,"h":172},
	"sourceSize": {"w":200,"h":200},
	"pivot": {"x":0.5,"y":0.5}
},
"crack_003.png":
{
	"frame": {"x":504,"y":1,"w":200,"h":200},
	"rotated": false,
	"trimmed": false,
	"spriteSourceSize": {"x":0,"y":0,"w":200,"h":200},
	"sourceSize": {"w":200,"h":200},
	"pivot": {"x":0.5,"y":0.5}
},
"crack_004.png":
{
	"frame": {"x":706,"y":1,"w":200,"h":200},
	"rotated": false,
	"trimmed": false,
	"spriteSourceSize": {"x":0,"y":0,"w":200,"h":200},
	"sourceSize": {"w":200,"h":200},
	"pivot": {"x":0.5,"y":0.5}
},
"crack_005.png":
{
	"frame": {"x":1,"y":203,"w":200,"h":200},
	"rotated": false,
	"trimmed": false,
	"spriteSourceSize": {"x":0,"y":0,"w":200,"h":200},
	"sourceSize": {"w":200,"h":200},
	"pivot": {"x":0.5,"y":0.5}
},
"crack_006.png":
{
	"frame": {"x":203,"y":203,"w":200,"h":200},
	"rotated": false,
	"trimmed": false,
	"spriteSourceSize": {"x":0,"y":0,"w":200,"h":200},
	"sourceSize": {"w":200,"h":200},
	"pivot": {"x":0.5,"y":0.5}
},
"crack_007.png":
{
	"frame": {"x":405,"y":203,"w":200,"h":200},
	"rotated": false,
	"trimmed": false,
	"spriteSourceSize": {"x":0,"y":0,"w":200,"h":200},
	"sourceSize": {"w":200,"h":200},
	"pivot": {"x":0.5,"y":0.5}
},
"crack_008.png":
{
	"frame": {"x":607,"y":203,"w":200,"h":200},
	"rotated": false,
	"trimmed": false,
	"spriteSourceSize": {"x":0,"y":0,"w":200,"h":200},
	"sourceSize": {"w":200,"h":200},
	"pivot": {"x":0.5,"y":0.5}
},
"crack_009.png":
{
	"frame": {"x":809,"y":203,"w":200,"h":200},
	"rotated": false,
	"trimmed": false,
	"spriteSourceSize": {"x":0,"y":0,"w":200,"h":200},
	"sourceSize": {"w":200,"h":200},
	"pivot": {"x":0.5,"y":0.5}
},
"crack_010.png":
{
	"frame": {"x":1,"y":405,"w":170,"h":137},
	"rotated": false,
	"trimmed": true,
	"spriteSourceSize": {"x":4,"y":53,"w":170,"h":137},
	"sourceSize": {"w":200,"h":200},
	"pivot": {"x":0.5,"y":0.5}
}},
"meta": {
	"app": "https://www.codeandweb.com/texturepacker",
	"version": "1.0",
	"image": "crack-0.png",
	"format": "RGBA8888",
	"size": {"w":1024,"h":1024},
	"scale": "1",
	"smartupdate": "$TexturePacker:SmartUpdate:5766c48d6a70bb412ab596811fc9b87d:c2ea856afb8d3ee5a708060d068d47dc:5baf01cabb0c810f1a3c51241c0837f0$"
}
}
