{"frames": {

"crackNeg_017.png":
{
	"frame": {"x":1,"y":1,"w":156,"h":139},
	"rotated": false,
	"trimmed": true,
	"spriteSourceSize": {"x":22,"y":31,"w":156,"h":139},
	"sourceSize": {"w":200,"h":200}
},
"crackNeg_018.png":
{
	"frame": {"x":159,"y":1,"w":158,"h":139},
	"rotated": false,
	"trimmed": true,
	"spriteSourceSize": {"x":21,"y":31,"w":158,"h":139},
	"sourceSize": {"w":200,"h":200}
},
"crackNeg_019.png":
{
	"frame": {"x":319,"y":1,"w":157,"h":139},
	"rotated": false,
	"trimmed": true,
	"spriteSourceSize": {"x":21,"y":31,"w":157,"h":139},
	"sourceSize": {"w":200,"h":200}
},
"crackNeg_020.png":
{
	"frame": {"x":1,"y":142,"w":157,"h":139},
	"rotated": false,
	"trimmed": true,
	"spriteSourceSize": {"x":21,"y":31,"w":157,"h":139},
	"sourceSize": {"w":200,"h":200}
},
"crackNeg_021.png":
{
	"frame": {"x":160,"y":142,"w":157,"h":139},
	"rotated": false,
	"trimmed": true,
	"spriteSourceSize": {"x":21,"y":31,"w":157,"h":139},
	"sourceSize": {"w":200,"h":200}
},
"crackNeg_022.png":
{
	"frame": {"x":319,"y":142,"w":157,"h":139},
	"rotated": false,
	"trimmed": true,
	"spriteSourceSize": {"x":21,"y":31,"w":157,"h":139},
	"sourceSize": {"w":200,"h":200}
},
"crackNeg_023.png":
{
	"frame": {"x":1,"y":283,"w":157,"h":139},
	"rotated": false,
	"trimmed": true,
	"spriteSourceSize": {"x":21,"y":31,"w":157,"h":139},
	"sourceSize": {"w":200,"h":200}
},
"crackNeg_024.png":
{
	"frame": {"x":160,"y":283,"w":157,"h":139},
	"rotated": false,
	"trimmed": true,
	"spriteSourceSize": {"x":21,"y":31,"w":157,"h":139},
	"sourceSize": {"w":200,"h":200}
},
"crackNeg_025.png":
{
	"frame": {"x":319,"y":283,"w":157,"h":139},
	"rotated": false,
	"trimmed": true,
	"spriteSourceSize": {"x":21,"y":31,"w":157,"h":139},
	"sourceSize": {"w":200,"h":200}
}},
"meta": {
	"app": "https://www.codeandweb.com/texturepacker",
	"version": "1.0",
	"image": "crackNeg-0.png",
	"format": "RGBA8888",
	"size": {"w":512,"h":512},
	"scale": "1",
	"related_multi_packs": [ "crackNeg-1.json" ],
	"smartupdate": "$TexturePacker:SmartUpdate:4d37b44b9116e76622e43c7809e49125:96c7a981d3df86b631ac99462426e84b:18abb0904109c58c056326f1e57ee52b$"
}
}
