{"frames": {

"scarabWalkEnd_000.png":
{
	"frame": {"x":1,"y":1,"w":84,"h":123},
	"rotated": false,
	"trimmed": true,
	"spriteSourceSize": {"x":48,"y":33,"w":84,"h":123},
	"sourceSize": {"w":184,"h":184},
	"pivot": {"x":0.5,"y":0.5}
},
"scarabWalkEnd_001.png":
{
	"frame": {"x":87,"y":1,"w":83,"h":123},
	"rotated": false,
	"trimmed": true,
	"spriteSourceSize": {"x":48,"y":33,"w":83,"h":123},
	"sourceSize": {"w":184,"h":184},
	"pivot": {"x":0.5,"y":0.5}
},
"scarabWalkEnd_002.png":
{
	"frame": {"x":172,"y":1,"w":90,"h":120},
	"rotated": false,
	"trimmed": true,
	"spriteSourceSize": {"x":45,"y":33,"w":90,"h":120},
	"sourceSize": {"w":184,"h":184},
	"pivot": {"x":0.5,"y":0.5}
},
"scarabWalkEnd_003.png":
{
	"frame": {"x":264,"y":1,"w":92,"h":115},
	"rotated": false,
	"trimmed": true,
	"spriteSourceSize": {"x":44,"y":33,"w":92,"h":115},
	"sourceSize": {"w":184,"h":184},
	"pivot": {"x":0.5,"y":0.5}
},
"scarabWalkEnd_004.png":
{
	"frame": {"x":358,"y":1,"w":93,"h":110},
	"rotated": false,
	"trimmed": true,
	"spriteSourceSize": {"x":44,"y":33,"w":93,"h":110},
	"sourceSize": {"w":184,"h":184},
	"pivot": {"x":0.5,"y":0.5}
},
"scarabWalkEnd_005.png":
{
	"frame": {"x":1,"y":126,"w":89,"h":114},
	"rotated": false,
	"trimmed": true,
	"spriteSourceSize": {"x":47,"y":33,"w":89,"h":114},
	"sourceSize": {"w":184,"h":184},
	"pivot": {"x":0.5,"y":0.5}
},
"scarabWalkEnd_006.png":
{
	"frame": {"x":92,"y":126,"w":82,"h":102},
	"rotated": false,
	"trimmed": true,
	"spriteSourceSize": {"x":52,"y":33,"w":82,"h":102},
	"sourceSize": {"w":184,"h":184},
	"pivot": {"x":0.5,"y":0.5}
},
"scarabWalkEnd_007.png":
{
	"frame": {"x":176,"y":126,"w":72,"h":92},
	"rotated": false,
	"trimmed": true,
	"spriteSourceSize": {"x":55,"y":33,"w":72,"h":92},
	"sourceSize": {"w":184,"h":184},
	"pivot": {"x":0.5,"y":0.5}
},
"scarabWalkEnd_008.png":
{
	"frame": {"x":250,"y":126,"w":74,"h":87},
	"rotated": false,
	"trimmed": true,
	"spriteSourceSize": {"x":53,"y":33,"w":74,"h":87},
	"sourceSize": {"w":184,"h":184},
	"pivot": {"x":0.5,"y":0.5}
},
"scarabWalkEnd_009.png":
{
	"frame": {"x":326,"y":126,"w":75,"h":75},
	"rotated": false,
	"trimmed": true,
	"spriteSourceSize": {"x":51,"y":33,"w":75,"h":75},
	"sourceSize": {"w":184,"h":184},
	"pivot": {"x":0.5,"y":0.5}
},
"scarabWalkEnd_010.png":
{
	"frame": {"x":403,"y":126,"w":68,"h":72},
	"rotated": false,
	"trimmed": true,
	"spriteSourceSize": {"x":56,"y":33,"w":68,"h":72},
	"sourceSize": {"w":184,"h":184},
	"pivot": {"x":0.5,"y":0.5}
},
"scarabWalkEnd_011.png":
{
	"frame": {"x":1,"y":242,"w":56,"h":56},
	"rotated": false,
	"trimmed": true,
	"spriteSourceSize": {"x":60,"y":32,"w":56,"h":56},
	"sourceSize": {"w":184,"h":184},
	"pivot": {"x":0.5,"y":0.5}
},
"scarabWalkEnd_012.png":
{
	"frame": {"x":59,"y":242,"w":57,"h":54},
	"rotated": false,
	"trimmed": true,
	"spriteSourceSize": {"x":59,"y":32,"w":57,"h":54},
	"sourceSize": {"w":184,"h":184},
	"pivot": {"x":0.5,"y":0.5}
},
"scarabWalkEnd_013.png":
{
	"frame": {"x":118,"y":242,"w":56,"h":52},
	"rotated": false,
	"trimmed": true,
	"spriteSourceSize": {"x":59,"y":32,"w":56,"h":52},
	"sourceSize": {"w":184,"h":184},
	"pivot": {"x":0.5,"y":0.5}
},
"scarabWalkEnd_014.png":
{
	"frame": {"x":176,"y":242,"w":34,"h":44},
	"rotated": false,
	"trimmed": true,
	"spriteSourceSize": {"x":70,"y":33,"w":34,"h":44},
	"sourceSize": {"w":184,"h":184},
	"pivot": {"x":0.5,"y":0.5}
},
"scarabWalkEnd_015.png":
{
	"frame": {"x":212,"y":242,"w":3,"h":3},
	"rotated": false,
	"trimmed": true,
	"spriteSourceSize": {"x":0,"y":0,"w":3,"h":3},
	"sourceSize": {"w":184,"h":184},
	"pivot": {"x":0.5,"y":0.5}
}},
"meta": {
	"app": "https://www.codeandweb.com/texturepacker",
	"version": "1.0",
	"image": "scarabWalkEnd-0.png",
	"format": "RGBA8888",
	"size": {"w":512,"h":512},
	"scale": "1",
	"smartupdate": "$TexturePacker:SmartUpdate:7660c21029011ee67842ad871618305f:d7aac77d059333916240c5fff7ffa5c9:d64f19991edcee14b8f9115851e77bb4$"
}
}
