{"frames": {

"scarabIntro_000.png":
{
	"frame": {"x":1,"y":1,"w":1096,"h":530},
	"rotated": false,
	"trimmed": false,
	"spriteSourceSize": {"x":0,"y":0,"w":1096,"h":530},
	"sourceSize": {"w":1096,"h":530},
	"pivot": {"x":0.5,"y":0.5}
},
"scarabIntro_001.png":
{
	"frame": {"x":1099,"y":1,"w":1096,"h":530},
	"rotated": false,
	"trimmed": false,
	"spriteSourceSize": {"x":0,"y":0,"w":1096,"h":530},
	"sourceSize": {"w":1096,"h":530},
	"pivot": {"x":0.5,"y":0.5}
},
"scarabIntro_002.png":
{
	"frame": {"x":2197,"y":1,"w":1096,"h":530},
	"rotated": false,
	"trimmed": false,
	"spriteSourceSize": {"x":0,"y":0,"w":1096,"h":530},
	"sourceSize": {"w":1096,"h":530},
	"pivot": {"x":0.5,"y":0.5}
},
"scarabIntro_003.png":
{
	"frame": {"x":1,"y":533,"w":1096,"h":530},
	"rotated": false,
	"trimmed": false,
	"spriteSourceSize": {"x":0,"y":0,"w":1096,"h":530},
	"sourceSize": {"w":1096,"h":530},
	"pivot": {"x":0.5,"y":0.5}
},
"scarabIntro_004.png":
{
	"frame": {"x":1099,"y":533,"w":1096,"h":530},
	"rotated": false,
	"trimmed": false,
	"spriteSourceSize": {"x":0,"y":0,"w":1096,"h":530},
	"sourceSize": {"w":1096,"h":530},
	"pivot": {"x":0.5,"y":0.5}
},
"scarabIntro_005.png":
{
	"frame": {"x":2197,"y":533,"w":1096,"h":530},
	"rotated": false,
	"trimmed": false,
	"spriteSourceSize": {"x":0,"y":0,"w":1096,"h":530},
	"sourceSize": {"w":1096,"h":530},
	"pivot": {"x":0.5,"y":0.5}
},
"scarabIntro_006.png":
{
	"frame": {"x":1,"y":1065,"w":1096,"h":530},
	"rotated": false,
	"trimmed": false,
	"spriteSourceSize": {"x":0,"y":0,"w":1096,"h":530},
	"sourceSize": {"w":1096,"h":530},
	"pivot": {"x":0.5,"y":0.5}
},
"scarabIntro_007.png":
{
	"frame": {"x":1099,"y":1065,"w":1096,"h":530},
	"rotated": false,
	"trimmed": false,
	"spriteSourceSize": {"x":0,"y":0,"w":1096,"h":530},
	"sourceSize": {"w":1096,"h":530},
	"pivot": {"x":0.5,"y":0.5}
},
"scarabIntro_008.png":
{
	"frame": {"x":2197,"y":1065,"w":1096,"h":530},
	"rotated": false,
	"trimmed": false,
	"spriteSourceSize": {"x":0,"y":0,"w":1096,"h":530},
	"sourceSize": {"w":1096,"h":530},
	"pivot": {"x":0.5,"y":0.5}
},
"scarabIntro_009.png":
{
	"frame": {"x":1,"y":1597,"w":1096,"h":530},
	"rotated": false,
	"trimmed": false,
	"spriteSourceSize": {"x":0,"y":0,"w":1096,"h":530},
	"sourceSize": {"w":1096,"h":530},
	"pivot": {"x":0.5,"y":0.5}
},
"scarabIntro_010.png":
{
	"frame": {"x":1099,"y":1597,"w":1096,"h":530},
	"rotated": false,
	"trimmed": false,
	"spriteSourceSize": {"x":0,"y":0,"w":1096,"h":530},
	"sourceSize": {"w":1096,"h":530},
	"pivot": {"x":0.5,"y":0.5}
},
"scarabIntro_011.png":
{
	"frame": {"x":2197,"y":1597,"w":1096,"h":530},
	"rotated": false,
	"trimmed": false,
	"spriteSourceSize": {"x":0,"y":0,"w":1096,"h":530},
	"sourceSize": {"w":1096,"h":530},
	"pivot": {"x":0.5,"y":0.5}
},
"scarabIntro_012.png":
{
	"frame": {"x":1,"y":2129,"w":1096,"h":530},
	"rotated": false,
	"trimmed": false,
	"spriteSourceSize": {"x":0,"y":0,"w":1096,"h":530},
	"sourceSize": {"w":1096,"h":530},
	"pivot": {"x":0.5,"y":0.5}
},
"scarabIntro_013.png":
{
	"frame": {"x":1099,"y":2129,"w":1096,"h":530},
	"rotated": false,
	"trimmed": false,
	"spriteSourceSize": {"x":0,"y":0,"w":1096,"h":530},
	"sourceSize": {"w":1096,"h":530},
	"pivot": {"x":0.5,"y":0.5}
},
"scarabIntro_014.png":
{
	"frame": {"x":2197,"y":2129,"w":1096,"h":530},
	"rotated": false,
	"trimmed": false,
	"spriteSourceSize": {"x":0,"y":0,"w":1096,"h":530},
	"sourceSize": {"w":1096,"h":530},
	"pivot": {"x":0.5,"y":0.5}
},
"scarabIntro_015.png":
{
	"frame": {"x":1,"y":2661,"w":1096,"h":530},
	"rotated": false,
	"trimmed": false,
	"spriteSourceSize": {"x":0,"y":0,"w":1096,"h":530},
	"sourceSize": {"w":1096,"h":530},
	"pivot": {"x":0.5,"y":0.5}
},
"scarabIntro_016.png":
{
	"frame": {"x":1099,"y":2661,"w":1096,"h":530},
	"rotated": false,
	"trimmed": false,
	"spriteSourceSize": {"x":0,"y":0,"w":1096,"h":530},
	"sourceSize": {"w":1096,"h":530},
	"pivot": {"x":0.5,"y":0.5}
},
"scarabIntro_017.png":
{
	"frame": {"x":2197,"y":2661,"w":1096,"h":530},
	"rotated": false,
	"trimmed": false,
	"spriteSourceSize": {"x":0,"y":0,"w":1096,"h":530},
	"sourceSize": {"w":1096,"h":530},
	"pivot": {"x":0.5,"y":0.5}
},
"scarabIntro_018.png":
{
	"frame": {"x":1,"y":3193,"w":1096,"h":530},
	"rotated": false,
	"trimmed": false,
	"spriteSourceSize": {"x":0,"y":0,"w":1096,"h":530},
	"sourceSize": {"w":1096,"h":530},
	"pivot": {"x":0.5,"y":0.5}
},
"scarabIntro_019.png":
{
	"frame": {"x":1099,"y":3193,"w":1096,"h":530},
	"rotated": false,
	"trimmed": false,
	"spriteSourceSize": {"x":0,"y":0,"w":1096,"h":530},
	"sourceSize": {"w":1096,"h":530},
	"pivot": {"x":0.5,"y":0.5}
},
"scarabIntro_020.png":
{
	"frame": {"x":2197,"y":3193,"w":1096,"h":530},
	"rotated": false,
	"trimmed": false,
	"spriteSourceSize": {"x":0,"y":0,"w":1096,"h":530},
	"sourceSize": {"w":1096,"h":530},
	"pivot": {"x":0.5,"y":0.5}
}},
"meta": {
	"app": "https://www.codeandweb.com/texturepacker",
	"version": "1.0",
	"image": "scarabIntro-0.jpg",
	"format": "RGB8888",
	"size": {"w":4096,"h":4096},
	"scale": "1",
	"smartupdate": "$TexturePacker:SmartUpdate:851c150a3548648db92283344d96b4fd:f4519db1bacd1e713ecd1f094b0e11d0:9efdb91997b96ecc6d5fb091f140ced6$"
}
}
