{"frames": {

"symbolGlow_000.png":
{
	"frame": {"x":1,"y":1,"w":40,"h":40},
	"rotated": false,
	"trimmed": false,
	"spriteSourceSize": {"x":0,"y":0,"w":40,"h":40},
	"sourceSize": {"w":40,"h":40},
	"pivot": {"x":0.5,"y":0.5}
},
"symbolGlow_001.png":
{
	"frame": {"x":43,"y":1,"w":40,"h":40},
	"rotated": false,
	"trimmed": false,
	"spriteSourceSize": {"x":0,"y":0,"w":40,"h":40},
	"sourceSize": {"w":40,"h":40},
	"pivot": {"x":0.5,"y":0.5}
},
"symbolGlow_002.png":
{
	"frame": {"x":85,"y":1,"w":40,"h":40},
	"rotated": false,
	"trimmed": false,
	"spriteSourceSize": {"x":0,"y":0,"w":40,"h":40},
	"sourceSize": {"w":40,"h":40},
	"pivot": {"x":0.5,"y":0.5}
},
"symbolGlow_003.png":
{
	"frame": {"x":127,"y":1,"w":40,"h":40},
	"rotated": false,
	"trimmed": false,
	"spriteSourceSize": {"x":0,"y":0,"w":40,"h":40},
	"sourceSize": {"w":40,"h":40},
	"pivot": {"x":0.5,"y":0.5}
},
"symbolGlow_004.png":
{
	"frame": {"x":169,"y":1,"w":40,"h":40},
	"rotated": false,
	"trimmed": false,
	"spriteSourceSize": {"x":0,"y":0,"w":40,"h":40},
	"sourceSize": {"w":40,"h":40},
	"pivot": {"x":0.5,"y":0.5}
},
"symbolGlow_005.png":
{
	"frame": {"x":211,"y":1,"w":40,"h":40},
	"rotated": false,
	"trimmed": false,
	"spriteSourceSize": {"x":0,"y":0,"w":40,"h":40},
	"sourceSize": {"w":40,"h":40},
	"pivot": {"x":0.5,"y":0.5}
},
"symbolGlow_006.png":
{
	"frame": {"x":1,"y":43,"w":40,"h":40},
	"rotated": false,
	"trimmed": false,
	"spriteSourceSize": {"x":0,"y":0,"w":40,"h":40},
	"sourceSize": {"w":40,"h":40},
	"pivot": {"x":0.5,"y":0.5}
},
"symbolGlow_007.png":
{
	"frame": {"x":43,"y":43,"w":40,"h":40},
	"rotated": false,
	"trimmed": false,
	"spriteSourceSize": {"x":0,"y":0,"w":40,"h":40},
	"sourceSize": {"w":40,"h":40},
	"pivot": {"x":0.5,"y":0.5}
},
"symbolGlow_008.png":
{
	"frame": {"x":85,"y":43,"w":40,"h":40},
	"rotated": false,
	"trimmed": false,
	"spriteSourceSize": {"x":0,"y":0,"w":40,"h":40},
	"sourceSize": {"w":40,"h":40},
	"pivot": {"x":0.5,"y":0.5}
},
"symbolGlow_009.png":
{
	"frame": {"x":127,"y":43,"w":40,"h":40},
	"rotated": false,
	"trimmed": false,
	"spriteSourceSize": {"x":0,"y":0,"w":40,"h":40},
	"sourceSize": {"w":40,"h":40},
	"pivot": {"x":0.5,"y":0.5}
},
"symbolGlow_010.png":
{
	"frame": {"x":169,"y":43,"w":40,"h":40},
	"rotated": false,
	"trimmed": false,
	"spriteSourceSize": {"x":0,"y":0,"w":40,"h":40},
	"sourceSize": {"w":40,"h":40},
	"pivot": {"x":0.5,"y":0.5}
},
"symbolGlow_011.png":
{
	"frame": {"x":211,"y":43,"w":40,"h":40},
	"rotated": false,
	"trimmed": false,
	"spriteSourceSize": {"x":0,"y":0,"w":40,"h":40},
	"sourceSize": {"w":40,"h":40},
	"pivot": {"x":0.5,"y":0.5}
},
"symbolGlow_012.png":
{
	"frame": {"x":1,"y":85,"w":40,"h":40},
	"rotated": false,
	"trimmed": false,
	"spriteSourceSize": {"x":0,"y":0,"w":40,"h":40},
	"sourceSize": {"w":40,"h":40},
	"pivot": {"x":0.5,"y":0.5}
},
"symbolGlow_013.png":
{
	"frame": {"x":43,"y":85,"w":40,"h":40},
	"rotated": false,
	"trimmed": false,
	"spriteSourceSize": {"x":0,"y":0,"w":40,"h":40},
	"sourceSize": {"w":40,"h":40},
	"pivot": {"x":0.5,"y":0.5}
},
"symbolGlow_014.png":
{
	"frame": {"x":85,"y":85,"w":40,"h":40},
	"rotated": false,
	"trimmed": false,
	"spriteSourceSize": {"x":0,"y":0,"w":40,"h":40},
	"sourceSize": {"w":40,"h":40},
	"pivot": {"x":0.5,"y":0.5}
},
"symbolGlow_015.png":
{
	"frame": {"x":127,"y":85,"w":40,"h":40},
	"rotated": false,
	"trimmed": false,
	"spriteSourceSize": {"x":0,"y":0,"w":40,"h":40},
	"sourceSize": {"w":40,"h":40},
	"pivot": {"x":0.5,"y":0.5}
},
"symbolGlow_016.png":
{
	"frame": {"x":169,"y":85,"w":40,"h":40},
	"rotated": false,
	"trimmed": false,
	"spriteSourceSize": {"x":0,"y":0,"w":40,"h":40},
	"sourceSize": {"w":40,"h":40},
	"pivot": {"x":0.5,"y":0.5}
},
"symbolGlow_017.png":
{
	"frame": {"x":211,"y":85,"w":40,"h":40},
	"rotated": false,
	"trimmed": false,
	"spriteSourceSize": {"x":0,"y":0,"w":40,"h":40},
	"sourceSize": {"w":40,"h":40},
	"pivot": {"x":0.5,"y":0.5}
},
"symbolGlow_018.png":
{
	"frame": {"x":1,"y":127,"w":40,"h":40},
	"rotated": false,
	"trimmed": false,
	"spriteSourceSize": {"x":0,"y":0,"w":40,"h":40},
	"sourceSize": {"w":40,"h":40},
	"pivot": {"x":0.5,"y":0.5}
},
"symbolGlow_019.png":
{
	"frame": {"x":43,"y":127,"w":40,"h":40},
	"rotated": false,
	"trimmed": false,
	"spriteSourceSize": {"x":0,"y":0,"w":40,"h":40},
	"sourceSize": {"w":40,"h":40},
	"pivot": {"x":0.5,"y":0.5}
},
"symbolGlow_020.png":
{
	"frame": {"x":85,"y":127,"w":40,"h":40},
	"rotated": false,
	"trimmed": false,
	"spriteSourceSize": {"x":0,"y":0,"w":40,"h":40},
	"sourceSize": {"w":40,"h":40},
	"pivot": {"x":0.5,"y":0.5}
},
"symbolGlow_021.png":
{
	"frame": {"x":127,"y":127,"w":40,"h":40},
	"rotated": false,
	"trimmed": false,
	"spriteSourceSize": {"x":0,"y":0,"w":40,"h":40},
	"sourceSize": {"w":40,"h":40},
	"pivot": {"x":0.5,"y":0.5}
},
"symbolGlow_022.png":
{
	"frame": {"x":169,"y":127,"w":40,"h":40},
	"rotated": false,
	"trimmed": false,
	"spriteSourceSize": {"x":0,"y":0,"w":40,"h":40},
	"sourceSize": {"w":40,"h":40},
	"pivot": {"x":0.5,"y":0.5}
}},
"meta": {
	"app": "https://www.codeandweb.com/texturepacker",
	"version": "1.0",
	"image": "symbolGlow-0.png",
	"format": "RGBA8888",
	"size": {"w":256,"h":256},
	"scale": "1",
	"smartupdate": "$TexturePacker:SmartUpdate:172cd3a374afb52df0f9903643041c83:3938efd74b1b0a3efe46b67e21bfe444:fa3609544e430ff792029dcd471e8259$"
}
}
