{"frames": {

"bulbFramePortret.png":
{
	"frame": {"x":1,"y":63,"w":426,"h":40},
	"rotated": false,
	"trimmed": false,
	"spriteSourceSize": {"x":0,"y":0,"w":426,"h":40},
	"sourceSize": {"w":426,"h":40}
},
"bulbMaskPortret.jpg":
{
	"frame": {"x":1,"y":105,"w":426,"h":40},
	"rotated": false,
	"trimmed": false,
	"spriteSourceSize": {"x":0,"y":0,"w":426,"h":40},
	"sourceSize": {"w":426,"h":40}
},
"bulbSandPortret.png":
{
	"frame": {"x":1,"y":147,"w":484,"h":42},
	"rotated": false,
	"trimmed": true,
	"spriteSourceSize": {"x":2,"y":2,"w":484,"h":42},
	"sourceSize": {"w":486,"h":46}
},
"small_bronze_portret_text.png":
{
	"frame": {"x":329,"y":1,"w":100,"h":18},
	"rotated": false,
	"trimmed": true,
	"spriteSourceSize": {"x":1,"y":1,"w":100,"h":18},
	"sourceSize": {"w":102,"h":20}
},
"small_gold_portret_text.png":
{
	"frame": {"x":1,"y":1,"w":68,"h":18},
	"rotated": false,
	"trimmed": true,
	"spriteSourceSize": {"x":1,"y":1,"w":68,"h":18},
	"sourceSize": {"w":70,"h":20}
},
"small_panel_bronze_portret.png":
{
	"frame": {"x":71,"y":1,"w":73,"h":29},
	"rotated": false,
	"trimmed": false,
	"spriteSourceSize": {"x":0,"y":0,"w":73,"h":29},
	"sourceSize": {"w":73,"h":29}
},
"small_panel_gold_portret.png":
{
	"frame": {"x":1,"y":32,"w":114,"h":29},
	"rotated": false,
	"trimmed": false,
	"spriteSourceSize": {"x":0,"y":0,"w":114,"h":29},
	"sourceSize": {"w":114,"h":29}
},
"small_panel_platinum_portret.png":
{
	"frame": {"x":249,"y":32,"w":134,"h":29},
	"rotated": false,
	"trimmed": false,
	"spriteSourceSize": {"x":0,"y":0,"w":134,"h":29},
	"sourceSize": {"w":134,"h":29}
},
"small_panel_silver_portret.png":
{
	"frame": {"x":237,"y":1,"w":90,"h":29},
	"rotated": false,
	"trimmed": false,
	"spriteSourceSize": {"x":0,"y":0,"w":90,"h":29},
	"sourceSize": {"w":90,"h":29}
},
"small_platinum_portret_text.png":
{
	"frame": {"x":117,"y":32,"w":130,"h":18},
	"rotated": false,
	"trimmed": true,
	"spriteSourceSize": {"x":1,"y":1,"w":130,"h":18},
	"sourceSize": {"w":132,"h":20}
},
"small_silver_portret_text.png":
{
	"frame": {"x":146,"y":1,"w":89,"h":20},
	"rotated": false,
	"trimmed": true,
	"spriteSourceSize": {"x":1,"y":1,"w":89,"h":20},
	"sourceSize": {"w":92,"h":23}
}},
"meta": {
	"app": "https://www.codeandweb.com/texturepacker",
	"version": "1.0",
	"image": "bulbPortret.png",
	"format": "RGBA8888",
	"size": {"w":512,"h":512},
	"scale": "1",
	"smartupdate": "$TexturePacker:SmartUpdate:7b1be18f08cd5972e470f52b06164fdb:d0015641ab28cd17a7e1b67872918506:95b5ac48ee78b050b53c3657ceb9bd14$"
}
}
