{"frames": {

"bulbFrameLandscape.png":
{
	"frame": {"x":861,"y":75,"w":46,"h":380},
	"rotated": false,
	"trimmed": false,
	"spriteSourceSize": {"x":0,"y":0,"w":46,"h":380},
	"sourceSize": {"w":46,"h":380}
},
"bulbMaskLandscape.jpg":
{
	"frame": {"x":909,"y":75,"w":46,"h":380},
	"rotated": false,
	"trimmed": false,
	"spriteSourceSize": {"x":0,"y":0,"w":46,"h":380},
	"sourceSize": {"w":46,"h":380}
},
"bulbSandLandscape.png":
{
	"frame": {"x":757,"y":75,"w":42,"h":376},
	"rotated": false,
	"trimmed": true,
	"spriteSourceSize": {"x":2,"y":2,"w":42,"h":376},
	"sourceSize": {"w":46,"h":380}
},
"kolba_smqna_000.png":
{
	"frame": {"x":1,"y":1,"w":3,"h":3},
	"rotated": false,
	"trimmed": true,
	"spriteSourceSize": {"x":0,"y":0,"w":3,"h":3},
	"sourceSize": {"w":69,"h":409}
},
"kolba_smqna_001.png":
{
	"frame": {"x":863,"y":1,"w":55,"h":38},
	"rotated": false,
	"trimmed": true,
	"spriteSourceSize": {"x":8,"y":9,"w":55,"h":38},
	"sourceSize": {"w":69,"h":409}
},
"kolba_smqna_002.png":
{
	"frame": {"x":920,"y":1,"w":58,"h":72},
	"rotated": false,
	"trimmed": true,
	"spriteSourceSize": {"x":6,"y":9,"w":58,"h":72},
	"sourceSize": {"w":69,"h":409}
},
"kolba_smqna_003.png":
{
	"frame": {"x":1,"y":75,"w":58,"h":100},
	"rotated": false,
	"trimmed": true,
	"spriteSourceSize": {"x":6,"y":9,"w":58,"h":100},
	"sourceSize": {"w":69,"h":409}
},
"kolba_smqna_004.png":
{
	"frame": {"x":61,"y":75,"w":58,"h":128},
	"rotated": false,
	"trimmed": true,
	"spriteSourceSize": {"x":6,"y":9,"w":58,"h":128},
	"sourceSize": {"w":69,"h":409}
},
"kolba_smqna_005.png":
{
	"frame": {"x":121,"y":75,"w":58,"h":156},
	"rotated": false,
	"trimmed": true,
	"spriteSourceSize": {"x":6,"y":9,"w":58,"h":156},
	"sourceSize": {"w":69,"h":409}
},
"kolba_smqna_006.png":
{
	"frame": {"x":181,"y":75,"w":58,"h":184},
	"rotated": false,
	"trimmed": true,
	"spriteSourceSize": {"x":6,"y":9,"w":58,"h":184},
	"sourceSize": {"w":69,"h":409}
},
"kolba_smqna_007.png":
{
	"frame": {"x":241,"y":75,"w":58,"h":212},
	"rotated": false,
	"trimmed": true,
	"spriteSourceSize": {"x":6,"y":9,"w":58,"h":212},
	"sourceSize": {"w":69,"h":409}
},
"kolba_smqna_008.png":
{
	"frame": {"x":301,"y":75,"w":58,"h":240},
	"rotated": false,
	"trimmed": true,
	"spriteSourceSize": {"x":6,"y":9,"w":58,"h":240},
	"sourceSize": {"w":69,"h":409}
},
"kolba_smqna_009.png":
{
	"frame": {"x":361,"y":75,"w":58,"h":267},
	"rotated": false,
	"trimmed": true,
	"spriteSourceSize": {"x":6,"y":9,"w":58,"h":267},
	"sourceSize": {"w":69,"h":409}
},
"kolba_smqna_010.png":
{
	"frame": {"x":421,"y":75,"w":58,"h":295},
	"rotated": false,
	"trimmed": true,
	"spriteSourceSize": {"x":6,"y":9,"w":58,"h":295},
	"sourceSize": {"w":69,"h":409}
},
"kolba_smqna_011.png":
{
	"frame": {"x":481,"y":75,"w":58,"h":323},
	"rotated": false,
	"trimmed": true,
	"spriteSourceSize": {"x":6,"y":9,"w":58,"h":323},
	"sourceSize": {"w":69,"h":409}
},
"kolba_smqna_012.png":
{
	"frame": {"x":541,"y":75,"w":58,"h":351},
	"rotated": false,
	"trimmed": true,
	"spriteSourceSize": {"x":6,"y":9,"w":58,"h":351},
	"sourceSize": {"w":69,"h":409}
},
"kolba_smqna_013.png":
{
	"frame": {"x":801,"y":75,"w":58,"h":379},
	"rotated": false,
	"trimmed": true,
	"spriteSourceSize": {"x":6,"y":9,"w":58,"h":379},
	"sourceSize": {"w":69,"h":409}
},
"kolba_smqna_014.png":
{
	"frame": {"x":957,"y":75,"w":48,"h":386},
	"rotated": false,
	"trimmed": true,
	"spriteSourceSize": {"x":11,"y":9,"w":48,"h":386},
	"sourceSize": {"w":69,"h":409}
},
"pile_sand_000.png":
{
	"frame": {"x":703,"y":1,"w":38,"h":31},
	"rotated": false,
	"trimmed": true,
	"spriteSourceSize": {"x":0,"y":0,"w":38,"h":31},
	"sourceSize": {"w":38,"h":35}
},
"pile_sand_001.png":
{
	"frame": {"x":743,"y":1,"w":38,"h":32},
	"rotated": false,
	"trimmed": true,
	"spriteSourceSize": {"x":0,"y":0,"w":38,"h":32},
	"sourceSize": {"w":38,"h":35}
},
"pile_sand_002.png":
{
	"frame": {"x":783,"y":1,"w":38,"h":32},
	"rotated": false,
	"trimmed": true,
	"spriteSourceSize": {"x":0,"y":0,"w":38,"h":32},
	"sourceSize": {"w":38,"h":35}
},
"pile_sand_003.png":
{
	"frame": {"x":823,"y":1,"w":38,"h":35},
	"rotated": false,
	"trimmed": false,
	"spriteSourceSize": {"x":0,"y":0,"w":38,"h":35},
	"sourceSize": {"w":38,"h":35}
},
"pile_sand_004.png":
{
	"frame": {"x":407,"y":1,"w":38,"h":25},
	"rotated": false,
	"trimmed": true,
	"spriteSourceSize": {"x":0,"y":0,"w":38,"h":25},
	"sourceSize": {"w":38,"h":35}
},
"pile_sand_005.png":
{
	"frame": {"x":503,"y":1,"w":38,"h":27},
	"rotated": false,
	"trimmed": true,
	"spriteSourceSize": {"x":0,"y":0,"w":38,"h":27},
	"sourceSize": {"w":38,"h":35}
},
"pile_sand_006.png":
{
	"frame": {"x":543,"y":1,"w":38,"h":28},
	"rotated": false,
	"trimmed": true,
	"spriteSourceSize": {"x":0,"y":0,"w":38,"h":28},
	"sourceSize": {"w":38,"h":35}
},
"pile_sand_007.png":
{
	"frame": {"x":623,"y":1,"w":38,"h":30},
	"rotated": false,
	"trimmed": true,
	"spriteSourceSize": {"x":0,"y":0,"w":38,"h":30},
	"sourceSize": {"w":38,"h":35}
},
"pile_sand_008.png":
{
	"frame": {"x":583,"y":1,"w":38,"h":30},
	"rotated": false,
	"trimmed": true,
	"spriteSourceSize": {"x":0,"y":0,"w":38,"h":30},
	"sourceSize": {"w":38,"h":35}
},
"pile_sand_009.png":
{
	"frame": {"x":663,"y":1,"w":38,"h":31},
	"rotated": false,
	"trimmed": true,
	"spriteSourceSize": {"x":0,"y":0,"w":38,"h":31},
	"sourceSize": {"w":38,"h":35}
},
"sand_fall_loop_000.png":
{
	"frame": {"x":640,"y":75,"w":37,"h":369},
	"rotated": false,
	"trimmed": true,
	"spriteSourceSize": {"x":5,"y":6,"w":37,"h":369},
	"sourceSize": {"w":46,"h":380}
},
"sand_fall_loop_001.png":
{
	"frame": {"x":601,"y":75,"w":37,"h":369},
	"rotated": false,
	"trimmed": true,
	"spriteSourceSize": {"x":5,"y":6,"w":37,"h":369},
	"sourceSize": {"w":46,"h":380}
},
"sand_fall_loop_002.png":
{
	"frame": {"x":718,"y":75,"w":37,"h":369},
	"rotated": false,
	"trimmed": true,
	"spriteSourceSize": {"x":5,"y":6,"w":37,"h":369},
	"sourceSize": {"w":46,"h":380}
},
"sand_fall_loop_003.png":
{
	"frame": {"x":679,"y":75,"w":37,"h":369},
	"rotated": false,
	"trimmed": true,
	"spriteSourceSize": {"x":5,"y":6,"w":37,"h":369},
	"sourceSize": {"w":46,"h":380}
},
"small_bronze.png":
{
	"frame": {"x":226,"y":1,"w":52,"h":18},
	"rotated": false,
	"trimmed": true,
	"spriteSourceSize": {"x":2,"y":8,"w":52,"h":18},
	"sourceSize": {"w":56,"h":26}
},
"small_bronze_text.png":
{
	"frame": {"x":6,"y":1,"w":56,"h":15},
	"rotated": false,
	"trimmed": true,
	"spriteSourceSize": {"x":0,"y":0,"w":56,"h":15},
	"sourceSize": {"w":56,"h":26}
},
"small_gold.png":
{
	"frame": {"x":173,"y":1,"w":51,"h":18},
	"rotated": false,
	"trimmed": true,
	"spriteSourceSize": {"x":0,"y":7,"w":51,"h":18},
	"sourceSize": {"w":51,"h":25}
},
"small_gold_text.png":
{
	"frame": {"x":64,"y":1,"w":47,"h":15},
	"rotated": false,
	"trimmed": true,
	"spriteSourceSize": {"x":2,"y":0,"w":47,"h":15},
	"sourceSize": {"w":51,"h":25}
},
"small_platinum.png":
{
	"frame": {"x":447,"y":1,"w":54,"h":25},
	"rotated": false,
	"trimmed": true,
	"spriteSourceSize": {"x":7,"y":4,"w":54,"h":25},
	"sourceSize": {"w":69,"h":29}
},
"small_platinum_text.png":
{
	"frame": {"x":280,"y":1,"w":69,"h":18},
	"rotated": false,
	"trimmed": true,
	"spriteSourceSize": {"x":0,"y":0,"w":69,"h":18},
	"sourceSize": {"w":69,"h":29}
},
"small_silver.png":
{
	"frame": {"x":351,"y":1,"w":54,"h":18},
	"rotated": false,
	"trimmed": true,
	"spriteSourceSize": {"x":2,"y":7,"w":54,"h":18},
	"sourceSize": {"w":58,"h":25}
},
"small_silver_text.png":
{
	"frame": {"x":113,"y":1,"w":58,"h":16},
	"rotated": false,
	"trimmed": true,
	"spriteSourceSize": {"x":0,"y":0,"w":58,"h":16},
	"sourceSize": {"w":58,"h":25}
}},
"meta": {
	"app": "https://www.codeandweb.com/texturepacker",
	"version": "1.0",
	"image": "bulbLandscape.png",
	"format": "RGBA8888",
	"size": {"w":1024,"h":1024},
	"scale": "1",
	"smartupdate": "$TexturePacker:SmartUpdate:d3bf410a524522646034c2b2d37448dc:67acc0faf593ae83ef4f6401f426a001:68f296155a3d277fc1e54e1e17d61c34$"
}
}
