{"frames": {

"sand_fall_loop_portrait_000.png":
{
	"frame": {"x":1,"y":1,"w":55,"h":21},
	"rotated": false,
	"trimmed": false,
	"spriteSourceSize": {"x":0,"y":0,"w":55,"h":21},
	"sourceSize": {"w":55,"h":21}
},
"sand_fall_loop_portrait_001.png":
{
	"frame": {"x":58,"y":1,"w":55,"h":21},
	"rotated": false,
	"trimmed": false,
	"spriteSourceSize": {"x":0,"y":0,"w":55,"h":21},
	"sourceSize": {"w":55,"h":21}
},
"sand_fall_loop_portrait_002.png":
{
	"frame": {"x":115,"y":1,"w":55,"h":21},
	"rotated": false,
	"trimmed": false,
	"spriteSourceSize": {"x":0,"y":0,"w":55,"h":21},
	"sourceSize": {"w":55,"h":21}
},
"sand_fall_loop_portrait_003.png":
{
	"frame": {"x":172,"y":1,"w":55,"h":21},
	"rotated": false,
	"trimmed": false,
	"spriteSourceSize": {"x":0,"y":0,"w":55,"h":21},
	"sourceSize": {"w":55,"h":21}
},
"sand_fall_loop_portrait_004.png":
{
	"frame": {"x":1,"y":24,"w":55,"h":21},
	"rotated": false,
	"trimmed": false,
	"spriteSourceSize": {"x":0,"y":0,"w":55,"h":21},
	"sourceSize": {"w":55,"h":21}
},
"sand_fall_loop_portrait_005.png":
{
	"frame": {"x":58,"y":24,"w":55,"h":21},
	"rotated": false,
	"trimmed": false,
	"spriteSourceSize": {"x":0,"y":0,"w":55,"h":21},
	"sourceSize": {"w":55,"h":21}
},
"sand_fall_loop_portrait_006.png":
{
	"frame": {"x":115,"y":24,"w":55,"h":21},
	"rotated": false,
	"trimmed": false,
	"spriteSourceSize": {"x":0,"y":0,"w":55,"h":21},
	"sourceSize": {"w":55,"h":21}
},
"sand_fall_loop_portrait_007.png":
{
	"frame": {"x":172,"y":24,"w":55,"h":21},
	"rotated": false,
	"trimmed": false,
	"spriteSourceSize": {"x":0,"y":0,"w":55,"h":21},
	"sourceSize": {"w":55,"h":21}
},
"sand_fall_loop_portrait_008.png":
{
	"frame": {"x":1,"y":47,"w":55,"h":21},
	"rotated": false,
	"trimmed": false,
	"spriteSourceSize": {"x":0,"y":0,"w":55,"h":21},
	"sourceSize": {"w":55,"h":21}
},
"sand_fall_loop_portrait_009.png":
{
	"frame": {"x":58,"y":47,"w":55,"h":21},
	"rotated": false,
	"trimmed": false,
	"spriteSourceSize": {"x":0,"y":0,"w":55,"h":21},
	"sourceSize": {"w":55,"h":21}
},
"sand_fall_loop_portrait_010.png":
{
	"frame": {"x":115,"y":47,"w":55,"h":21},
	"rotated": false,
	"trimmed": false,
	"spriteSourceSize": {"x":0,"y":0,"w":55,"h":21},
	"sourceSize": {"w":55,"h":21}
},
"sand_fall_loop_portrait_011.png":
{
	"frame": {"x":172,"y":47,"w":55,"h":21},
	"rotated": false,
	"trimmed": false,
	"spriteSourceSize": {"x":0,"y":0,"w":55,"h":21},
	"sourceSize": {"w":55,"h":21}
},
"sand_fall_loop_portrait_012.png":
{
	"frame": {"x":1,"y":70,"w":55,"h":21},
	"rotated": false,
	"trimmed": false,
	"spriteSourceSize": {"x":0,"y":0,"w":55,"h":21},
	"sourceSize": {"w":55,"h":21}
},
"sand_fall_loop_portrait_013.png":
{
	"frame": {"x":58,"y":70,"w":55,"h":21},
	"rotated": false,
	"trimmed": false,
	"spriteSourceSize": {"x":0,"y":0,"w":55,"h":21},
	"sourceSize": {"w":55,"h":21}
},
"sand_fall_loop_portrait_014.png":
{
	"frame": {"x":115,"y":70,"w":55,"h":21},
	"rotated": false,
	"trimmed": false,
	"spriteSourceSize": {"x":0,"y":0,"w":55,"h":21},
	"sourceSize": {"w":55,"h":21}
},
"sand_fall_loop_portrait_015.png":
{
	"frame": {"x":172,"y":70,"w":55,"h":21},
	"rotated": false,
	"trimmed": false,
	"spriteSourceSize": {"x":0,"y":0,"w":55,"h":21},
	"sourceSize": {"w":55,"h":21}
},
"sand_fall_loop_portrait_016.png":
{
	"frame": {"x":1,"y":93,"w":55,"h":21},
	"rotated": false,
	"trimmed": false,
	"spriteSourceSize": {"x":0,"y":0,"w":55,"h":21},
	"sourceSize": {"w":55,"h":21}
},
"sand_fall_loop_portrait_017.png":
{
	"frame": {"x":58,"y":93,"w":55,"h":21},
	"rotated": false,
	"trimmed": false,
	"spriteSourceSize": {"x":0,"y":0,"w":55,"h":21},
	"sourceSize": {"w":55,"h":21}
},
"sand_fall_loop_portrait_018.png":
{
	"frame": {"x":115,"y":93,"w":55,"h":21},
	"rotated": false,
	"trimmed": false,
	"spriteSourceSize": {"x":0,"y":0,"w":55,"h":21},
	"sourceSize": {"w":55,"h":21}
},
"sand_fall_loop_portrait_019.png":
{
	"frame": {"x":172,"y":93,"w":55,"h":21},
	"rotated": false,
	"trimmed": false,
	"spriteSourceSize": {"x":0,"y":0,"w":55,"h":21},
	"sourceSize": {"w":55,"h":21}
},
"sand_fall_loop_portrait_020.png":
{
	"frame": {"x":1,"y":116,"w":55,"h":21},
	"rotated": false,
	"trimmed": false,
	"spriteSourceSize": {"x":0,"y":0,"w":55,"h":21},
	"sourceSize": {"w":55,"h":21}
}},
"meta": {
	"app": "https://www.codeandweb.com/texturepacker",
	"version": "1.0",
	"image": "bulbPortretSandFall.png",
	"format": "RGBA8888",
	"size": {"w":256,"h":256},
	"scale": "1",
	"smartupdate": "$TexturePacker:SmartUpdate:32068bdd56c808d7620883154236a738:388a04d64d040fe0d55bf4dcc0537561:c2c4f01a5a349c7262152f4783e16941$"
}
}
