{"frames": {

"dust_fall_000.png":
{
	"frame": {"x":1,"y":1,"w":187,"h":87},
	"rotated": false,
	"trimmed": true,
	"spriteSourceSize": {"x":11,"y":19,"w":187,"h":87},
	"sourceSize": {"w":210,"h":124}
},
"dust_fall_001.png":
{
	"frame": {"x":190,"y":1,"w":187,"h":96},
	"rotated": false,
	"trimmed": true,
	"spriteSourceSize": {"x":11,"y":14,"w":187,"h":96},
	"sourceSize": {"w":210,"h":124}
},
"dust_fall_002.png":
{
	"frame": {"x":379,"y":1,"w":187,"h":101},
	"rotated": false,
	"trimmed": true,
	"spriteSourceSize": {"x":11,"y":12,"w":187,"h":101},
	"sourceSize": {"w":210,"h":124}
},
"dust_fall_003.png":
{
	"frame": {"x":568,"y":1,"w":188,"h":109},
	"rotated": false,
	"trimmed": true,
	"spriteSourceSize": {"x":10,"y":8,"w":188,"h":109},
	"sourceSize": {"w":210,"h":124}
},
"dust_fall_004.png":
{
	"frame": {"x":758,"y":1,"w":190,"h":113},
	"rotated": false,
	"trimmed": true,
	"spriteSourceSize": {"x":10,"y":5,"w":190,"h":113},
	"sourceSize": {"w":210,"h":124}
},
"dust_fall_005.png":
{
	"frame": {"x":1,"y":116,"w":193,"h":117},
	"rotated": false,
	"trimmed": true,
	"spriteSourceSize": {"x":8,"y":4,"w":193,"h":117},
	"sourceSize": {"w":210,"h":124}
},
"dust_fall_006.png":
{
	"frame": {"x":196,"y":116,"w":194,"h":124},
	"rotated": false,
	"trimmed": true,
	"spriteSourceSize": {"x":8,"y":0,"w":194,"h":124},
	"sourceSize": {"w":210,"h":124}
},
"dust_fall_007.png":
{
	"frame": {"x":392,"y":116,"w":194,"h":124},
	"rotated": false,
	"trimmed": true,
	"spriteSourceSize": {"x":7,"y":0,"w":194,"h":124},
	"sourceSize": {"w":210,"h":124}
},
"dust_fall_008.png":
{
	"frame": {"x":588,"y":116,"w":193,"h":124},
	"rotated": false,
	"trimmed": true,
	"spriteSourceSize": {"x":9,"y":0,"w":193,"h":124},
	"sourceSize": {"w":210,"h":124}
},
"dust_fall_009.png":
{
	"frame": {"x":783,"y":116,"w":194,"h":124},
	"rotated": false,
	"trimmed": true,
	"spriteSourceSize": {"x":7,"y":0,"w":194,"h":124},
	"sourceSize": {"w":210,"h":124}
},
"dust_fall_010.png":
{
	"frame": {"x":1,"y":242,"w":192,"h":124},
	"rotated": false,
	"trimmed": true,
	"spriteSourceSize": {"x":9,"y":0,"w":192,"h":124},
	"sourceSize": {"w":210,"h":124}
},
"dust_fall_011.png":
{
	"frame": {"x":195,"y":242,"w":187,"h":124},
	"rotated": false,
	"trimmed": true,
	"spriteSourceSize": {"x":12,"y":0,"w":187,"h":124},
	"sourceSize": {"w":210,"h":124}
},
"dust_fall_012.png":
{
	"frame": {"x":384,"y":242,"w":186,"h":124},
	"rotated": false,
	"trimmed": true,
	"spriteSourceSize": {"x":12,"y":0,"w":186,"h":124},
	"sourceSize": {"w":210,"h":124}
},
"dust_fall_013.png":
{
	"frame": {"x":572,"y":242,"w":200,"h":124},
	"rotated": false,
	"trimmed": true,
	"spriteSourceSize": {"x":5,"y":0,"w":200,"h":124},
	"sourceSize": {"w":210,"h":124}
},
"dust_fall_014.png":
{
	"frame": {"x":774,"y":242,"w":200,"h":124},
	"rotated": false,
	"trimmed": true,
	"spriteSourceSize": {"x":5,"y":0,"w":200,"h":124},
	"sourceSize": {"w":210,"h":124}
},
"dust_fall_015.png":
{
	"frame": {"x":1,"y":368,"w":198,"h":124},
	"rotated": false,
	"trimmed": true,
	"spriteSourceSize": {"x":6,"y":0,"w":198,"h":124},
	"sourceSize": {"w":210,"h":124}
},
"dust_fall_016.png":
{
	"frame": {"x":201,"y":368,"w":196,"h":124},
	"rotated": false,
	"trimmed": true,
	"spriteSourceSize": {"x":7,"y":0,"w":196,"h":124},
	"sourceSize": {"w":210,"h":124}
},
"dust_fall_017.png":
{
	"frame": {"x":399,"y":368,"w":194,"h":124},
	"rotated": false,
	"trimmed": true,
	"spriteSourceSize": {"x":8,"y":0,"w":194,"h":124},
	"sourceSize": {"w":210,"h":124}
},
"dust_fall_018.png":
{
	"frame": {"x":595,"y":368,"w":191,"h":124},
	"rotated": false,
	"trimmed": true,
	"spriteSourceSize": {"x":9,"y":0,"w":191,"h":124},
	"sourceSize": {"w":210,"h":124}
},
"dust_fall_019.png":
{
	"frame": {"x":788,"y":368,"w":190,"h":124},
	"rotated": false,
	"trimmed": true,
	"spriteSourceSize": {"x":10,"y":0,"w":190,"h":124},
	"sourceSize": {"w":210,"h":124}
},
"dust_fall_020.png":
{
	"frame": {"x":1,"y":494,"w":210,"h":124},
	"rotated": false,
	"trimmed": false,
	"spriteSourceSize": {"x":0,"y":0,"w":210,"h":124},
	"sourceSize": {"w":210,"h":124}
},
"dust_fall_021.png":
{
	"frame": {"x":213,"y":494,"w":210,"h":124},
	"rotated": false,
	"trimmed": false,
	"spriteSourceSize": {"x":0,"y":0,"w":210,"h":124},
	"sourceSize": {"w":210,"h":124}
},
"dust_fall_022.png":
{
	"frame": {"x":425,"y":494,"w":208,"h":124},
	"rotated": false,
	"trimmed": true,
	"spriteSourceSize": {"x":1,"y":0,"w":208,"h":124},
	"sourceSize": {"w":210,"h":124}
},
"dust_fall_023.png":
{
	"frame": {"x":635,"y":494,"w":208,"h":124},
	"rotated": false,
	"trimmed": true,
	"spriteSourceSize": {"x":1,"y":0,"w":208,"h":124},
	"sourceSize": {"w":210,"h":124}
},
"dust_fall_024.png":
{
	"frame": {"x":1,"y":620,"w":208,"h":122},
	"rotated": false,
	"trimmed": true,
	"spriteSourceSize": {"x":1,"y":1,"w":208,"h":122},
	"sourceSize": {"w":210,"h":124}
}},
"meta": {
	"app": "https://www.codeandweb.com/texturepacker",
	"version": "1.0",
	"image": "dust_fall.png",
	"format": "RGBA8888",
	"size": {"w":1024,"h":1024},
	"scale": "1",
	"smartupdate": "$TexturePacker:SmartUpdate:b803f2a319f5ec182bdb5c87333d766a:bccb15a85e8019393d73221517637bf5:7b23dd9f02117c689bb5f04947347fcf$"
}
}
