{"frames": {

"efekt_switch_000.png":
{
	"frame": {"x":1,"y":1,"w":225,"h":225},
	"rotated": false,
	"trimmed": false,
	"spriteSourceSize": {"x":0,"y":0,"w":225,"h":225},
	"sourceSize": {"w":225,"h":225}
},
"efekt_switch_001.png":
{
	"frame": {"x":228,"y":1,"w":225,"h":225},
	"rotated": false,
	"trimmed": false,
	"spriteSourceSize": {"x":0,"y":0,"w":225,"h":225},
	"sourceSize": {"w":225,"h":225}
},
"efekt_switch_002.png":
{
	"frame": {"x":455,"y":1,"w":225,"h":225},
	"rotated": false,
	"trimmed": false,
	"spriteSourceSize": {"x":0,"y":0,"w":225,"h":225},
	"sourceSize": {"w":225,"h":225}
},
"efekt_switch_003.png":
{
	"frame": {"x":682,"y":1,"w":225,"h":225},
	"rotated": false,
	"trimmed": false,
	"spriteSourceSize": {"x":0,"y":0,"w":225,"h":225},
	"sourceSize": {"w":225,"h":225}
},
"efekt_switch_004.png":
{
	"frame": {"x":1,"y":228,"w":225,"h":225},
	"rotated": false,
	"trimmed": false,
	"spriteSourceSize": {"x":0,"y":0,"w":225,"h":225},
	"sourceSize": {"w":225,"h":225}
},
"efekt_switch_005.png":
{
	"frame": {"x":228,"y":228,"w":225,"h":225},
	"rotated": false,
	"trimmed": false,
	"spriteSourceSize": {"x":0,"y":0,"w":225,"h":225},
	"sourceSize": {"w":225,"h":225}
},
"efekt_switch_006.png":
{
	"frame": {"x":455,"y":228,"w":225,"h":225},
	"rotated": false,
	"trimmed": false,
	"spriteSourceSize": {"x":0,"y":0,"w":225,"h":225},
	"sourceSize": {"w":225,"h":225}
},
"efekt_switch_007.png":
{
	"frame": {"x":682,"y":228,"w":225,"h":225},
	"rotated": false,
	"trimmed": false,
	"spriteSourceSize": {"x":0,"y":0,"w":225,"h":225},
	"sourceSize": {"w":225,"h":225}
},
"efekt_switch_008.png":
{
	"frame": {"x":1,"y":455,"w":225,"h":225},
	"rotated": false,
	"trimmed": false,
	"spriteSourceSize": {"x":0,"y":0,"w":225,"h":225},
	"sourceSize": {"w":225,"h":225}
},
"efekt_switch_009.png":
{
	"frame": {"x":228,"y":455,"w":225,"h":225},
	"rotated": false,
	"trimmed": false,
	"spriteSourceSize": {"x":0,"y":0,"w":225,"h":225},
	"sourceSize": {"w":225,"h":225}
},
"efekt_switch_010.png":
{
	"frame": {"x":455,"y":455,"w":225,"h":225},
	"rotated": false,
	"trimmed": false,
	"spriteSourceSize": {"x":0,"y":0,"w":225,"h":225},
	"sourceSize": {"w":225,"h":225}
},
"efekt_switch_011.png":
{
	"frame": {"x":682,"y":455,"w":225,"h":225},
	"rotated": false,
	"trimmed": false,
	"spriteSourceSize": {"x":0,"y":0,"w":225,"h":225},
	"sourceSize": {"w":225,"h":225}
},
"efekt_switch_012.png":
{
	"frame": {"x":682,"y":455,"w":225,"h":225},
	"rotated": false,
	"trimmed": false,
	"spriteSourceSize": {"x":0,"y":0,"w":225,"h":225},
	"sourceSize": {"w":225,"h":225}
}},
"meta": {
	"app": "https://www.codeandweb.com/texturepacker",
	"version": "1.0",
	"image": "efect_switch.png",
	"format": "RGBA8888",
	"size": {"w":1024,"h":1024},
	"scale": "1",
	"smartupdate": "$TexturePacker:SmartUpdate:0ba071239588c8bc39104bfaf07d92b3:b9c8bafb278ee75c7e8f5451e18f6d82:f771e7c45a521f21150ce204313f11c9$"
}
}
