{"frames": {

"small_bronze_000.png":
{
	"frame": {"x":1,"y":1,"w":56,"h":26},
	"rotated": false,
	"trimmed": false,
	"spriteSourceSize": {"x":0,"y":0,"w":56,"h":26},
	"sourceSize": {"w":56,"h":26}
},
"small_bronze_001.png":
{
	"frame": {"x":1,"y":1,"w":56,"h":26},
	"rotated": false,
	"trimmed": false,
	"spriteSourceSize": {"x":0,"y":0,"w":56,"h":26},
	"sourceSize": {"w":56,"h":26}
},
"small_bronze_002.png":
{
	"frame": {"x":59,"y":1,"w":56,"h":26},
	"rotated": false,
	"trimmed": false,
	"spriteSourceSize": {"x":0,"y":0,"w":56,"h":26},
	"sourceSize": {"w":56,"h":26}
},
"small_bronze_003.png":
{
	"frame": {"x":117,"y":1,"w":56,"h":26},
	"rotated": false,
	"trimmed": false,
	"spriteSourceSize": {"x":0,"y":0,"w":56,"h":26},
	"sourceSize": {"w":56,"h":26}
},
"small_bronze_004.png":
{
	"frame": {"x":175,"y":1,"w":56,"h":26},
	"rotated": false,
	"trimmed": false,
	"spriteSourceSize": {"x":0,"y":0,"w":56,"h":26},
	"sourceSize": {"w":56,"h":26}
},
"small_bronze_005.png":
{
	"frame": {"x":233,"y":1,"w":56,"h":26},
	"rotated": false,
	"trimmed": false,
	"spriteSourceSize": {"x":0,"y":0,"w":56,"h":26},
	"sourceSize": {"w":56,"h":26}
},
"small_bronze_006.png":
{
	"frame": {"x":291,"y":1,"w":56,"h":26},
	"rotated": false,
	"trimmed": false,
	"spriteSourceSize": {"x":0,"y":0,"w":56,"h":26},
	"sourceSize": {"w":56,"h":26}
},
"small_bronze_007.png":
{
	"frame": {"x":349,"y":1,"w":56,"h":26},
	"rotated": false,
	"trimmed": false,
	"spriteSourceSize": {"x":0,"y":0,"w":56,"h":26},
	"sourceSize": {"w":56,"h":26}
},
"small_bronze_008.png":
{
	"frame": {"x":407,"y":1,"w":56,"h":26},
	"rotated": false,
	"trimmed": false,
	"spriteSourceSize": {"x":0,"y":0,"w":56,"h":26},
	"sourceSize": {"w":56,"h":26}
},
"small_bronze_009.png":
{
	"frame": {"x":1,"y":29,"w":56,"h":26},
	"rotated": false,
	"trimmed": false,
	"spriteSourceSize": {"x":0,"y":0,"w":56,"h":26},
	"sourceSize": {"w":56,"h":26}
},
"small_bronze_010.png":
{
	"frame": {"x":59,"y":29,"w":56,"h":26},
	"rotated": false,
	"trimmed": false,
	"spriteSourceSize": {"x":0,"y":0,"w":56,"h":26},
	"sourceSize": {"w":56,"h":26}
},
"small_bronze_011.png":
{
	"frame": {"x":117,"y":29,"w":56,"h":26},
	"rotated": false,
	"trimmed": false,
	"spriteSourceSize": {"x":0,"y":0,"w":56,"h":26},
	"sourceSize": {"w":56,"h":26}
},
"small_bronze_012.png":
{
	"frame": {"x":175,"y":29,"w":56,"h":26},
	"rotated": false,
	"trimmed": false,
	"spriteSourceSize": {"x":0,"y":0,"w":56,"h":26},
	"sourceSize": {"w":56,"h":26}
},
"small_bronze_013.png":
{
	"frame": {"x":233,"y":29,"w":56,"h":26},
	"rotated": false,
	"trimmed": false,
	"spriteSourceSize": {"x":0,"y":0,"w":56,"h":26},
	"sourceSize": {"w":56,"h":26}
},
"small_bronze_014.png":
{
	"frame": {"x":291,"y":29,"w":56,"h":26},
	"rotated": false,
	"trimmed": false,
	"spriteSourceSize": {"x":0,"y":0,"w":56,"h":26},
	"sourceSize": {"w":56,"h":26}
},
"small_bronze_015.png":
{
	"frame": {"x":349,"y":29,"w":56,"h":26},
	"rotated": false,
	"trimmed": false,
	"spriteSourceSize": {"x":0,"y":0,"w":56,"h":26},
	"sourceSize": {"w":56,"h":26}
},
"small_bronze_016.png":
{
	"frame": {"x":407,"y":29,"w":56,"h":26},
	"rotated": false,
	"trimmed": false,
	"spriteSourceSize": {"x":0,"y":0,"w":56,"h":26},
	"sourceSize": {"w":56,"h":26}
},
"small_bronze_017.png":
{
	"frame": {"x":1,"y":57,"w":56,"h":26},
	"rotated": false,
	"trimmed": false,
	"spriteSourceSize": {"x":0,"y":0,"w":56,"h":26},
	"sourceSize": {"w":56,"h":26}
},
"small_bronze_018.png":
{
	"frame": {"x":59,"y":57,"w":56,"h":26},
	"rotated": false,
	"trimmed": false,
	"spriteSourceSize": {"x":0,"y":0,"w":56,"h":26},
	"sourceSize": {"w":56,"h":26}
},
"small_bronze_019.png":
{
	"frame": {"x":117,"y":57,"w":56,"h":26},
	"rotated": false,
	"trimmed": false,
	"spriteSourceSize": {"x":0,"y":0,"w":56,"h":26},
	"sourceSize": {"w":56,"h":26}
},
"small_bronze_020.png":
{
	"frame": {"x":175,"y":57,"w":56,"h":26},
	"rotated": false,
	"trimmed": false,
	"spriteSourceSize": {"x":0,"y":0,"w":56,"h":26},
	"sourceSize": {"w":56,"h":26}
},
"small_bronze_021.png":
{
	"frame": {"x":233,"y":57,"w":56,"h":26},
	"rotated": false,
	"trimmed": false,
	"spriteSourceSize": {"x":0,"y":0,"w":56,"h":26},
	"sourceSize": {"w":56,"h":26}
},
"small_bronze_022.png":
{
	"frame": {"x":291,"y":57,"w":56,"h":26},
	"rotated": false,
	"trimmed": false,
	"spriteSourceSize": {"x":0,"y":0,"w":56,"h":26},
	"sourceSize": {"w":56,"h":26}
},
"small_bronze_023.png":
{
	"frame": {"x":349,"y":57,"w":56,"h":26},
	"rotated": false,
	"trimmed": false,
	"spriteSourceSize": {"x":0,"y":0,"w":56,"h":26},
	"sourceSize": {"w":56,"h":26}
},
"small_bronze_024.png":
{
	"frame": {"x":407,"y":57,"w":56,"h":26},
	"rotated": false,
	"trimmed": false,
	"spriteSourceSize": {"x":0,"y":0,"w":56,"h":26},
	"sourceSize": {"w":56,"h":26}
},
"small_bronze_025.png":
{
	"frame": {"x":1,"y":85,"w":56,"h":26},
	"rotated": false,
	"trimmed": false,
	"spriteSourceSize": {"x":0,"y":0,"w":56,"h":26},
	"sourceSize": {"w":56,"h":26}
},
"small_bronze_026.png":
{
	"frame": {"x":59,"y":85,"w":56,"h":26},
	"rotated": false,
	"trimmed": false,
	"spriteSourceSize": {"x":0,"y":0,"w":56,"h":26},
	"sourceSize": {"w":56,"h":26}
},
"small_bronze_027.png":
{
	"frame": {"x":117,"y":85,"w":56,"h":26},
	"rotated": false,
	"trimmed": false,
	"spriteSourceSize": {"x":0,"y":0,"w":56,"h":26},
	"sourceSize": {"w":56,"h":26}
},
"small_bronze_028.png":
{
	"frame": {"x":175,"y":85,"w":56,"h":26},
	"rotated": false,
	"trimmed": false,
	"spriteSourceSize": {"x":0,"y":0,"w":56,"h":26},
	"sourceSize": {"w":56,"h":26}
},
"small_gold_000.png":
{
	"frame": {"x":233,"y":85,"w":51,"h":25},
	"rotated": false,
	"trimmed": false,
	"spriteSourceSize": {"x":0,"y":0,"w":51,"h":25},
	"sourceSize": {"w":51,"h":25}
},
"small_gold_001.png":
{
	"frame": {"x":233,"y":85,"w":51,"h":25},
	"rotated": false,
	"trimmed": false,
	"spriteSourceSize": {"x":0,"y":0,"w":51,"h":25},
	"sourceSize": {"w":51,"h":25}
},
"small_gold_002.png":
{
	"frame": {"x":286,"y":85,"w":51,"h":25},
	"rotated": false,
	"trimmed": false,
	"spriteSourceSize": {"x":0,"y":0,"w":51,"h":25},
	"sourceSize": {"w":51,"h":25}
},
"small_gold_003.png":
{
	"frame": {"x":339,"y":85,"w":51,"h":25},
	"rotated": false,
	"trimmed": false,
	"spriteSourceSize": {"x":0,"y":0,"w":51,"h":25},
	"sourceSize": {"w":51,"h":25}
},
"small_gold_004.png":
{
	"frame": {"x":392,"y":85,"w":51,"h":25},
	"rotated": false,
	"trimmed": false,
	"spriteSourceSize": {"x":0,"y":0,"w":51,"h":25},
	"sourceSize": {"w":51,"h":25}
},
"small_gold_005.png":
{
	"frame": {"x":445,"y":85,"w":51,"h":25},
	"rotated": false,
	"trimmed": false,
	"spriteSourceSize": {"x":0,"y":0,"w":51,"h":25},
	"sourceSize": {"w":51,"h":25}
},
"small_gold_006.png":
{
	"frame": {"x":1,"y":113,"w":51,"h":25},
	"rotated": false,
	"trimmed": false,
	"spriteSourceSize": {"x":0,"y":0,"w":51,"h":25},
	"sourceSize": {"w":51,"h":25}
},
"small_gold_007.png":
{
	"frame": {"x":54,"y":113,"w":51,"h":25},
	"rotated": false,
	"trimmed": false,
	"spriteSourceSize": {"x":0,"y":0,"w":51,"h":25},
	"sourceSize": {"w":51,"h":25}
},
"small_gold_008.png":
{
	"frame": {"x":107,"y":113,"w":51,"h":25},
	"rotated": false,
	"trimmed": false,
	"spriteSourceSize": {"x":0,"y":0,"w":51,"h":25},
	"sourceSize": {"w":51,"h":25}
},
"small_gold_009.png":
{
	"frame": {"x":160,"y":113,"w":51,"h":25},
	"rotated": false,
	"trimmed": false,
	"spriteSourceSize": {"x":0,"y":0,"w":51,"h":25},
	"sourceSize": {"w":51,"h":25}
},
"small_gold_010.png":
{
	"frame": {"x":213,"y":113,"w":51,"h":25},
	"rotated": false,
	"trimmed": false,
	"spriteSourceSize": {"x":0,"y":0,"w":51,"h":25},
	"sourceSize": {"w":51,"h":25}
},
"small_gold_011.png":
{
	"frame": {"x":266,"y":113,"w":51,"h":25},
	"rotated": false,
	"trimmed": false,
	"spriteSourceSize": {"x":0,"y":0,"w":51,"h":25},
	"sourceSize": {"w":51,"h":25}
},
"small_gold_012.png":
{
	"frame": {"x":319,"y":113,"w":51,"h":25},
	"rotated": false,
	"trimmed": false,
	"spriteSourceSize": {"x":0,"y":0,"w":51,"h":25},
	"sourceSize": {"w":51,"h":25}
},
"small_gold_013.png":
{
	"frame": {"x":372,"y":113,"w":51,"h":25},
	"rotated": false,
	"trimmed": false,
	"spriteSourceSize": {"x":0,"y":0,"w":51,"h":25},
	"sourceSize": {"w":51,"h":25}
},
"small_gold_014.png":
{
	"frame": {"x":425,"y":113,"w":51,"h":25},
	"rotated": false,
	"trimmed": false,
	"spriteSourceSize": {"x":0,"y":0,"w":51,"h":25},
	"sourceSize": {"w":51,"h":25}
},
"small_gold_015.png":
{
	"frame": {"x":1,"y":140,"w":51,"h":25},
	"rotated": false,
	"trimmed": false,
	"spriteSourceSize": {"x":0,"y":0,"w":51,"h":25},
	"sourceSize": {"w":51,"h":25}
},
"small_gold_016.png":
{
	"frame": {"x":54,"y":140,"w":51,"h":25},
	"rotated": false,
	"trimmed": false,
	"spriteSourceSize": {"x":0,"y":0,"w":51,"h":25},
	"sourceSize": {"w":51,"h":25}
},
"small_gold_017.png":
{
	"frame": {"x":107,"y":140,"w":51,"h":25},
	"rotated": false,
	"trimmed": false,
	"spriteSourceSize": {"x":0,"y":0,"w":51,"h":25},
	"sourceSize": {"w":51,"h":25}
},
"small_gold_018.png":
{
	"frame": {"x":160,"y":140,"w":51,"h":25},
	"rotated": false,
	"trimmed": false,
	"spriteSourceSize": {"x":0,"y":0,"w":51,"h":25},
	"sourceSize": {"w":51,"h":25}
},
"small_gold_019.png":
{
	"frame": {"x":213,"y":140,"w":51,"h":25},
	"rotated": false,
	"trimmed": false,
	"spriteSourceSize": {"x":0,"y":0,"w":51,"h":25},
	"sourceSize": {"w":51,"h":25}
},
"small_gold_020.png":
{
	"frame": {"x":266,"y":140,"w":51,"h":25},
	"rotated": false,
	"trimmed": false,
	"spriteSourceSize": {"x":0,"y":0,"w":51,"h":25},
	"sourceSize": {"w":51,"h":25}
},
"small_gold_021.png":
{
	"frame": {"x":319,"y":140,"w":51,"h":25},
	"rotated": false,
	"trimmed": false,
	"spriteSourceSize": {"x":0,"y":0,"w":51,"h":25},
	"sourceSize": {"w":51,"h":25}
},
"small_gold_022.png":
{
	"frame": {"x":372,"y":140,"w":51,"h":25},
	"rotated": false,
	"trimmed": false,
	"spriteSourceSize": {"x":0,"y":0,"w":51,"h":25},
	"sourceSize": {"w":51,"h":25}
},
"small_gold_023.png":
{
	"frame": {"x":425,"y":140,"w":51,"h":25},
	"rotated": false,
	"trimmed": false,
	"spriteSourceSize": {"x":0,"y":0,"w":51,"h":25},
	"sourceSize": {"w":51,"h":25}
},
"small_gold_024.png":
{
	"frame": {"x":1,"y":167,"w":51,"h":25},
	"rotated": false,
	"trimmed": false,
	"spriteSourceSize": {"x":0,"y":0,"w":51,"h":25},
	"sourceSize": {"w":51,"h":25}
},
"small_gold_025.png":
{
	"frame": {"x":54,"y":167,"w":51,"h":25},
	"rotated": false,
	"trimmed": false,
	"spriteSourceSize": {"x":0,"y":0,"w":51,"h":25},
	"sourceSize": {"w":51,"h":25}
},
"small_gold_026.png":
{
	"frame": {"x":107,"y":167,"w":51,"h":25},
	"rotated": false,
	"trimmed": false,
	"spriteSourceSize": {"x":0,"y":0,"w":51,"h":25},
	"sourceSize": {"w":51,"h":25}
},
"small_gold_027.png":
{
	"frame": {"x":160,"y":167,"w":51,"h":25},
	"rotated": false,
	"trimmed": false,
	"spriteSourceSize": {"x":0,"y":0,"w":51,"h":25},
	"sourceSize": {"w":51,"h":25}
},
"small_gold_028.png":
{
	"frame": {"x":213,"y":167,"w":51,"h":25},
	"rotated": false,
	"trimmed": false,
	"spriteSourceSize": {"x":0,"y":0,"w":51,"h":25},
	"sourceSize": {"w":51,"h":25}
},
"small_platinum_000.png":
{
	"frame": {"x":266,"y":167,"w":69,"h":29},
	"rotated": false,
	"trimmed": false,
	"spriteSourceSize": {"x":0,"y":0,"w":69,"h":29},
	"sourceSize": {"w":69,"h":29}
},
"small_platinum_001.png":
{
	"frame": {"x":266,"y":167,"w":69,"h":29},
	"rotated": false,
	"trimmed": false,
	"spriteSourceSize": {"x":0,"y":0,"w":69,"h":29},
	"sourceSize": {"w":69,"h":29}
},
"small_platinum_002.png":
{
	"frame": {"x":337,"y":167,"w":69,"h":29},
	"rotated": false,
	"trimmed": false,
	"spriteSourceSize": {"x":0,"y":0,"w":69,"h":29},
	"sourceSize": {"w":69,"h":29}
},
"small_platinum_003.png":
{
	"frame": {"x":408,"y":167,"w":69,"h":29},
	"rotated": false,
	"trimmed": false,
	"spriteSourceSize": {"x":0,"y":0,"w":69,"h":29},
	"sourceSize": {"w":69,"h":29}
},
"small_platinum_004.png":
{
	"frame": {"x":1,"y":198,"w":69,"h":29},
	"rotated": false,
	"trimmed": false,
	"spriteSourceSize": {"x":0,"y":0,"w":69,"h":29},
	"sourceSize": {"w":69,"h":29}
},
"small_platinum_005.png":
{
	"frame": {"x":72,"y":198,"w":69,"h":29},
	"rotated": false,
	"trimmed": false,
	"spriteSourceSize": {"x":0,"y":0,"w":69,"h":29},
	"sourceSize": {"w":69,"h":29}
},
"small_platinum_006.png":
{
	"frame": {"x":143,"y":198,"w":69,"h":29},
	"rotated": false,
	"trimmed": false,
	"spriteSourceSize": {"x":0,"y":0,"w":69,"h":29},
	"sourceSize": {"w":69,"h":29}
},
"small_platinum_007.png":
{
	"frame": {"x":214,"y":198,"w":69,"h":29},
	"rotated": false,
	"trimmed": false,
	"spriteSourceSize": {"x":0,"y":0,"w":69,"h":29},
	"sourceSize": {"w":69,"h":29}
},
"small_platinum_008.png":
{
	"frame": {"x":285,"y":198,"w":69,"h":29},
	"rotated": false,
	"trimmed": false,
	"spriteSourceSize": {"x":0,"y":0,"w":69,"h":29},
	"sourceSize": {"w":69,"h":29}
},
"small_platinum_009.png":
{
	"frame": {"x":356,"y":198,"w":69,"h":29},
	"rotated": false,
	"trimmed": false,
	"spriteSourceSize": {"x":0,"y":0,"w":69,"h":29},
	"sourceSize": {"w":69,"h":29}
},
"small_platinum_010.png":
{
	"frame": {"x":427,"y":198,"w":69,"h":29},
	"rotated": false,
	"trimmed": false,
	"spriteSourceSize": {"x":0,"y":0,"w":69,"h":29},
	"sourceSize": {"w":69,"h":29}
},
"small_platinum_011.png":
{
	"frame": {"x":1,"y":229,"w":69,"h":29},
	"rotated": false,
	"trimmed": false,
	"spriteSourceSize": {"x":0,"y":0,"w":69,"h":29},
	"sourceSize": {"w":69,"h":29}
},
"small_platinum_012.png":
{
	"frame": {"x":72,"y":229,"w":69,"h":29},
	"rotated": false,
	"trimmed": false,
	"spriteSourceSize": {"x":0,"y":0,"w":69,"h":29},
	"sourceSize": {"w":69,"h":29}
},
"small_platinum_013.png":
{
	"frame": {"x":143,"y":229,"w":69,"h":29},
	"rotated": false,
	"trimmed": false,
	"spriteSourceSize": {"x":0,"y":0,"w":69,"h":29},
	"sourceSize": {"w":69,"h":29}
},
"small_platinum_014.png":
{
	"frame": {"x":214,"y":229,"w":69,"h":29},
	"rotated": false,
	"trimmed": false,
	"spriteSourceSize": {"x":0,"y":0,"w":69,"h":29},
	"sourceSize": {"w":69,"h":29}
},
"small_platinum_015.png":
{
	"frame": {"x":285,"y":229,"w":69,"h":29},
	"rotated": false,
	"trimmed": false,
	"spriteSourceSize": {"x":0,"y":0,"w":69,"h":29},
	"sourceSize": {"w":69,"h":29}
},
"small_platinum_016.png":
{
	"frame": {"x":356,"y":229,"w":69,"h":29},
	"rotated": false,
	"trimmed": false,
	"spriteSourceSize": {"x":0,"y":0,"w":69,"h":29},
	"sourceSize": {"w":69,"h":29}
},
"small_platinum_017.png":
{
	"frame": {"x":427,"y":229,"w":69,"h":29},
	"rotated": false,
	"trimmed": false,
	"spriteSourceSize": {"x":0,"y":0,"w":69,"h":29},
	"sourceSize": {"w":69,"h":29}
},
"small_platinum_018.png":
{
	"frame": {"x":1,"y":260,"w":69,"h":29},
	"rotated": false,
	"trimmed": false,
	"spriteSourceSize": {"x":0,"y":0,"w":69,"h":29},
	"sourceSize": {"w":69,"h":29}
},
"small_platinum_019.png":
{
	"frame": {"x":72,"y":260,"w":69,"h":29},
	"rotated": false,
	"trimmed": false,
	"spriteSourceSize": {"x":0,"y":0,"w":69,"h":29},
	"sourceSize": {"w":69,"h":29}
},
"small_platinum_020.png":
{
	"frame": {"x":143,"y":260,"w":69,"h":29},
	"rotated": false,
	"trimmed": false,
	"spriteSourceSize": {"x":0,"y":0,"w":69,"h":29},
	"sourceSize": {"w":69,"h":29}
},
"small_platinum_021.png":
{
	"frame": {"x":214,"y":260,"w":69,"h":29},
	"rotated": false,
	"trimmed": false,
	"spriteSourceSize": {"x":0,"y":0,"w":69,"h":29},
	"sourceSize": {"w":69,"h":29}
},
"small_platinum_022.png":
{
	"frame": {"x":285,"y":260,"w":69,"h":29},
	"rotated": false,
	"trimmed": false,
	"spriteSourceSize": {"x":0,"y":0,"w":69,"h":29},
	"sourceSize": {"w":69,"h":29}
},
"small_platinum_023.png":
{
	"frame": {"x":356,"y":260,"w":69,"h":29},
	"rotated": false,
	"trimmed": false,
	"spriteSourceSize": {"x":0,"y":0,"w":69,"h":29},
	"sourceSize": {"w":69,"h":29}
},
"small_platinum_024.png":
{
	"frame": {"x":427,"y":260,"w":69,"h":29},
	"rotated": false,
	"trimmed": false,
	"spriteSourceSize": {"x":0,"y":0,"w":69,"h":29},
	"sourceSize": {"w":69,"h":29}
},
"small_platinum_025.png":
{
	"frame": {"x":1,"y":291,"w":69,"h":29},
	"rotated": false,
	"trimmed": false,
	"spriteSourceSize": {"x":0,"y":0,"w":69,"h":29},
	"sourceSize": {"w":69,"h":29}
},
"small_platinum_026.png":
{
	"frame": {"x":72,"y":291,"w":69,"h":29},
	"rotated": false,
	"trimmed": false,
	"spriteSourceSize": {"x":0,"y":0,"w":69,"h":29},
	"sourceSize": {"w":69,"h":29}
},
"small_platinum_027.png":
{
	"frame": {"x":143,"y":291,"w":69,"h":29},
	"rotated": false,
	"trimmed": false,
	"spriteSourceSize": {"x":0,"y":0,"w":69,"h":29},
	"sourceSize": {"w":69,"h":29}
},
"small_platinum_028.png":
{
	"frame": {"x":214,"y":291,"w":69,"h":29},
	"rotated": false,
	"trimmed": false,
	"spriteSourceSize": {"x":0,"y":0,"w":69,"h":29},
	"sourceSize": {"w":69,"h":29}
},
"small_silver_000.png":
{
	"frame": {"x":285,"y":291,"w":58,"h":25},
	"rotated": false,
	"trimmed": false,
	"spriteSourceSize": {"x":0,"y":0,"w":58,"h":25},
	"sourceSize": {"w":58,"h":25}
},
"small_silver_001.png":
{
	"frame": {"x":285,"y":291,"w":58,"h":25},
	"rotated": false,
	"trimmed": false,
	"spriteSourceSize": {"x":0,"y":0,"w":58,"h":25},
	"sourceSize": {"w":58,"h":25}
},
"small_silver_002.png":
{
	"frame": {"x":345,"y":291,"w":58,"h":25},
	"rotated": false,
	"trimmed": false,
	"spriteSourceSize": {"x":0,"y":0,"w":58,"h":25},
	"sourceSize": {"w":58,"h":25}
},
"small_silver_003.png":
{
	"frame": {"x":405,"y":291,"w":58,"h":25},
	"rotated": false,
	"trimmed": false,
	"spriteSourceSize": {"x":0,"y":0,"w":58,"h":25},
	"sourceSize": {"w":58,"h":25}
},
"small_silver_004.png":
{
	"frame": {"x":1,"y":322,"w":58,"h":25},
	"rotated": false,
	"trimmed": false,
	"spriteSourceSize": {"x":0,"y":0,"w":58,"h":25},
	"sourceSize": {"w":58,"h":25}
},
"small_silver_005.png":
{
	"frame": {"x":61,"y":322,"w":58,"h":25},
	"rotated": false,
	"trimmed": false,
	"spriteSourceSize": {"x":0,"y":0,"w":58,"h":25},
	"sourceSize": {"w":58,"h":25}
},
"small_silver_006.png":
{
	"frame": {"x":121,"y":322,"w":58,"h":25},
	"rotated": false,
	"trimmed": false,
	"spriteSourceSize": {"x":0,"y":0,"w":58,"h":25},
	"sourceSize": {"w":58,"h":25}
},
"small_silver_007.png":
{
	"frame": {"x":181,"y":322,"w":58,"h":25},
	"rotated": false,
	"trimmed": false,
	"spriteSourceSize": {"x":0,"y":0,"w":58,"h":25},
	"sourceSize": {"w":58,"h":25}
},
"small_silver_008.png":
{
	"frame": {"x":241,"y":322,"w":58,"h":25},
	"rotated": false,
	"trimmed": false,
	"spriteSourceSize": {"x":0,"y":0,"w":58,"h":25},
	"sourceSize": {"w":58,"h":25}
},
"small_silver_009.png":
{
	"frame": {"x":301,"y":322,"w":58,"h":25},
	"rotated": false,
	"trimmed": false,
	"spriteSourceSize": {"x":0,"y":0,"w":58,"h":25},
	"sourceSize": {"w":58,"h":25}
},
"small_silver_010.png":
{
	"frame": {"x":361,"y":322,"w":58,"h":25},
	"rotated": false,
	"trimmed": false,
	"spriteSourceSize": {"x":0,"y":0,"w":58,"h":25},
	"sourceSize": {"w":58,"h":25}
},
"small_silver_011.png":
{
	"frame": {"x":421,"y":322,"w":58,"h":25},
	"rotated": false,
	"trimmed": false,
	"spriteSourceSize": {"x":0,"y":0,"w":58,"h":25},
	"sourceSize": {"w":58,"h":25}
},
"small_silver_012.png":
{
	"frame": {"x":1,"y":349,"w":58,"h":25},
	"rotated": false,
	"trimmed": false,
	"spriteSourceSize": {"x":0,"y":0,"w":58,"h":25},
	"sourceSize": {"w":58,"h":25}
},
"small_silver_013.png":
{
	"frame": {"x":61,"y":349,"w":58,"h":25},
	"rotated": false,
	"trimmed": false,
	"spriteSourceSize": {"x":0,"y":0,"w":58,"h":25},
	"sourceSize": {"w":58,"h":25}
},
"small_silver_014.png":
{
	"frame": {"x":121,"y":349,"w":58,"h":25},
	"rotated": false,
	"trimmed": false,
	"spriteSourceSize": {"x":0,"y":0,"w":58,"h":25},
	"sourceSize": {"w":58,"h":25}
},
"small_silver_015.png":
{
	"frame": {"x":181,"y":349,"w":58,"h":25},
	"rotated": false,
	"trimmed": false,
	"spriteSourceSize": {"x":0,"y":0,"w":58,"h":25},
	"sourceSize": {"w":58,"h":25}
},
"small_silver_016.png":
{
	"frame": {"x":241,"y":349,"w":58,"h":25},
	"rotated": false,
	"trimmed": false,
	"spriteSourceSize": {"x":0,"y":0,"w":58,"h":25},
	"sourceSize": {"w":58,"h":25}
},
"small_silver_017.png":
{
	"frame": {"x":301,"y":349,"w":58,"h":25},
	"rotated": false,
	"trimmed": false,
	"spriteSourceSize": {"x":0,"y":0,"w":58,"h":25},
	"sourceSize": {"w":58,"h":25}
},
"small_silver_018.png":
{
	"frame": {"x":361,"y":349,"w":58,"h":25},
	"rotated": false,
	"trimmed": false,
	"spriteSourceSize": {"x":0,"y":0,"w":58,"h":25},
	"sourceSize": {"w":58,"h":25}
},
"small_silver_019.png":
{
	"frame": {"x":421,"y":349,"w":58,"h":25},
	"rotated": false,
	"trimmed": false,
	"spriteSourceSize": {"x":0,"y":0,"w":58,"h":25},
	"sourceSize": {"w":58,"h":25}
},
"small_silver_020.png":
{
	"frame": {"x":1,"y":376,"w":58,"h":25},
	"rotated": false,
	"trimmed": false,
	"spriteSourceSize": {"x":0,"y":0,"w":58,"h":25},
	"sourceSize": {"w":58,"h":25}
},
"small_silver_021.png":
{
	"frame": {"x":61,"y":376,"w":58,"h":25},
	"rotated": false,
	"trimmed": false,
	"spriteSourceSize": {"x":0,"y":0,"w":58,"h":25},
	"sourceSize": {"w":58,"h":25}
},
"small_silver_022.png":
{
	"frame": {"x":121,"y":376,"w":58,"h":25},
	"rotated": false,
	"trimmed": false,
	"spriteSourceSize": {"x":0,"y":0,"w":58,"h":25},
	"sourceSize": {"w":58,"h":25}
},
"small_silver_023.png":
{
	"frame": {"x":181,"y":376,"w":58,"h":25},
	"rotated": false,
	"trimmed": false,
	"spriteSourceSize": {"x":0,"y":0,"w":58,"h":25},
	"sourceSize": {"w":58,"h":25}
},
"small_silver_024.png":
{
	"frame": {"x":241,"y":376,"w":58,"h":25},
	"rotated": false,
	"trimmed": false,
	"spriteSourceSize": {"x":0,"y":0,"w":58,"h":25},
	"sourceSize": {"w":58,"h":25}
},
"small_silver_025.png":
{
	"frame": {"x":301,"y":376,"w":58,"h":25},
	"rotated": false,
	"trimmed": false,
	"spriteSourceSize": {"x":0,"y":0,"w":58,"h":25},
	"sourceSize": {"w":58,"h":25}
},
"small_silver_026.png":
{
	"frame": {"x":361,"y":376,"w":58,"h":25},
	"rotated": false,
	"trimmed": false,
	"spriteSourceSize": {"x":0,"y":0,"w":58,"h":25},
	"sourceSize": {"w":58,"h":25}
},
"small_silver_027.png":
{
	"frame": {"x":421,"y":376,"w":58,"h":25},
	"rotated": false,
	"trimmed": false,
	"spriteSourceSize": {"x":0,"y":0,"w":58,"h":25},
	"sourceSize": {"w":58,"h":25}
},
"small_silver_028.png":
{
	"frame": {"x":1,"y":403,"w":58,"h":25},
	"rotated": false,
	"trimmed": false,
	"spriteSourceSize": {"x":0,"y":0,"w":58,"h":25},
	"sourceSize": {"w":58,"h":25}
}},
"meta": {
	"app": "https://www.codeandweb.com/texturepacker",
	"version": "1.0",
	"image": "landscapeJPPanelsAnimationSmall.png",
	"format": "RGBA8888",
	"size": {"w":512,"h":512},
	"scale": "1",
	"smartupdate": "$TexturePacker:SmartUpdate:8823707103e0689c2bbfc700547ccfe2:a6a8c0fa002d6e7a27229678c43460ff:9a8f4339fb3b90c6240c749485db1df0$"
}
}
