{"frames": {

"bigBronze_000.png":
{
	"frame": {"x":142,"y":609,"w":139,"h":49},
	"rotated": false,
	"trimmed": false,
	"spriteSourceSize": {"x":0,"y":0,"w":139,"h":49},
	"sourceSize": {"w":139,"h":49}
},
"bigBronze_001.png":
{
	"frame": {"x":142,"y":609,"w":139,"h":49},
	"rotated": false,
	"trimmed": false,
	"spriteSourceSize": {"x":0,"y":0,"w":139,"h":49},
	"sourceSize": {"w":139,"h":49}
},
"bigBronze_002.png":
{
	"frame": {"x":142,"y":609,"w":139,"h":49},
	"rotated": false,
	"trimmed": false,
	"spriteSourceSize": {"x":0,"y":0,"w":139,"h":49},
	"sourceSize": {"w":139,"h":49}
},
"bigBronze_003.png":
{
	"frame": {"x":142,"y":609,"w":139,"h":49},
	"rotated": false,
	"trimmed": false,
	"spriteSourceSize": {"x":0,"y":0,"w":139,"h":49},
	"sourceSize": {"w":139,"h":49}
},
"bigBronze_004.png":
{
	"frame": {"x":283,"y":609,"w":139,"h":49},
	"rotated": false,
	"trimmed": false,
	"spriteSourceSize": {"x":0,"y":0,"w":139,"h":49},
	"sourceSize": {"w":139,"h":49}
},
"bigBronze_005.png":
{
	"frame": {"x":1,"y":609,"w":139,"h":49},
	"rotated": false,
	"trimmed": false,
	"spriteSourceSize": {"x":0,"y":0,"w":139,"h":49},
	"sourceSize": {"w":139,"h":49}
},
"bigBronze_006.png":
{
	"frame": {"x":424,"y":609,"w":139,"h":49},
	"rotated": false,
	"trimmed": false,
	"spriteSourceSize": {"x":0,"y":0,"w":139,"h":49},
	"sourceSize": {"w":139,"h":49}
},
"bigBronze_007.png":
{
	"frame": {"x":565,"y":609,"w":139,"h":49},
	"rotated": false,
	"trimmed": false,
	"spriteSourceSize": {"x":0,"y":0,"w":139,"h":49},
	"sourceSize": {"w":139,"h":49}
},
"bigBronze_008.png":
{
	"frame": {"x":847,"y":609,"w":139,"h":49},
	"rotated": false,
	"trimmed": false,
	"spriteSourceSize": {"x":0,"y":0,"w":139,"h":49},
	"sourceSize": {"w":139,"h":49}
},
"bigBronze_009.png":
{
	"frame": {"x":1,"y":660,"w":139,"h":49},
	"rotated": false,
	"trimmed": false,
	"spriteSourceSize": {"x":0,"y":0,"w":139,"h":49},
	"sourceSize": {"w":139,"h":49}
},
"bigBronze_010.png":
{
	"frame": {"x":706,"y":609,"w":139,"h":49},
	"rotated": false,
	"trimmed": false,
	"spriteSourceSize": {"x":0,"y":0,"w":139,"h":49},
	"sourceSize": {"w":139,"h":49}
},
"bigBronze_011.png":
{
	"frame": {"x":847,"y":558,"w":139,"h":49},
	"rotated": false,
	"trimmed": false,
	"spriteSourceSize": {"x":0,"y":0,"w":139,"h":49},
	"sourceSize": {"w":139,"h":49}
},
"bigBronze_012.png":
{
	"frame": {"x":706,"y":558,"w":139,"h":49},
	"rotated": false,
	"trimmed": false,
	"spriteSourceSize": {"x":0,"y":0,"w":139,"h":49},
	"sourceSize": {"w":139,"h":49}
},
"bigBronze_013.png":
{
	"frame": {"x":500,"y":507,"w":139,"h":49},
	"rotated": false,
	"trimmed": false,
	"spriteSourceSize": {"x":0,"y":0,"w":139,"h":49},
	"sourceSize": {"w":139,"h":49}
},
"bigBronze_014.png":
{
	"frame": {"x":641,"y":507,"w":139,"h":49},
	"rotated": false,
	"trimmed": false,
	"spriteSourceSize": {"x":0,"y":0,"w":139,"h":49},
	"sourceSize": {"w":139,"h":49}
},
"bigBronze_015.png":
{
	"frame": {"x":1,"y":558,"w":139,"h":49},
	"rotated": false,
	"trimmed": false,
	"spriteSourceSize": {"x":0,"y":0,"w":139,"h":49},
	"sourceSize": {"w":139,"h":49}
},
"bigBronze_016.png":
{
	"frame": {"x":142,"y":558,"w":139,"h":49},
	"rotated": false,
	"trimmed": false,
	"spriteSourceSize": {"x":0,"y":0,"w":139,"h":49},
	"sourceSize": {"w":139,"h":49}
},
"bigBronze_017.png":
{
	"frame": {"x":424,"y":558,"w":139,"h":49},
	"rotated": false,
	"trimmed": false,
	"spriteSourceSize": {"x":0,"y":0,"w":139,"h":49},
	"sourceSize": {"w":139,"h":49}
},
"bigBronze_018.png":
{
	"frame": {"x":565,"y":558,"w":139,"h":49},
	"rotated": false,
	"trimmed": false,
	"spriteSourceSize": {"x":0,"y":0,"w":139,"h":49},
	"sourceSize": {"w":139,"h":49}
},
"bigBronze_019.png":
{
	"frame": {"x":283,"y":558,"w":139,"h":49},
	"rotated": false,
	"trimmed": false,
	"spriteSourceSize": {"x":0,"y":0,"w":139,"h":49},
	"sourceSize": {"w":139,"h":49}
},
"bigBronze_020.png":
{
	"frame": {"x":142,"y":660,"w":139,"h":49},
	"rotated": false,
	"trimmed": false,
	"spriteSourceSize": {"x":0,"y":0,"w":139,"h":49},
	"sourceSize": {"w":139,"h":49}
},
"bigBronze_021.png":
{
	"frame": {"x":283,"y":660,"w":139,"h":49},
	"rotated": false,
	"trimmed": false,
	"spriteSourceSize": {"x":0,"y":0,"w":139,"h":49},
	"sourceSize": {"w":139,"h":49}
},
"bigBronze_022.png":
{
	"frame": {"x":311,"y":762,"w":139,"h":49},
	"rotated": false,
	"trimmed": false,
	"spriteSourceSize": {"x":0,"y":0,"w":139,"h":49},
	"sourceSize": {"w":139,"h":49}
},
"bigBronze_023.png":
{
	"frame": {"x":452,"y":762,"w":139,"h":49},
	"rotated": false,
	"trimmed": false,
	"spriteSourceSize": {"x":0,"y":0,"w":139,"h":49},
	"sourceSize": {"w":139,"h":49}
},
"bigBronze_024.png":
{
	"frame": {"x":170,"y":762,"w":139,"h":49},
	"rotated": false,
	"trimmed": false,
	"spriteSourceSize": {"x":0,"y":0,"w":139,"h":49},
	"sourceSize": {"w":139,"h":49}
},
"bigBronze_025.png":
{
	"frame": {"x":593,"y":762,"w":139,"h":49},
	"rotated": false,
	"trimmed": false,
	"spriteSourceSize": {"x":0,"y":0,"w":139,"h":49},
	"sourceSize": {"w":139,"h":49}
},
"bigBronze_026.png":
{
	"frame": {"x":734,"y":762,"w":139,"h":49},
	"rotated": false,
	"trimmed": false,
	"spriteSourceSize": {"x":0,"y":0,"w":139,"h":49},
	"sourceSize": {"w":139,"h":49}
},
"bigBronze_027.png":
{
	"frame": {"x":170,"y":813,"w":139,"h":49},
	"rotated": false,
	"trimmed": false,
	"spriteSourceSize": {"x":0,"y":0,"w":139,"h":49},
	"sourceSize": {"w":139,"h":49}
},
"bigGold_000.png":
{
	"frame": {"x":1,"y":1,"w":156,"h":48},
	"rotated": false,
	"trimmed": false,
	"spriteSourceSize": {"x":0,"y":0,"w":156,"h":48},
	"sourceSize": {"w":156,"h":48}
},
"bigGold_001.png":
{
	"frame": {"x":1,"y":1,"w":156,"h":48},
	"rotated": false,
	"trimmed": false,
	"spriteSourceSize": {"x":0,"y":0,"w":156,"h":48},
	"sourceSize": {"w":156,"h":48}
},
"bigGold_002.png":
{
	"frame": {"x":1,"y":1,"w":156,"h":48},
	"rotated": false,
	"trimmed": false,
	"spriteSourceSize": {"x":0,"y":0,"w":156,"h":48},
	"sourceSize": {"w":156,"h":48}
},
"bigGold_003.png":
{
	"frame": {"x":1,"y":1,"w":156,"h":48},
	"rotated": false,
	"trimmed": false,
	"spriteSourceSize": {"x":0,"y":0,"w":156,"h":48},
	"sourceSize": {"w":156,"h":48}
},
"bigGold_004.png":
{
	"frame": {"x":317,"y":51,"w":156,"h":48},
	"rotated": false,
	"trimmed": false,
	"spriteSourceSize": {"x":0,"y":0,"w":156,"h":48},
	"sourceSize": {"w":156,"h":48}
},
"bigGold_005.png":
{
	"frame": {"x":791,"y":51,"w":156,"h":48},
	"rotated": false,
	"trimmed": false,
	"spriteSourceSize": {"x":0,"y":0,"w":156,"h":48},
	"sourceSize": {"w":156,"h":48}
},
"bigGold_006.png":
{
	"frame": {"x":317,"y":101,"w":156,"h":48},
	"rotated": false,
	"trimmed": false,
	"spriteSourceSize": {"x":0,"y":0,"w":156,"h":48},
	"sourceSize": {"w":156,"h":48}
},
"bigGold_007.png":
{
	"frame": {"x":633,"y":101,"w":156,"h":48},
	"rotated": false,
	"trimmed": false,
	"spriteSourceSize": {"x":0,"y":0,"w":156,"h":48},
	"sourceSize": {"w":156,"h":48}
},
"bigGold_008.png":
{
	"frame": {"x":475,"y":101,"w":156,"h":48},
	"rotated": false,
	"trimmed": false,
	"spriteSourceSize": {"x":0,"y":0,"w":156,"h":48},
	"sourceSize": {"w":156,"h":48}
},
"bigGold_009.png":
{
	"frame": {"x":1,"y":151,"w":156,"h":48},
	"rotated": false,
	"trimmed": false,
	"spriteSourceSize": {"x":0,"y":0,"w":156,"h":48},
	"sourceSize": {"w":156,"h":48}
},
"bigGold_010.png":
{
	"frame": {"x":1,"y":101,"w":156,"h":48},
	"rotated": false,
	"trimmed": false,
	"spriteSourceSize": {"x":0,"y":0,"w":156,"h":48},
	"sourceSize": {"w":156,"h":48}
},
"bigGold_011.png":
{
	"frame": {"x":633,"y":51,"w":156,"h":48},
	"rotated": false,
	"trimmed": false,
	"spriteSourceSize": {"x":0,"y":0,"w":156,"h":48},
	"sourceSize": {"w":156,"h":48}
},
"bigGold_012.png":
{
	"frame": {"x":475,"y":51,"w":156,"h":48},
	"rotated": false,
	"trimmed": false,
	"spriteSourceSize": {"x":0,"y":0,"w":156,"h":48},
	"sourceSize": {"w":156,"h":48}
},
"bigGold_013.png":
{
	"frame": {"x":317,"y":1,"w":156,"h":48},
	"rotated": false,
	"trimmed": false,
	"spriteSourceSize": {"x":0,"y":0,"w":156,"h":48},
	"sourceSize": {"w":156,"h":48}
},
"bigGold_014.png":
{
	"frame": {"x":159,"y":101,"w":156,"h":48},
	"rotated": false,
	"trimmed": false,
	"spriteSourceSize": {"x":0,"y":0,"w":156,"h":48},
	"sourceSize": {"w":156,"h":48}
},
"bigGold_015.png":
{
	"frame": {"x":159,"y":1,"w":156,"h":48},
	"rotated": false,
	"trimmed": false,
	"spriteSourceSize": {"x":0,"y":0,"w":156,"h":48},
	"sourceSize": {"w":156,"h":48}
},
"bigGold_016.png":
{
	"frame": {"x":475,"y":1,"w":156,"h":48},
	"rotated": false,
	"trimmed": false,
	"spriteSourceSize": {"x":0,"y":0,"w":156,"h":48},
	"sourceSize": {"w":156,"h":48}
},
"bigGold_017.png":
{
	"frame": {"x":633,"y":1,"w":156,"h":48},
	"rotated": false,
	"trimmed": false,
	"spriteSourceSize": {"x":0,"y":0,"w":156,"h":48},
	"sourceSize": {"w":156,"h":48}
},
"bigGold_018.png":
{
	"frame": {"x":1,"y":51,"w":156,"h":48},
	"rotated": false,
	"trimmed": false,
	"spriteSourceSize": {"x":0,"y":0,"w":156,"h":48},
	"sourceSize": {"w":156,"h":48}
},
"bigGold_019.png":
{
	"frame": {"x":159,"y":51,"w":156,"h":48},
	"rotated": false,
	"trimmed": false,
	"spriteSourceSize": {"x":0,"y":0,"w":156,"h":48},
	"sourceSize": {"w":156,"h":48}
},
"bigGold_020.png":
{
	"frame": {"x":791,"y":1,"w":156,"h":48},
	"rotated": false,
	"trimmed": false,
	"spriteSourceSize": {"x":0,"y":0,"w":156,"h":48},
	"sourceSize": {"w":156,"h":48}
},
"bigGold_021.png":
{
	"frame": {"x":791,"y":101,"w":156,"h":48},
	"rotated": false,
	"trimmed": false,
	"spriteSourceSize": {"x":0,"y":0,"w":156,"h":48},
	"sourceSize": {"w":156,"h":48}
},
"bigGold_022.png":
{
	"frame": {"x":475,"y":151,"w":156,"h":48},
	"rotated": false,
	"trimmed": false,
	"spriteSourceSize": {"x":0,"y":0,"w":156,"h":48},
	"sourceSize": {"w":156,"h":48}
},
"bigGold_023.png":
{
	"frame": {"x":633,"y":151,"w":156,"h":48},
	"rotated": false,
	"trimmed": false,
	"spriteSourceSize": {"x":0,"y":0,"w":156,"h":48},
	"sourceSize": {"w":156,"h":48}
},
"bigGold_024.png":
{
	"frame": {"x":1,"y":201,"w":156,"h":48},
	"rotated": false,
	"trimmed": false,
	"spriteSourceSize": {"x":0,"y":0,"w":156,"h":48},
	"sourceSize": {"w":156,"h":48}
},
"bigGold_025.png":
{
	"frame": {"x":791,"y":151,"w":156,"h":48},
	"rotated": false,
	"trimmed": false,
	"spriteSourceSize": {"x":0,"y":0,"w":156,"h":48},
	"sourceSize": {"w":156,"h":48}
},
"bigGold_026.png":
{
	"frame": {"x":317,"y":151,"w":156,"h":48},
	"rotated": false,
	"trimmed": false,
	"spriteSourceSize": {"x":0,"y":0,"w":156,"h":48},
	"sourceSize": {"w":156,"h":48}
},
"bigGold_027.png":
{
	"frame": {"x":159,"y":151,"w":156,"h":48},
	"rotated": false,
	"trimmed": false,
	"spriteSourceSize": {"x":0,"y":0,"w":156,"h":48},
	"sourceSize": {"w":156,"h":48}
},
"bigPlatinum_000.png":
{
	"frame": {"x":331,"y":507,"w":167,"h":49},
	"rotated": false,
	"trimmed": false,
	"spriteSourceSize": {"x":0,"y":0,"w":167,"h":49},
	"sourceSize": {"w":167,"h":49}
},
"bigPlatinum_001.png":
{
	"frame": {"x":331,"y":507,"w":167,"h":49},
	"rotated": false,
	"trimmed": false,
	"spriteSourceSize": {"x":0,"y":0,"w":167,"h":49},
	"sourceSize": {"w":167,"h":49}
},
"bigPlatinum_002.png":
{
	"frame": {"x":331,"y":507,"w":167,"h":49},
	"rotated": false,
	"trimmed": false,
	"spriteSourceSize": {"x":0,"y":0,"w":167,"h":49},
	"sourceSize": {"w":167,"h":49}
},
"bigPlatinum_003.png":
{
	"frame": {"x":1,"y":813,"w":167,"h":49},
	"rotated": false,
	"trimmed": false,
	"spriteSourceSize": {"x":0,"y":0,"w":167,"h":49},
	"sourceSize": {"w":167,"h":49}
},
"bigPlatinum_004.png":
{
	"frame": {"x":1,"y":762,"w":167,"h":49},
	"rotated": false,
	"trimmed": false,
	"spriteSourceSize": {"x":0,"y":0,"w":167,"h":49},
	"sourceSize": {"w":167,"h":49}
},
"bigPlatinum_005.png":
{
	"frame": {"x":846,"y":711,"w":167,"h":49},
	"rotated": false,
	"trimmed": false,
	"spriteSourceSize": {"x":0,"y":0,"w":167,"h":49},
	"sourceSize": {"w":167,"h":49}
},
"bigPlatinum_006.png":
{
	"frame": {"x":593,"y":660,"w":167,"h":49},
	"rotated": false,
	"trimmed": false,
	"spriteSourceSize": {"x":0,"y":0,"w":167,"h":49},
	"sourceSize": {"w":167,"h":49}
},
"bigPlatinum_007.png":
{
	"frame": {"x":762,"y":660,"w":167,"h":49},
	"rotated": false,
	"trimmed": false,
	"spriteSourceSize": {"x":0,"y":0,"w":167,"h":49},
	"sourceSize": {"w":167,"h":49}
},
"bigPlatinum_008.png":
{
	"frame": {"x":424,"y":660,"w":167,"h":49},
	"rotated": false,
	"trimmed": false,
	"spriteSourceSize": {"x":0,"y":0,"w":167,"h":49},
	"sourceSize": {"w":167,"h":49}
},
"bigPlatinum_009.png":
{
	"frame": {"x":1,"y":711,"w":167,"h":49},
	"rotated": false,
	"trimmed": false,
	"spriteSourceSize": {"x":0,"y":0,"w":167,"h":49},
	"sourceSize": {"w":167,"h":49}
},
"bigPlatinum_010.png":
{
	"frame": {"x":170,"y":711,"w":167,"h":49},
	"rotated": false,
	"trimmed": false,
	"spriteSourceSize": {"x":0,"y":0,"w":167,"h":49},
	"sourceSize": {"w":167,"h":49}
},
"bigPlatinum_011.png":
{
	"frame": {"x":508,"y":711,"w":167,"h":49},
	"rotated": false,
	"trimmed": false,
	"spriteSourceSize": {"x":0,"y":0,"w":167,"h":49},
	"sourceSize": {"w":167,"h":49}
},
"bigPlatinum_012.png":
{
	"frame": {"x":677,"y":711,"w":167,"h":49},
	"rotated": false,
	"trimmed": false,
	"spriteSourceSize": {"x":0,"y":0,"w":167,"h":49},
	"sourceSize": {"w":167,"h":49}
},
"bigPlatinum_013.png":
{
	"frame": {"x":339,"y":711,"w":167,"h":49},
	"rotated": false,
	"trimmed": false,
	"spriteSourceSize": {"x":0,"y":0,"w":167,"h":49},
	"sourceSize": {"w":167,"h":49}
},
"bigPlatinum_014.png":
{
	"frame": {"x":782,"y":507,"w":167,"h":49},
	"rotated": false,
	"trimmed": false,
	"spriteSourceSize": {"x":0,"y":0,"w":167,"h":49},
	"sourceSize": {"w":167,"h":49}
},
"bigPlatinum_015.png":
{
	"frame": {"x":331,"y":303,"w":167,"h":49},
	"rotated": false,
	"trimmed": false,
	"spriteSourceSize": {"x":0,"y":0,"w":167,"h":49},
	"sourceSize": {"w":167,"h":49}
},
"bigPlatinum_016.png":
{
	"frame": {"x":497,"y":201,"w":167,"h":49},
	"rotated": false,
	"trimmed": false,
	"spriteSourceSize": {"x":0,"y":0,"w":167,"h":49},
	"sourceSize": {"w":167,"h":49}
},
"bigPlatinum_017.png":
{
	"frame": {"x":328,"y":201,"w":167,"h":49},
	"rotated": false,
	"trimmed": false,
	"spriteSourceSize": {"x":0,"y":0,"w":167,"h":49},
	"sourceSize": {"w":167,"h":49}
},
"bigPlatinum_018.png":
{
	"frame": {"x":159,"y":201,"w":167,"h":49},
	"rotated": false,
	"trimmed": false,
	"spriteSourceSize": {"x":0,"y":0,"w":167,"h":49},
	"sourceSize": {"w":167,"h":49}
},
"bigPlatinum_019.png":
{
	"frame": {"x":835,"y":201,"w":167,"h":49},
	"rotated": false,
	"trimmed": false,
	"spriteSourceSize": {"x":0,"y":0,"w":167,"h":49},
	"sourceSize": {"w":167,"h":49}
},
"bigPlatinum_020.png":
{
	"frame": {"x":170,"y":252,"w":167,"h":49},
	"rotated": false,
	"trimmed": false,
	"spriteSourceSize": {"x":0,"y":0,"w":167,"h":49},
	"sourceSize": {"w":167,"h":49}
},
"bigPlatinum_021.png":
{
	"frame": {"x":677,"y":252,"w":167,"h":49},
	"rotated": false,
	"trimmed": false,
	"spriteSourceSize": {"x":0,"y":0,"w":167,"h":49},
	"sourceSize": {"w":167,"h":49}
},
"bigPlatinum_022.png":
{
	"frame": {"x":508,"y":252,"w":167,"h":49},
	"rotated": false,
	"trimmed": false,
	"spriteSourceSize": {"x":0,"y":0,"w":167,"h":49},
	"sourceSize": {"w":167,"h":49}
},
"bigPlatinum_023.png":
{
	"frame": {"x":846,"y":252,"w":167,"h":49},
	"rotated": false,
	"trimmed": false,
	"spriteSourceSize": {"x":0,"y":0,"w":167,"h":49},
	"sourceSize": {"w":167,"h":49}
},
"bigPlatinum_024.png":
{
	"frame": {"x":339,"y":252,"w":167,"h":49},
	"rotated": false,
	"trimmed": false,
	"spriteSourceSize": {"x":0,"y":0,"w":167,"h":49},
	"sourceSize": {"w":167,"h":49}
},
"bigPlatinum_025.png":
{
	"frame": {"x":1,"y":252,"w":167,"h":49},
	"rotated": false,
	"trimmed": false,
	"spriteSourceSize": {"x":0,"y":0,"w":167,"h":49},
	"sourceSize": {"w":167,"h":49}
},
"bigPlatinum_026.png":
{
	"frame": {"x":666,"y":201,"w":167,"h":49},
	"rotated": false,
	"trimmed": false,
	"spriteSourceSize": {"x":0,"y":0,"w":167,"h":49},
	"sourceSize": {"w":167,"h":49}
},
"bigPlatinum_027.png":
{
	"frame": {"x":826,"y":405,"w":167,"h":49},
	"rotated": false,
	"trimmed": false,
	"spriteSourceSize": {"x":0,"y":0,"w":167,"h":49},
	"sourceSize": {"w":167,"h":49}
},
"bigSilver_000.png":
{
	"frame": {"x":1,"y":456,"w":163,"h":49},
	"rotated": false,
	"trimmed": true,
	"spriteSourceSize": {"x":0,"y":0,"w":163,"h":49},
	"sourceSize": {"w":164,"h":49}
},
"bigSilver_001.png":
{
	"frame": {"x":1,"y":456,"w":163,"h":49},
	"rotated": false,
	"trimmed": true,
	"spriteSourceSize": {"x":0,"y":0,"w":163,"h":49},
	"sourceSize": {"w":164,"h":49}
},
"bigSilver_002.png":
{
	"frame": {"x":1,"y":456,"w":163,"h":49},
	"rotated": false,
	"trimmed": true,
	"spriteSourceSize": {"x":0,"y":0,"w":163,"h":49},
	"sourceSize": {"w":164,"h":49}
},
"bigSilver_003.png":
{
	"frame": {"x":1,"y":456,"w":163,"h":49},
	"rotated": false,
	"trimmed": true,
	"spriteSourceSize": {"x":0,"y":0,"w":163,"h":49},
	"sourceSize": {"w":164,"h":49}
},
"bigSilver_004.png":
{
	"frame": {"x":661,"y":405,"w":163,"h":49},
	"rotated": false,
	"trimmed": true,
	"spriteSourceSize": {"x":0,"y":0,"w":163,"h":49},
	"sourceSize": {"w":164,"h":49}
},
"bigSilver_005.png":
{
	"frame": {"x":331,"y":405,"w":163,"h":49},
	"rotated": false,
	"trimmed": true,
	"spriteSourceSize": {"x":0,"y":0,"w":163,"h":49},
	"sourceSize": {"w":164,"h":49}
},
"bigSilver_006.png":
{
	"frame": {"x":166,"y":456,"w":163,"h":49},
	"rotated": false,
	"trimmed": true,
	"spriteSourceSize": {"x":0,"y":0,"w":163,"h":49},
	"sourceSize": {"w":164,"h":49}
},
"bigSilver_007.png":
{
	"frame": {"x":496,"y":456,"w":163,"h":49},
	"rotated": false,
	"trimmed": true,
	"spriteSourceSize": {"x":0,"y":0,"w":163,"h":49},
	"sourceSize": {"w":164,"h":49}
},
"bigSilver_008.png":
{
	"frame": {"x":1,"y":507,"w":163,"h":49},
	"rotated": false,
	"trimmed": true,
	"spriteSourceSize": {"x":0,"y":0,"w":163,"h":49},
	"sourceSize": {"w":164,"h":49}
},
"bigSilver_009.png":
{
	"frame": {"x":826,"y":456,"w":163,"h":49},
	"rotated": false,
	"trimmed": true,
	"spriteSourceSize": {"x":0,"y":0,"w":163,"h":49},
	"sourceSize": {"w":164,"h":49}
},
"bigSilver_010.png":
{
	"frame": {"x":166,"y":507,"w":163,"h":49},
	"rotated": false,
	"trimmed": true,
	"spriteSourceSize": {"x":0,"y":0,"w":163,"h":49},
	"sourceSize": {"w":164,"h":49}
},
"bigSilver_011.png":
{
	"frame": {"x":661,"y":456,"w":163,"h":49},
	"rotated": false,
	"trimmed": true,
	"spriteSourceSize": {"x":0,"y":0,"w":163,"h":49},
	"sourceSize": {"w":164,"h":49}
},
"bigSilver_012.png":
{
	"frame": {"x":331,"y":456,"w":163,"h":49},
	"rotated": false,
	"trimmed": true,
	"spriteSourceSize": {"x":0,"y":0,"w":163,"h":49},
	"sourceSize": {"w":164,"h":49}
},
"bigSilver_013.png":
{
	"frame": {"x":496,"y":405,"w":163,"h":49},
	"rotated": false,
	"trimmed": true,
	"spriteSourceSize": {"x":0,"y":0,"w":163,"h":49},
	"sourceSize": {"w":164,"h":49}
},
"bigSilver_014.png":
{
	"frame": {"x":166,"y":405,"w":163,"h":49},
	"rotated": false,
	"trimmed": true,
	"spriteSourceSize": {"x":0,"y":0,"w":163,"h":49},
	"sourceSize": {"w":164,"h":49}
},
"bigSilver_015.png":
{
	"frame": {"x":665,"y":303,"w":163,"h":49},
	"rotated": false,
	"trimmed": true,
	"spriteSourceSize": {"x":0,"y":0,"w":163,"h":49},
	"sourceSize": {"w":164,"h":49}
},
"bigSilver_016.png":
{
	"frame": {"x":830,"y":303,"w":163,"h":49},
	"rotated": false,
	"trimmed": true,
	"spriteSourceSize": {"x":0,"y":0,"w":163,"h":49},
	"sourceSize": {"w":164,"h":49}
},
"bigSilver_017.png":
{
	"frame": {"x":500,"y":303,"w":163,"h":49},
	"rotated": false,
	"trimmed": true,
	"spriteSourceSize": {"x":0,"y":0,"w":163,"h":49},
	"sourceSize": {"w":164,"h":49}
},
"bigSilver_018.png":
{
	"frame": {"x":166,"y":303,"w":163,"h":49},
	"rotated": false,
	"trimmed": true,
	"spriteSourceSize": {"x":0,"y":0,"w":163,"h":49},
	"sourceSize": {"w":164,"h":49}
},
"bigSilver_019.png":
{
	"frame": {"x":1,"y":354,"w":163,"h":49},
	"rotated": false,
	"trimmed": true,
	"spriteSourceSize": {"x":0,"y":0,"w":163,"h":49},
	"sourceSize": {"w":164,"h":49}
},
"bigSilver_020.png":
{
	"frame": {"x":331,"y":354,"w":163,"h":49},
	"rotated": false,
	"trimmed": true,
	"spriteSourceSize": {"x":0,"y":0,"w":163,"h":49},
	"sourceSize": {"w":164,"h":49}
},
"bigSilver_021.png":
{
	"frame": {"x":826,"y":354,"w":163,"h":49},
	"rotated": false,
	"trimmed": true,
	"spriteSourceSize": {"x":0,"y":0,"w":163,"h":49},
	"sourceSize": {"w":164,"h":49}
},
"bigSilver_022.png":
{
	"frame": {"x":661,"y":354,"w":163,"h":49},
	"rotated": false,
	"trimmed": true,
	"spriteSourceSize": {"x":0,"y":0,"w":163,"h":49},
	"sourceSize": {"w":164,"h":49}
},
"bigSilver_023.png":
{
	"frame": {"x":1,"y":405,"w":163,"h":49},
	"rotated": false,
	"trimmed": true,
	"spriteSourceSize": {"x":0,"y":0,"w":163,"h":49},
	"sourceSize": {"w":164,"h":49}
},
"bigSilver_024.png":
{
	"frame": {"x":496,"y":354,"w":163,"h":49},
	"rotated": false,
	"trimmed": true,
	"spriteSourceSize": {"x":0,"y":0,"w":163,"h":49},
	"sourceSize": {"w":164,"h":49}
},
"bigSilver_025.png":
{
	"frame": {"x":166,"y":354,"w":163,"h":49},
	"rotated": false,
	"trimmed": true,
	"spriteSourceSize": {"x":0,"y":0,"w":163,"h":49},
	"sourceSize": {"w":164,"h":49}
},
"bigSilver_026.png":
{
	"frame": {"x":1,"y":303,"w":163,"h":49},
	"rotated": false,
	"trimmed": true,
	"spriteSourceSize": {"x":0,"y":0,"w":163,"h":49},
	"sourceSize": {"w":164,"h":49}
},
"bigSilver_027.png":
{
	"frame": {"x":311,"y":813,"w":163,"h":49},
	"rotated": false,
	"trimmed": true,
	"spriteSourceSize": {"x":0,"y":0,"w":163,"h":49},
	"sourceSize": {"w":164,"h":49}
}},
"meta": {
	"app": "https://www.codeandweb.com/texturepacker",
	"version": "1.0",
	"image": "landscape_JP_Panels_Animation.png",
	"format": "RGBA8888",
	"size": {"w":1024,"h":1024},
	"scale": "1",
	"smartupdate": "$TexturePacker:SmartUpdate:e768ae063ecf71fff2a31009e8cb963f:c892f7b3069add5adf6d90ffe93afe37:b7310edf36e343f2fe52c9f2e9801e0b$"
}
}
