{"frames": {

"dropdown_0.png":
{
	"frame": {"x":1,"y":1,"w":200,"h":234},
	"rotated": false,
	"trimmed": false,
	"spriteSourceSize": {"x":0,"y":0,"w":200,"h":234},
	"sourceSize": {"w":200,"h":234}
},
"dropdown_1.png":
{
	"frame": {"x":203,"y":1,"w":200,"h":234},
	"rotated": false,
	"trimmed": false,
	"spriteSourceSize": {"x":0,"y":0,"w":200,"h":234},
	"sourceSize": {"w":200,"h":234}
},
"dropdown_2.png":
{
	"frame": {"x":405,"y":1,"w":200,"h":234},
	"rotated": false,
	"trimmed": false,
	"spriteSourceSize": {"x":0,"y":0,"w":200,"h":234},
	"sourceSize": {"w":200,"h":234}
},
"dropdown_3.png":
{
	"frame": {"x":607,"y":1,"w":200,"h":234},
	"rotated": false,
	"trimmed": false,
	"spriteSourceSize": {"x":0,"y":0,"w":200,"h":234},
	"sourceSize": {"w":200,"h":234}
},
"EQ_GN.png":
{
	"frame": {"x":809,"y":1,"w":168,"h":38},
	"rotated": false,
	"trimmed": false,
	"spriteSourceSize": {"x":0,"y":0,"w":168,"h":38},
	"sourceSize": {"w":168,"h":38}
},
"popUpPlayerName_0.png":
{
	"frame": {"x":1,"y":237,"w":120,"h":19},
	"rotated": false,
	"trimmed": false,
	"spriteSourceSize": {"x":0,"y":0,"w":120,"h":19},
	"sourceSize": {"w":120,"h":19}
},
"popUpPlayerName_1.png":
{
	"frame": {"x":123,"y":237,"w":120,"h":19},
	"rotated": false,
	"trimmed": false,
	"spriteSourceSize": {"x":0,"y":0,"w":120,"h":19},
	"sourceSize": {"w":120,"h":19}
},
"popUpPlayerName_2.png":
{
	"frame": {"x":245,"y":237,"w":120,"h":19},
	"rotated": false,
	"trimmed": false,
	"spriteSourceSize": {"x":0,"y":0,"w":120,"h":19},
	"sourceSize": {"w":120,"h":19}
},
"popUpPlayerName_3.png":
{
	"frame": {"x":367,"y":237,"w":120,"h":19},
	"rotated": false,
	"trimmed": false,
	"spriteSourceSize": {"x":0,"y":0,"w":120,"h":19},
	"sourceSize": {"w":120,"h":19}
},
"reelsBackground_Landscape.png":
{
	"frame": {"x":1,"y":258,"w":846,"h":404},
	"rotated": false,
	"trimmed": false,
	"spriteSourceSize": {"x":0,"y":0,"w":846,"h":404},
	"sourceSize": {"w":846,"h":404}
},
"reelsBackground_Portrait.png":
{
	"frame": {"x":1,"y":664,"w":532,"h":292},
	"rotated": false,
	"trimmed": false,
	"spriteSourceSize": {"x":0,"y":0,"w":532,"h":292},
	"sourceSize": {"w":532,"h":292}
},
"scroll_poortrait.png":
{
	"frame": {"x":535,"y":664,"w":54,"h":54},
	"rotated": false,
	"trimmed": false,
	"spriteSourceSize": {"x":0,"y":0,"w":54,"h":54},
	"sourceSize": {"w":54,"h":54}
},
"small_bronze.png":
{
	"frame": {"x":591,"y":664,"w":56,"h":26},
	"rotated": false,
	"trimmed": false,
	"spriteSourceSize": {"x":0,"y":0,"w":56,"h":26},
	"sourceSize": {"w":56,"h":26}
},
"small_gold.png":
{
	"frame": {"x":649,"y":664,"w":51,"h":25},
	"rotated": false,
	"trimmed": false,
	"spriteSourceSize": {"x":0,"y":0,"w":51,"h":25},
	"sourceSize": {"w":51,"h":25}
},
"small_platinum.png":
{
	"frame": {"x":702,"y":664,"w":69,"h":29},
	"rotated": false,
	"trimmed": false,
	"spriteSourceSize": {"x":0,"y":0,"w":69,"h":29},
	"sourceSize": {"w":69,"h":29}
},
"small_silver.png":
{
	"frame": {"x":773,"y":664,"w":58,"h":25},
	"rotated": false,
	"trimmed": false,
	"spriteSourceSize": {"x":0,"y":0,"w":58,"h":25},
	"sourceSize": {"w":58,"h":25}
},
"smallScroll.png":
{
	"frame": {"x":833,"y":664,"w":45,"h":47},
	"rotated": false,
	"trimmed": true,
	"spriteSourceSize": {"x":1,"y":0,"w":45,"h":47},
	"sourceSize": {"w":48,"h":48}
}},
"meta": {
	"app": "https://www.codeandweb.com/texturepacker",
	"version": "1.0",
	"image": "mainResourcesEQ.png",
	"format": "RGBA8888",
	"size": {"w":1024,"h":1024},
	"scale": "1",
	"smartupdate": "$TexturePacker:SmartUpdate:7cdd7c10150729ba6c8099228e04d77c:276d1439bacb754b5fbf2dfdd623fd9e:18dd8f78522a928f997ee75a673c9db7$"
}
}
