{"frames": {

"01_000.png":
{
	"frame": {"x":444,"y":1,"w":14,"h":26},
	"rotated": false,
	"trimmed": true,
	"spriteSourceSize": {"x":4,"y":13,"w":14,"h":26},
	"sourceSize": {"w":18,"h":39}
},
"01_001.png":
{
	"frame": {"x":84,"y":29,"w":14,"h":26},
	"rotated": false,
	"trimmed": true,
	"spriteSourceSize": {"x":4,"y":13,"w":14,"h":26},
	"sourceSize": {"w":18,"h":39}
},
"01_002.png":
{
	"frame": {"x":116,"y":29,"w":14,"h":26},
	"rotated": false,
	"trimmed": true,
	"spriteSourceSize": {"x":4,"y":13,"w":14,"h":26},
	"sourceSize": {"w":18,"h":39}
},
"01_003.png":
{
	"frame": {"x":132,"y":29,"w":14,"h":26},
	"rotated": false,
	"trimmed": true,
	"spriteSourceSize": {"x":4,"y":13,"w":14,"h":26},
	"sourceSize": {"w":18,"h":39}
},
"01_004.png":
{
	"frame": {"x":100,"y":29,"w":14,"h":26},
	"rotated": false,
	"trimmed": true,
	"spriteSourceSize": {"x":4,"y":13,"w":14,"h":26},
	"sourceSize": {"w":18,"h":39}
},
"01_005.png":
{
	"frame": {"x":477,"y":1,"w":14,"h":26},
	"rotated": false,
	"trimmed": true,
	"spriteSourceSize": {"x":4,"y":13,"w":14,"h":26},
	"sourceSize": {"w":18,"h":39}
},
"01_006.png":
{
	"frame": {"x":460,"y":1,"w":15,"h":26},
	"rotated": false,
	"trimmed": true,
	"spriteSourceSize": {"x":3,"y":13,"w":15,"h":26},
	"sourceSize": {"w":18,"h":39}
},
"01_007.png":
{
	"frame": {"x":44,"y":89,"w":15,"h":29},
	"rotated": false,
	"trimmed": true,
	"spriteSourceSize": {"x":3,"y":10,"w":15,"h":29},
	"sourceSize": {"w":18,"h":39}
},
"01_008.png":
{
	"frame": {"x":26,"y":89,"w":16,"h":29},
	"rotated": false,
	"trimmed": true,
	"spriteSourceSize": {"x":2,"y":10,"w":16,"h":29},
	"sourceSize": {"w":18,"h":39}
},
"01_009.png":
{
	"frame": {"x":476,"y":89,"w":16,"h":31},
	"rotated": false,
	"trimmed": true,
	"spriteSourceSize": {"x":2,"y":8,"w":16,"h":31},
	"sourceSize": {"w":18,"h":39}
},
"01_010.png":
{
	"frame": {"x":427,"y":122,"w":17,"h":35},
	"rotated": false,
	"trimmed": true,
	"spriteSourceSize": {"x":1,"y":4,"w":17,"h":35},
	"sourceSize": {"w":18,"h":39}
},
"01_011.png":
{
	"frame": {"x":349,"y":159,"w":18,"h":37},
	"rotated": false,
	"trimmed": true,
	"spriteSourceSize": {"x":0,"y":2,"w":18,"h":37},
	"sourceSize": {"w":18,"h":39}
},
"01_012.png":
{
	"frame": {"x":254,"y":159,"w":18,"h":36},
	"rotated": false,
	"trimmed": true,
	"spriteSourceSize": {"x":0,"y":0,"w":18,"h":36},
	"sourceSize": {"w":18,"h":39}
},
"01_013.png":
{
	"frame": {"x":234,"y":159,"w":18,"h":36},
	"rotated": false,
	"trimmed": true,
	"spriteSourceSize": {"x":0,"y":0,"w":18,"h":36},
	"sourceSize": {"w":18,"h":39}
},
"01_014.png":
{
	"frame": {"x":228,"y":122,"w":18,"h":34},
	"rotated": false,
	"trimmed": true,
	"spriteSourceSize": {"x":0,"y":0,"w":18,"h":34},
	"sourceSize": {"w":18,"h":39}
},
"01_015.png":
{
	"frame": {"x":381,"y":89,"w":18,"h":30},
	"rotated": false,
	"trimmed": true,
	"spriteSourceSize": {"x":0,"y":0,"w":18,"h":30},
	"sourceSize": {"w":18,"h":39}
},
"01_016.png":
{
	"frame": {"x":331,"y":58,"w":18,"h":29},
	"rotated": false,
	"trimmed": true,
	"spriteSourceSize": {"x":0,"y":1,"w":18,"h":29},
	"sourceSize": {"w":18,"h":39}
},
"01_017.png":
{
	"frame": {"x":1,"y":29,"w":18,"h":26},
	"rotated": false,
	"trimmed": true,
	"spriteSourceSize": {"x":0,"y":1,"w":18,"h":26},
	"sourceSize": {"w":18,"h":39}
},
"01_018.png":
{
	"frame": {"x":21,"y":29,"w":14,"h":26},
	"rotated": false,
	"trimmed": true,
	"spriteSourceSize": {"x":1,"y":1,"w":14,"h":26},
	"sourceSize": {"w":18,"h":39}
},
"02_000.png":
{
	"frame": {"x":199,"y":58,"w":19,"h":27},
	"rotated": false,
	"trimmed": true,
	"spriteSourceSize": {"x":4,"y":12,"w":19,"h":27},
	"sourceSize": {"w":23,"h":39}
},
"02_001.png":
{
	"frame": {"x":178,"y":58,"w":19,"h":27},
	"rotated": false,
	"trimmed": true,
	"spriteSourceSize": {"x":4,"y":12,"w":19,"h":27},
	"sourceSize": {"w":23,"h":39}
},
"02_002.png":
{
	"frame": {"x":220,"y":58,"w":19,"h":27},
	"rotated": false,
	"trimmed": true,
	"spriteSourceSize": {"x":4,"y":12,"w":19,"h":27},
	"sourceSize": {"w":23,"h":39}
},
"02_003.png":
{
	"frame": {"x":156,"y":58,"w":20,"h":27},
	"rotated": false,
	"trimmed": true,
	"spriteSourceSize": {"x":3,"y":12,"w":20,"h":27},
	"sourceSize": {"w":23,"h":39}
},
"02_004.png":
{
	"frame": {"x":111,"y":58,"w":20,"h":27},
	"rotated": false,
	"trimmed": true,
	"spriteSourceSize": {"x":3,"y":12,"w":20,"h":27},
	"sourceSize": {"w":23,"h":39}
},
"02_005.png":
{
	"frame": {"x":88,"y":58,"w":21,"h":27},
	"rotated": false,
	"trimmed": true,
	"spriteSourceSize": {"x":2,"y":12,"w":21,"h":27},
	"sourceSize": {"w":23,"h":39}
},
"02_006.png":
{
	"frame": {"x":264,"y":58,"w":21,"h":28},
	"rotated": false,
	"trimmed": true,
	"spriteSourceSize": {"x":2,"y":11,"w":21,"h":28},
	"sourceSize": {"w":23,"h":39}
},
"02_007.png":
{
	"frame": {"x":398,"y":58,"w":22,"h":29},
	"rotated": false,
	"trimmed": true,
	"spriteSourceSize": {"x":1,"y":10,"w":22,"h":29},
	"sourceSize": {"w":23,"h":39}
},
"02_008.png":
{
	"frame": {"x":25,"y":122,"w":23,"h":32},
	"rotated": false,
	"trimmed": true,
	"spriteSourceSize": {"x":0,"y":7,"w":23,"h":32},
	"sourceSize": {"w":23,"h":39}
},
"02_009.png":
{
	"frame": {"x":297,"y":122,"w":23,"h":35},
	"rotated": false,
	"trimmed": true,
	"spriteSourceSize": {"x":0,"y":4,"w":23,"h":35},
	"sourceSize": {"w":23,"h":39}
},
"02_010.png":
{
	"frame": {"x":299,"y":159,"w":23,"h":37},
	"rotated": false,
	"trimmed": true,
	"spriteSourceSize": {"x":0,"y":2,"w":23,"h":37},
	"sourceSize": {"w":23,"h":39}
},
"02_011.png":
{
	"frame": {"x":53,"y":199,"w":23,"h":39},
	"rotated": false,
	"trimmed": false,
	"spriteSourceSize": {"x":0,"y":0,"w":23,"h":39},
	"sourceSize": {"w":23,"h":39}
},
"02_012.png":
{
	"frame": {"x":324,"y":159,"w":23,"h":37},
	"rotated": false,
	"trimmed": true,
	"spriteSourceSize": {"x":0,"y":0,"w":23,"h":37},
	"sourceSize": {"w":23,"h":39}
},
"02_013.png":
{
	"frame": {"x":156,"y":159,"w":23,"h":36},
	"rotated": false,
	"trimmed": true,
	"spriteSourceSize": {"x":0,"y":0,"w":23,"h":36},
	"sourceSize": {"w":23,"h":39}
},
"02_014.png":
{
	"frame": {"x":28,"y":159,"w":23,"h":36},
	"rotated": false,
	"trimmed": true,
	"spriteSourceSize": {"x":0,"y":0,"w":23,"h":36},
	"sourceSize": {"w":23,"h":39}
},
"02_015.png":
{
	"frame": {"x":127,"y":122,"w":22,"h":33},
	"rotated": false,
	"trimmed": true,
	"spriteSourceSize": {"x":0,"y":0,"w":22,"h":33},
	"sourceSize": {"w":23,"h":39}
},
"02_016.png":
{
	"frame": {"x":308,"y":89,"w":22,"h":30},
	"rotated": false,
	"trimmed": true,
	"spriteSourceSize": {"x":0,"y":0,"w":22,"h":30},
	"sourceSize": {"w":23,"h":39}
},
"02_017.png":
{
	"frame": {"x":443,"y":58,"w":21,"h":29},
	"rotated": false,
	"trimmed": true,
	"spriteSourceSize": {"x":1,"y":1,"w":21,"h":29},
	"sourceSize": {"w":23,"h":39}
},
"02_018.png":
{
	"frame": {"x":129,"y":1,"w":18,"h":26},
	"rotated": false,
	"trimmed": true,
	"spriteSourceSize": {"x":2,"y":1,"w":18,"h":26},
	"sourceSize": {"w":23,"h":39}
},
"03_000.png":
{
	"frame": {"x":86,"y":1,"w":20,"h":26},
	"rotated": false,
	"trimmed": true,
	"spriteSourceSize": {"x":3,"y":13,"w":20,"h":26},
	"sourceSize": {"w":23,"h":39}
},
"03_001.png":
{
	"frame": {"x":108,"y":1,"w":19,"h":26},
	"rotated": false,
	"trimmed": true,
	"spriteSourceSize": {"x":4,"y":13,"w":19,"h":26},
	"sourceSize": {"w":23,"h":39}
},
"03_002.png":
{
	"frame": {"x":196,"y":1,"w":19,"h":26},
	"rotated": false,
	"trimmed": true,
	"spriteSourceSize": {"x":4,"y":13,"w":19,"h":26},
	"sourceSize": {"w":23,"h":39}
},
"03_003.png":
{
	"frame": {"x":241,"y":1,"w":20,"h":26},
	"rotated": false,
	"trimmed": true,
	"spriteSourceSize": {"x":3,"y":13,"w":20,"h":26},
	"sourceSize": {"w":23,"h":39}
},
"03_004.png":
{
	"frame": {"x":376,"y":1,"w":20,"h":26},
	"rotated": false,
	"trimmed": true,
	"spriteSourceSize": {"x":3,"y":13,"w":20,"h":26},
	"sourceSize": {"w":23,"h":39}
},
"03_005.png":
{
	"frame": {"x":422,"y":1,"w":20,"h":26},
	"rotated": false,
	"trimmed": true,
	"spriteSourceSize": {"x":3,"y":13,"w":20,"h":26},
	"sourceSize": {"w":23,"h":39}
},
"03_006.png":
{
	"frame": {"x":133,"y":58,"w":21,"h":27},
	"rotated": false,
	"trimmed": true,
	"spriteSourceSize": {"x":2,"y":12,"w":21,"h":27},
	"sourceSize": {"w":23,"h":39}
},
"03_007.png":
{
	"frame": {"x":61,"y":89,"w":22,"h":29},
	"rotated": false,
	"trimmed": true,
	"spriteSourceSize": {"x":1,"y":10,"w":22,"h":29},
	"sourceSize": {"w":23,"h":39}
},
"03_008.png":
{
	"frame": {"x":233,"y":89,"w":22,"h":30},
	"rotated": false,
	"trimmed": true,
	"spriteSourceSize": {"x":1,"y":9,"w":22,"h":30},
	"sourceSize": {"w":23,"h":39}
},
"03_009.png":
{
	"frame": {"x":273,"y":122,"w":22,"h":34},
	"rotated": false,
	"trimmed": true,
	"spriteSourceSize": {"x":1,"y":5,"w":22,"h":34},
	"sourceSize": {"w":23,"h":39}
},
"03_010.png":
{
	"frame": {"x":106,"y":159,"w":23,"h":36},
	"rotated": false,
	"trimmed": true,
	"spriteSourceSize": {"x":0,"y":3,"w":23,"h":36},
	"sourceSize": {"w":23,"h":39}
},
"03_011.png":
{
	"frame": {"x":395,"y":159,"w":23,"h":38},
	"rotated": false,
	"trimmed": true,
	"spriteSourceSize": {"x":0,"y":1,"w":23,"h":38},
	"sourceSize": {"w":23,"h":39}
},
"03_012.png":
{
	"frame": {"x":131,"y":159,"w":23,"h":36},
	"rotated": false,
	"trimmed": true,
	"spriteSourceSize": {"x":0,"y":0,"w":23,"h":36},
	"sourceSize": {"w":23,"h":39}
},
"03_013.png":
{
	"frame": {"x":274,"y":159,"w":23,"h":36},
	"rotated": false,
	"trimmed": true,
	"spriteSourceSize": {"x":0,"y":0,"w":23,"h":36},
	"sourceSize": {"w":23,"h":39}
},
"03_014.png":
{
	"frame": {"x":248,"y":122,"w":23,"h":34},
	"rotated": false,
	"trimmed": true,
	"spriteSourceSize": {"x":0,"y":0,"w":23,"h":34},
	"sourceSize": {"w":23,"h":39}
},
"03_015.png":
{
	"frame": {"x":257,"y":89,"w":23,"h":30},
	"rotated": false,
	"trimmed": true,
	"spriteSourceSize": {"x":0,"y":0,"w":23,"h":30},
	"sourceSize": {"w":23,"h":39}
},
"03_016.png":
{
	"frame": {"x":85,"y":89,"w":21,"h":29},
	"rotated": false,
	"trimmed": true,
	"spriteSourceSize": {"x":1,"y":1,"w":21,"h":29},
	"sourceSize": {"w":23,"h":39}
},
"03_017.png":
{
	"frame": {"x":309,"y":1,"w":19,"h":26},
	"rotated": false,
	"trimmed": true,
	"spriteSourceSize": {"x":2,"y":2,"w":19,"h":26},
	"sourceSize": {"w":23,"h":39}
},
"03_018.png":
{
	"frame": {"x":65,"y":1,"w":19,"h":25},
	"rotated": false,
	"trimmed": true,
	"spriteSourceSize": {"x":2,"y":2,"w":19,"h":25},
	"sourceSize": {"w":23,"h":39}
},
"04_000.png":
{
	"frame": {"x":263,"y":1,"w":21,"h":26},
	"rotated": false,
	"trimmed": true,
	"spriteSourceSize": {"x":4,"y":13,"w":21,"h":26},
	"sourceSize": {"w":25,"h":39}
},
"04_001.png":
{
	"frame": {"x":286,"y":1,"w":21,"h":26},
	"rotated": false,
	"trimmed": true,
	"spriteSourceSize": {"x":4,"y":13,"w":21,"h":26},
	"sourceSize": {"w":25,"h":39}
},
"04_002.png":
{
	"frame": {"x":330,"y":1,"w":21,"h":26},
	"rotated": false,
	"trimmed": true,
	"spriteSourceSize": {"x":4,"y":13,"w":21,"h":26},
	"sourceSize": {"w":25,"h":39}
},
"04_003.png":
{
	"frame": {"x":353,"y":1,"w":21,"h":26},
	"rotated": false,
	"trimmed": true,
	"spriteSourceSize": {"x":4,"y":13,"w":21,"h":26},
	"sourceSize": {"w":25,"h":39}
},
"04_004.png":
{
	"frame": {"x":398,"y":1,"w":22,"h":26},
	"rotated": false,
	"trimmed": true,
	"spriteSourceSize": {"x":3,"y":13,"w":22,"h":26},
	"sourceSize": {"w":25,"h":39}
},
"04_005.png":
{
	"frame": {"x":217,"y":1,"w":22,"h":26},
	"rotated": false,
	"trimmed": true,
	"spriteSourceSize": {"x":3,"y":13,"w":22,"h":26},
	"sourceSize": {"w":25,"h":39}
},
"04_006.png":
{
	"frame": {"x":171,"y":1,"w":23,"h":26},
	"rotated": false,
	"trimmed": true,
	"spriteSourceSize": {"x":2,"y":13,"w":23,"h":26},
	"sourceSize": {"w":25,"h":39}
},
"04_007.png":
{
	"frame": {"x":440,"y":29,"w":23,"h":27},
	"rotated": false,
	"trimmed": true,
	"spriteSourceSize": {"x":2,"y":12,"w":23,"h":27},
	"sourceSize": {"w":25,"h":39}
},
"04_008.png":
{
	"frame": {"x":466,"y":58,"w":24,"h":29},
	"rotated": false,
	"trimmed": true,
	"spriteSourceSize": {"x":1,"y":10,"w":24,"h":29},
	"sourceSize": {"w":25,"h":39}
},
"04_009.png":
{
	"frame": {"x":450,"y":89,"w":24,"h":31},
	"rotated": false,
	"trimmed": true,
	"spriteSourceSize": {"x":1,"y":8,"w":24,"h":31},
	"sourceSize": {"w":25,"h":39}
},
"04_010.png":
{
	"frame": {"x":50,"y":122,"w":25,"h":32},
	"rotated": false,
	"trimmed": true,
	"spriteSourceSize": {"x":0,"y":7,"w":25,"h":32},
	"sourceSize": {"w":25,"h":39}
},
"04_011.png":
{
	"frame": {"x":79,"y":159,"w":25,"h":36},
	"rotated": false,
	"trimmed": true,
	"spriteSourceSize": {"x":0,"y":3,"w":25,"h":36},
	"sourceSize": {"w":25,"h":39}
},
"04_012.png":
{
	"frame": {"x":374,"y":122,"w":25,"h":35},
	"rotated": false,
	"trimmed": true,
	"spriteSourceSize": {"x":0,"y":1,"w":25,"h":35},
	"sourceSize": {"w":25,"h":39}
},
"04_013.png":
{
	"frame": {"x":1,"y":159,"w":25,"h":36},
	"rotated": false,
	"trimmed": true,
	"spriteSourceSize": {"x":0,"y":0,"w":25,"h":36},
	"sourceSize": {"w":25,"h":39}
},
"04_014.png":
{
	"frame": {"x":181,"y":159,"w":25,"h":36},
	"rotated": false,
	"trimmed": true,
	"spriteSourceSize": {"x":0,"y":0,"w":25,"h":36},
	"sourceSize": {"w":25,"h":39}
},
"04_015.png":
{
	"frame": {"x":332,"y":89,"w":23,"h":30},
	"rotated": false,
	"trimmed": true,
	"spriteSourceSize": {"x":1,"y":0,"w":23,"h":30},
	"sourceSize": {"w":25,"h":39}
},
"04_016.png":
{
	"frame": {"x":401,"y":89,"w":22,"h":30},
	"rotated": false,
	"trimmed": true,
	"spriteSourceSize": {"x":1,"y":0,"w":22,"h":30},
	"sourceSize": {"w":25,"h":39}
},
"04_017.png":
{
	"frame": {"x":310,"y":58,"w":19,"h":29},
	"rotated": false,
	"trimmed": true,
	"spriteSourceSize": {"x":4,"y":1,"w":19,"h":29},
	"sourceSize": {"w":25,"h":39}
},
"04_018.png":
{
	"frame": {"x":149,"y":1,"w":20,"h":26},
	"rotated": false,
	"trimmed": true,
	"spriteSourceSize": {"x":3,"y":1,"w":20,"h":26},
	"sourceSize": {"w":25,"h":39}
},
"05_000.png":
{
	"frame": {"x":488,"y":29,"w":21,"h":27},
	"rotated": false,
	"trimmed": true,
	"spriteSourceSize": {"x":3,"y":12,"w":21,"h":27},
	"sourceSize": {"w":24,"h":39}
},
"05_001.png":
{
	"frame": {"x":45,"y":58,"w":21,"h":27},
	"rotated": false,
	"trimmed": true,
	"spriteSourceSize": {"x":3,"y":12,"w":21,"h":27},
	"sourceSize": {"w":24,"h":39}
},
"05_002.png":
{
	"frame": {"x":1,"y":58,"w":20,"h":27},
	"rotated": false,
	"trimmed": true,
	"spriteSourceSize": {"x":4,"y":12,"w":20,"h":27},
	"sourceSize": {"w":24,"h":39}
},
"05_003.png":
{
	"frame": {"x":23,"y":58,"w":20,"h":27},
	"rotated": false,
	"trimmed": true,
	"spriteSourceSize": {"x":4,"y":12,"w":20,"h":27},
	"sourceSize": {"w":24,"h":39}
},
"05_004.png":
{
	"frame": {"x":465,"y":29,"w":21,"h":27},
	"rotated": false,
	"trimmed": true,
	"spriteSourceSize": {"x":3,"y":12,"w":21,"h":27},
	"sourceSize": {"w":24,"h":39}
},
"05_005.png":
{
	"frame": {"x":417,"y":29,"w":21,"h":27},
	"rotated": false,
	"trimmed": true,
	"spriteSourceSize": {"x":3,"y":12,"w":21,"h":27},
	"sourceSize": {"w":24,"h":39}
},
"05_006.png":
{
	"frame": {"x":374,"y":58,"w":22,"h":29},
	"rotated": false,
	"trimmed": true,
	"spriteSourceSize": {"x":2,"y":10,"w":22,"h":29},
	"sourceSize": {"w":24,"h":39}
},
"05_007.png":
{
	"frame": {"x":133,"y":89,"w":23,"h":30},
	"rotated": false,
	"trimmed": true,
	"spriteSourceSize": {"x":1,"y":9,"w":23,"h":30},
	"sourceSize": {"w":24,"h":39}
},
"05_008.png":
{
	"frame": {"x":425,"y":89,"w":23,"h":31},
	"rotated": false,
	"trimmed": true,
	"spriteSourceSize": {"x":1,"y":8,"w":23,"h":31},
	"sourceSize": {"w":24,"h":39}
},
"05_009.png":
{
	"frame": {"x":208,"y":159,"w":24,"h":36},
	"rotated": false,
	"trimmed": true,
	"spriteSourceSize": {"x":0,"y":3,"w":24,"h":36},
	"sourceSize": {"w":24,"h":39}
},
"05_010.png":
{
	"frame": {"x":27,"y":199,"w":24,"h":39},
	"rotated": false,
	"trimmed": false,
	"spriteSourceSize": {"x":0,"y":0,"w":24,"h":39},
	"sourceSize": {"w":24,"h":39}
},
"05_011.png":
{
	"frame": {"x":420,"y":159,"w":24,"h":38},
	"rotated": false,
	"trimmed": true,
	"spriteSourceSize": {"x":0,"y":0,"w":24,"h":38},
	"sourceSize": {"w":24,"h":39}
},
"05_012.png":
{
	"frame": {"x":53,"y":159,"w":24,"h":36},
	"rotated": false,
	"trimmed": true,
	"spriteSourceSize": {"x":0,"y":0,"w":24,"h":36},
	"sourceSize": {"w":24,"h":39}
},
"05_013.png":
{
	"frame": {"x":472,"y":122,"w":24,"h":35},
	"rotated": false,
	"trimmed": true,
	"spriteSourceSize": {"x":0,"y":0,"w":24,"h":35},
	"sourceSize": {"w":24,"h":39}
},
"05_014.png":
{
	"frame": {"x":151,"y":122,"w":24,"h":33},
	"rotated": false,
	"trimmed": true,
	"spriteSourceSize": {"x":0,"y":0,"w":24,"h":33},
	"sourceSize": {"w":24,"h":39}
},
"05_015.png":
{
	"frame": {"x":158,"y":89,"w":23,"h":30},
	"rotated": false,
	"trimmed": true,
	"spriteSourceSize": {"x":0,"y":0,"w":23,"h":30},
	"sourceSize": {"w":24,"h":39}
},
"05_016.png":
{
	"frame": {"x":108,"y":89,"w":23,"h":30},
	"rotated": false,
	"trimmed": true,
	"spriteSourceSize": {"x":0,"y":0,"w":23,"h":30},
	"sourceSize": {"w":24,"h":39}
},
"05_017.png":
{
	"frame": {"x":281,"y":29,"w":22,"h":27},
	"rotated": false,
	"trimmed": true,
	"spriteSourceSize": {"x":0,"y":0,"w":22,"h":27},
	"sourceSize": {"w":24,"h":39}
},
"05_018.png":
{
	"frame": {"x":42,"y":1,"w":21,"h":25},
	"rotated": false,
	"trimmed": true,
	"spriteSourceSize": {"x":1,"y":1,"w":21,"h":25},
	"sourceSize": {"w":24,"h":39}
},
"06_000.png":
{
	"frame": {"x":395,"y":29,"w":20,"h":27},
	"rotated": false,
	"trimmed": true,
	"spriteSourceSize": {"x":4,"y":12,"w":20,"h":27},
	"sourceSize": {"w":24,"h":39}
},
"06_001.png":
{
	"frame": {"x":351,"y":29,"w":20,"h":27},
	"rotated": false,
	"trimmed": true,
	"spriteSourceSize": {"x":4,"y":12,"w":20,"h":27},
	"sourceSize": {"w":24,"h":39}
},
"06_002.png":
{
	"frame": {"x":373,"y":29,"w":20,"h":27},
	"rotated": false,
	"trimmed": true,
	"spriteSourceSize": {"x":4,"y":12,"w":20,"h":27},
	"sourceSize": {"w":24,"h":39}
},
"06_003.png":
{
	"frame": {"x":259,"y":29,"w":20,"h":27},
	"rotated": false,
	"trimmed": true,
	"spriteSourceSize": {"x":4,"y":12,"w":20,"h":27},
	"sourceSize": {"w":24,"h":39}
},
"06_004.png":
{
	"frame": {"x":305,"y":29,"w":21,"h":27},
	"rotated": false,
	"trimmed": true,
	"spriteSourceSize": {"x":3,"y":12,"w":21,"h":27},
	"sourceSize": {"w":24,"h":39}
},
"06_005.png":
{
	"frame": {"x":328,"y":29,"w":21,"h":27},
	"rotated": false,
	"trimmed": true,
	"spriteSourceSize": {"x":3,"y":12,"w":21,"h":27},
	"sourceSize": {"w":24,"h":39}
},
"06_006.png":
{
	"frame": {"x":241,"y":58,"w":21,"h":28},
	"rotated": false,
	"trimmed": true,
	"spriteSourceSize": {"x":3,"y":11,"w":21,"h":28},
	"sourceSize": {"w":24,"h":39}
},
"06_007.png":
{
	"frame": {"x":351,"y":58,"w":21,"h":29},
	"rotated": false,
	"trimmed": true,
	"spriteSourceSize": {"x":3,"y":10,"w":21,"h":29},
	"sourceSize": {"w":24,"h":39}
},
"06_008.png":
{
	"frame": {"x":357,"y":89,"w":22,"h":30},
	"rotated": false,
	"trimmed": true,
	"spriteSourceSize": {"x":2,"y":9,"w":22,"h":30},
	"sourceSize": {"w":24,"h":39}
},
"06_009.png":
{
	"frame": {"x":203,"y":122,"w":23,"h":33},
	"rotated": false,
	"trimmed": true,
	"spriteSourceSize": {"x":1,"y":6,"w":23,"h":33},
	"sourceSize": {"w":24,"h":39}
},
"06_010.png":
{
	"frame": {"x":369,"y":159,"w":24,"h":37},
	"rotated": false,
	"trimmed": true,
	"spriteSourceSize": {"x":0,"y":2,"w":24,"h":37},
	"sourceSize": {"w":24,"h":39}
},
"06_011.png":
{
	"frame": {"x":446,"y":159,"w":24,"h":38},
	"rotated": false,
	"trimmed": true,
	"spriteSourceSize": {"x":0,"y":0,"w":24,"h":38},
	"sourceSize": {"w":24,"h":39}
},
"06_012.png":
{
	"frame": {"x":446,"y":122,"w":24,"h":35},
	"rotated": false,
	"trimmed": true,
	"spriteSourceSize": {"x":0,"y":0,"w":24,"h":35},
	"sourceSize": {"w":24,"h":39}
},
"06_013.png":
{
	"frame": {"x":322,"y":122,"w":24,"h":35},
	"rotated": false,
	"trimmed": true,
	"spriteSourceSize": {"x":0,"y":0,"w":24,"h":35},
	"sourceSize": {"w":24,"h":39}
},
"06_014.png":
{
	"frame": {"x":177,"y":122,"w":24,"h":33},
	"rotated": false,
	"trimmed": true,
	"spriteSourceSize": {"x":0,"y":0,"w":24,"h":33},
	"sourceSize": {"w":24,"h":39}
},
"06_015.png":
{
	"frame": {"x":183,"y":89,"w":23,"h":30},
	"rotated": false,
	"trimmed": true,
	"spriteSourceSize": {"x":0,"y":0,"w":23,"h":30},
	"sourceSize": {"w":24,"h":39}
},
"06_016.png":
{
	"frame": {"x":208,"y":89,"w":23,"h":30},
	"rotated": false,
	"trimmed": true,
	"spriteSourceSize": {"x":0,"y":0,"w":23,"h":30},
	"sourceSize": {"w":24,"h":39}
},
"06_017.png":
{
	"frame": {"x":59,"y":29,"w":23,"h":26},
	"rotated": false,
	"trimmed": true,
	"spriteSourceSize": {"x":0,"y":1,"w":23,"h":26},
	"sourceSize": {"w":24,"h":39}
},
"06_018.png":
{
	"frame": {"x":18,"y":1,"w":22,"h":25},
	"rotated": false,
	"trimmed": true,
	"spriteSourceSize": {"x":0,"y":1,"w":22,"h":25},
	"sourceSize": {"w":24,"h":39}
},
"07_000.png":
{
	"frame": {"x":37,"y":29,"w":20,"h":26},
	"rotated": false,
	"trimmed": true,
	"spriteSourceSize": {"x":4,"y":13,"w":20,"h":26},
	"sourceSize": {"w":24,"h":39}
},
"07_001.png":
{
	"frame": {"x":148,"y":29,"w":20,"h":27},
	"rotated": false,
	"trimmed": true,
	"spriteSourceSize": {"x":4,"y":12,"w":20,"h":27},
	"sourceSize": {"w":24,"h":39}
},
"07_002.png":
{
	"frame": {"x":192,"y":29,"w":20,"h":27},
	"rotated": false,
	"trimmed": true,
	"spriteSourceSize": {"x":4,"y":12,"w":20,"h":27},
	"sourceSize": {"w":24,"h":39}
},
"07_003.png":
{
	"frame": {"x":214,"y":29,"w":20,"h":27},
	"rotated": false,
	"trimmed": true,
	"spriteSourceSize": {"x":4,"y":12,"w":20,"h":27},
	"sourceSize": {"w":24,"h":39}
},
"07_004.png":
{
	"frame": {"x":170,"y":29,"w":20,"h":27},
	"rotated": false,
	"trimmed": true,
	"spriteSourceSize": {"x":4,"y":12,"w":20,"h":27},
	"sourceSize": {"w":24,"h":39}
},
"07_005.png":
{
	"frame": {"x":236,"y":29,"w":21,"h":27},
	"rotated": false,
	"trimmed": true,
	"spriteSourceSize": {"x":3,"y":12,"w":21,"h":27},
	"sourceSize": {"w":24,"h":39}
},
"07_006.png":
{
	"frame": {"x":287,"y":58,"w":21,"h":29},
	"rotated": false,
	"trimmed": true,
	"spriteSourceSize": {"x":3,"y":10,"w":21,"h":29},
	"sourceSize": {"w":24,"h":39}
},
"07_007.png":
{
	"frame": {"x":1,"y":122,"w":22,"h":32},
	"rotated": false,
	"trimmed": true,
	"spriteSourceSize": {"x":2,"y":7,"w":22,"h":32},
	"sourceSize": {"w":24,"h":39}
},
"07_008.png":
{
	"frame": {"x":103,"y":122,"w":22,"h":33},
	"rotated": false,
	"trimmed": true,
	"spriteSourceSize": {"x":2,"y":5,"w":22,"h":33},
	"sourceSize": {"w":24,"h":39}
},
"07_009.png":
{
	"frame": {"x":472,"y":159,"w":24,"h":38},
	"rotated": false,
	"trimmed": true,
	"spriteSourceSize": {"x":0,"y":0,"w":24,"h":38},
	"sourceSize": {"w":24,"h":39}
},
"07_010.png":
{
	"frame": {"x":1,"y":199,"w":24,"h":38},
	"rotated": false,
	"trimmed": true,
	"spriteSourceSize": {"x":0,"y":0,"w":24,"h":38},
	"sourceSize": {"w":24,"h":39}
},
"07_011.png":
{
	"frame": {"x":348,"y":122,"w":24,"h":35},
	"rotated": false,
	"trimmed": true,
	"spriteSourceSize": {"x":0,"y":0,"w":24,"h":35},
	"sourceSize": {"w":24,"h":39}
},
"07_012.png":
{
	"frame": {"x":401,"y":122,"w":24,"h":35},
	"rotated": false,
	"trimmed": true,
	"spriteSourceSize": {"x":0,"y":0,"w":24,"h":35},
	"sourceSize": {"w":24,"h":39}
},
"07_013.png":
{
	"frame": {"x":77,"y":122,"w":24,"h":32},
	"rotated": false,
	"trimmed": true,
	"spriteSourceSize": {"x":0,"y":0,"w":24,"h":32},
	"sourceSize": {"w":24,"h":39}
},
"07_014.png":
{
	"frame": {"x":282,"y":89,"w":24,"h":30},
	"rotated": false,
	"trimmed": true,
	"spriteSourceSize": {"x":0,"y":0,"w":24,"h":30},
	"sourceSize": {"w":24,"h":39}
},
"07_015.png":
{
	"frame": {"x":1,"y":89,"w":23,"h":29},
	"rotated": false,
	"trimmed": true,
	"spriteSourceSize": {"x":0,"y":0,"w":23,"h":29},
	"sourceSize": {"w":24,"h":39}
},
"07_016.png":
{
	"frame": {"x":422,"y":58,"w":19,"h":29},
	"rotated": false,
	"trimmed": true,
	"spriteSourceSize": {"x":3,"y":0,"w":19,"h":29},
	"sourceSize": {"w":24,"h":39}
},
"07_017.png":
{
	"frame": {"x":493,"y":1,"w":15,"h":26},
	"rotated": false,
	"trimmed": true,
	"spriteSourceSize": {"x":6,"y":1,"w":15,"h":26},
	"sourceSize": {"w":24,"h":39}
},
"07_018.png":
{
	"frame": {"x":1,"y":1,"w":15,"h":24},
	"rotated": false,
	"trimmed": true,
	"spriteSourceSize": {"x":6,"y":2,"w":15,"h":24},
	"sourceSize": {"w":24,"h":39}
},
"08_000.png":
{
	"frame": {"x":68,"y":58,"w":18,"h":27},
	"rotated": false,
	"trimmed": true,
	"spriteSourceSize": {"x":6,"y":12,"w":18,"h":27},
	"sourceSize": {"w":24,"h":39}
}},
"meta": {
	"app": "https://www.codeandweb.com/texturepacker",
	"version": "1.0",
	"image": "numbers.png",
	"format": "RGBA8888",
	"size": {"w":512,"h":512},
	"scale": "1",
	"smartupdate": "$TexturePacker:SmartUpdate:5794b0b450f1d40ab60f4237383329fa:859fcb682d6e2c6e6b887757d08d4341:1070938cc284949ced1e46ffd0a9abd0$"
}
}
