{"frames": {

"pergament_000.png":
{
	"frame": {"x":1,"y":1,"w":44,"h":37},
	"rotated": false,
	"trimmed": true,
	"spriteSourceSize": {"x":2,"y":0,"w":44,"h":37},
	"sourceSize": {"w":48,"h":48}
},
"pergament_001.png":
{
	"frame": {"x":188,"y":1,"w":45,"h":39},
	"rotated": false,
	"trimmed": true,
	"spriteSourceSize": {"x":1,"y":0,"w":45,"h":39},
	"sourceSize": {"w":48,"h":48}
},
"pergament_002.png":
{
	"frame": {"x":1,"y":50,"w":45,"h":44},
	"rotated": false,
	"trimmed": true,
	"spriteSourceSize": {"x":1,"y":0,"w":45,"h":44},
	"sourceSize": {"w":48,"h":48}
},
"pergament_003.png":
{
	"frame": {"x":141,"y":1,"w":45,"h":46},
	"rotated": false,
	"trimmed": true,
	"spriteSourceSize": {"x":1,"y":0,"w":45,"h":46},
	"sourceSize": {"w":48,"h":48}
},
"pergament_004.png":
{
	"frame": {"x":47,"y":1,"w":45,"h":47},
	"rotated": false,
	"trimmed": true,
	"spriteSourceSize": {"x":1,"y":0,"w":45,"h":47},
	"sourceSize": {"w":48,"h":48}
},
"pergament_005.png":
{
	"frame": {"x":94,"y":1,"w":45,"h":47},
	"rotated": false,
	"trimmed": true,
	"spriteSourceSize": {"x":1,"y":0,"w":45,"h":47},
	"sourceSize": {"w":48,"h":48}
}},
"meta": {
	"app": "https://www.codeandweb.com/texturepacker",
	"version": "1.0",
	"image": "pergament_anim.png",
	"format": "RGBA8888",
	"size": {"w":256,"h":256},
	"scale": "1",
	"smartupdate": "$TexturePacker:SmartUpdate:03d29bfd0275f820076d31e2aae36cfd:a279058583c286d78bdca9bb813fbe77:5ebadf4ae89b3ff20ad34a013b66af57$"
}
}
