{"frames": {

"bigBronzePortrait_000.png":
{
	"frame": {"x":234,"y":205,"w":231,"h":49},
	"rotated": false,
	"trimmed": true,
	"spriteSourceSize": {"x":1,"y":0,"w":231,"h":49},
	"sourceSize": {"w":232,"h":49}
},
"bigBronzePortrait_001.png":
{
	"frame": {"x":234,"y":205,"w":231,"h":49},
	"rotated": false,
	"trimmed": true,
	"spriteSourceSize": {"x":1,"y":0,"w":231,"h":49},
	"sourceSize": {"w":232,"h":49}
},
"bigBronzePortrait_002.png":
{
	"frame": {"x":234,"y":205,"w":231,"h":49},
	"rotated": false,
	"trimmed": true,
	"spriteSourceSize": {"x":1,"y":0,"w":231,"h":49},
	"sourceSize": {"w":232,"h":49}
},
"bigBronzePortrait_003.png":
{
	"frame": {"x":1632,"y":154,"w":231,"h":49},
	"rotated": false,
	"trimmed": true,
	"spriteSourceSize": {"x":1,"y":0,"w":231,"h":49},
	"sourceSize": {"w":232,"h":49}
},
"bigBronzePortrait_004.png":
{
	"frame": {"x":467,"y":205,"w":231,"h":49},
	"rotated": false,
	"trimmed": true,
	"spriteSourceSize": {"x":1,"y":0,"w":231,"h":49},
	"sourceSize": {"w":232,"h":49}
},
"bigBronzePortrait_005.png":
{
	"frame": {"x":933,"y":205,"w":231,"h":49},
	"rotated": false,
	"trimmed": true,
	"spriteSourceSize": {"x":1,"y":0,"w":231,"h":49},
	"sourceSize": {"w":232,"h":49}
},
"bigBronzePortrait_006.png":
{
	"frame": {"x":1399,"y":205,"w":231,"h":49},
	"rotated": false,
	"trimmed": true,
	"spriteSourceSize": {"x":1,"y":0,"w":231,"h":49},
	"sourceSize": {"w":232,"h":49}
},
"bigBronzePortrait_007.png":
{
	"frame": {"x":1632,"y":205,"w":231,"h":49},
	"rotated": false,
	"trimmed": true,
	"spriteSourceSize": {"x":1,"y":0,"w":231,"h":49},
	"sourceSize": {"w":232,"h":49}
},
"bigBronzePortrait_008.png":
{
	"frame": {"x":1166,"y":205,"w":231,"h":49},
	"rotated": false,
	"trimmed": true,
	"spriteSourceSize": {"x":1,"y":0,"w":231,"h":49},
	"sourceSize": {"w":232,"h":49}
},
"bigBronzePortrait_009.png":
{
	"frame": {"x":700,"y":205,"w":231,"h":49},
	"rotated": false,
	"trimmed": true,
	"spriteSourceSize": {"x":1,"y":0,"w":231,"h":49},
	"sourceSize": {"w":232,"h":49}
},
"bigBronzePortrait_010.png":
{
	"frame": {"x":1399,"y":154,"w":231,"h":49},
	"rotated": false,
	"trimmed": true,
	"spriteSourceSize": {"x":1,"y":0,"w":231,"h":49},
	"sourceSize": {"w":232,"h":49}
},
"bigBronzePortrait_011.png":
{
	"frame": {"x":1166,"y":154,"w":231,"h":49},
	"rotated": false,
	"trimmed": true,
	"spriteSourceSize": {"x":1,"y":0,"w":231,"h":49},
	"sourceSize": {"w":232,"h":49}
},
"bigBronzePortrait_012.png":
{
	"frame": {"x":1399,"y":103,"w":231,"h":49},
	"rotated": false,
	"trimmed": true,
	"spriteSourceSize": {"x":1,"y":0,"w":231,"h":49},
	"sourceSize": {"w":232,"h":49}
},
"bigBronzePortrait_013.png":
{
	"frame": {"x":1632,"y":103,"w":231,"h":49},
	"rotated": false,
	"trimmed": true,
	"spriteSourceSize": {"x":1,"y":0,"w":231,"h":49},
	"sourceSize": {"w":232,"h":49}
},
"bigBronzePortrait_014.png":
{
	"frame": {"x":1166,"y":103,"w":231,"h":49},
	"rotated": false,
	"trimmed": true,
	"spriteSourceSize": {"x":1,"y":0,"w":231,"h":49},
	"sourceSize": {"w":232,"h":49}
},
"bigBronzePortrait_015.png":
{
	"frame": {"x":1,"y":154,"w":231,"h":49},
	"rotated": false,
	"trimmed": true,
	"spriteSourceSize": {"x":1,"y":0,"w":231,"h":49},
	"sourceSize": {"w":232,"h":49}
},
"bigBronzePortrait_016.png":
{
	"frame": {"x":234,"y":154,"w":231,"h":49},
	"rotated": false,
	"trimmed": true,
	"spriteSourceSize": {"x":1,"y":0,"w":231,"h":49},
	"sourceSize": {"w":232,"h":49}
},
"bigBronzePortrait_017.png":
{
	"frame": {"x":700,"y":154,"w":231,"h":49},
	"rotated": false,
	"trimmed": true,
	"spriteSourceSize": {"x":1,"y":0,"w":231,"h":49},
	"sourceSize": {"w":232,"h":49}
},
"bigBronzePortrait_018.png":
{
	"frame": {"x":933,"y":154,"w":231,"h":49},
	"rotated": false,
	"trimmed": true,
	"spriteSourceSize": {"x":1,"y":0,"w":231,"h":49},
	"sourceSize": {"w":232,"h":49}
},
"bigBronzePortrait_019.png":
{
	"frame": {"x":467,"y":154,"w":231,"h":49},
	"rotated": false,
	"trimmed": true,
	"spriteSourceSize": {"x":1,"y":0,"w":231,"h":49},
	"sourceSize": {"w":232,"h":49}
},
"bigBronzePortrait_020.png":
{
	"frame": {"x":933,"y":103,"w":231,"h":49},
	"rotated": false,
	"trimmed": true,
	"spriteSourceSize": {"x":1,"y":0,"w":231,"h":49},
	"sourceSize": {"w":232,"h":49}
},
"bigBronzePortrait_021.png":
{
	"frame": {"x":1,"y":205,"w":231,"h":49},
	"rotated": false,
	"trimmed": true,
	"spriteSourceSize": {"x":1,"y":0,"w":231,"h":49},
	"sourceSize": {"w":232,"h":49}
},
"bigBronzePortrait_022.png":
{
	"frame": {"x":1,"y":205,"w":231,"h":49},
	"rotated": false,
	"trimmed": true,
	"spriteSourceSize": {"x":1,"y":0,"w":231,"h":49},
	"sourceSize": {"w":232,"h":49}
},
"bigBronzePortrait_023.png":
{
	"frame": {"x":1,"y":205,"w":231,"h":49},
	"rotated": false,
	"trimmed": true,
	"spriteSourceSize": {"x":1,"y":0,"w":231,"h":49},
	"sourceSize": {"w":232,"h":49}
},
"bigBronzePortrait_024.png":
{
	"frame": {"x":1,"y":205,"w":231,"h":49},
	"rotated": false,
	"trimmed": true,
	"spriteSourceSize": {"x":1,"y":0,"w":231,"h":49},
	"sourceSize": {"w":232,"h":49}
},
"bigBronzePortrait_025.png":
{
	"frame": {"x":1,"y":205,"w":231,"h":49},
	"rotated": false,
	"trimmed": true,
	"spriteSourceSize": {"x":1,"y":0,"w":231,"h":49},
	"sourceSize": {"w":232,"h":49}
},
"bigBronzePortrait_026.png":
{
	"frame": {"x":1,"y":205,"w":231,"h":49},
	"rotated": false,
	"trimmed": true,
	"spriteSourceSize": {"x":1,"y":0,"w":231,"h":49},
	"sourceSize": {"w":232,"h":49}
},
"bigBronzePortrait_027.png":
{
	"frame": {"x":1,"y":205,"w":231,"h":49},
	"rotated": false,
	"trimmed": true,
	"spriteSourceSize": {"x":1,"y":0,"w":231,"h":49},
	"sourceSize": {"w":232,"h":49}
},
"bigGoldPortrait_000.png":
{
	"frame": {"x":1,"y":256,"w":258,"h":50},
	"rotated": false,
	"trimmed": true,
	"spriteSourceSize": {"x":0,"y":2,"w":258,"h":50},
	"sourceSize": {"w":259,"h":53}
},
"bigGoldPortrait_001.png":
{
	"frame": {"x":1,"y":256,"w":258,"h":50},
	"rotated": false,
	"trimmed": true,
	"spriteSourceSize": {"x":0,"y":2,"w":258,"h":50},
	"sourceSize": {"w":259,"h":53}
},
"bigGoldPortrait_002.png":
{
	"frame": {"x":1,"y":256,"w":258,"h":50},
	"rotated": false,
	"trimmed": true,
	"spriteSourceSize": {"x":0,"y":2,"w":258,"h":50},
	"sourceSize": {"w":259,"h":53}
},
"bigGoldPortrait_003.png":
{
	"frame": {"x":781,"y":308,"w":258,"h":50},
	"rotated": false,
	"trimmed": true,
	"spriteSourceSize": {"x":0,"y":2,"w":258,"h":50},
	"sourceSize": {"w":259,"h":53}
},
"bigGoldPortrait_004.png":
{
	"frame": {"x":1,"y":361,"w":258,"h":51},
	"rotated": false,
	"trimmed": true,
	"spriteSourceSize": {"x":0,"y":2,"w":258,"h":51},
	"sourceSize": {"w":259,"h":53}
},
"bigGoldPortrait_005.png":
{
	"frame": {"x":521,"y":308,"w":258,"h":50},
	"rotated": false,
	"trimmed": true,
	"spriteSourceSize": {"x":0,"y":2,"w":258,"h":50},
	"sourceSize": {"w":259,"h":53}
},
"bigGoldPortrait_006.png":
{
	"frame": {"x":1301,"y":308,"w":258,"h":50},
	"rotated": false,
	"trimmed": true,
	"spriteSourceSize": {"x":0,"y":2,"w":258,"h":50},
	"sourceSize": {"w":259,"h":53}
},
"bigGoldPortrait_007.png":
{
	"frame": {"x":1041,"y":308,"w":258,"h":50},
	"rotated": false,
	"trimmed": true,
	"spriteSourceSize": {"x":0,"y":2,"w":258,"h":50},
	"sourceSize": {"w":259,"h":53}
},
"bigGoldPortrait_008.png":
{
	"frame": {"x":781,"y":520,"w":258,"h":52},
	"rotated": false,
	"trimmed": true,
	"spriteSourceSize": {"x":0,"y":0,"w":258,"h":52},
	"sourceSize": {"w":259,"h":53}
},
"bigGoldPortrait_009.png":
{
	"frame": {"x":1,"y":520,"w":258,"h":52},
	"rotated": false,
	"trimmed": true,
	"spriteSourceSize": {"x":0,"y":0,"w":258,"h":52},
	"sourceSize": {"w":259,"h":53}
},
"bigGoldPortrait_010.png":
{
	"frame": {"x":521,"y":520,"w":258,"h":52},
	"rotated": false,
	"trimmed": true,
	"spriteSourceSize": {"x":0,"y":0,"w":258,"h":52},
	"sourceSize": {"w":259,"h":53}
},
"bigGoldPortrait_011.png":
{
	"frame": {"x":1041,"y":520,"w":258,"h":52},
	"rotated": false,
	"trimmed": true,
	"spriteSourceSize": {"x":0,"y":0,"w":258,"h":52},
	"sourceSize": {"w":259,"h":53}
},
"bigGoldPortrait_012.png":
{
	"frame": {"x":261,"y":520,"w":258,"h":52},
	"rotated": false,
	"trimmed": true,
	"spriteSourceSize": {"x":0,"y":0,"w":258,"h":52},
	"sourceSize": {"w":259,"h":53}
},
"bigGoldPortrait_013.png":
{
	"frame": {"x":518,"y":361,"w":258,"h":51},
	"rotated": false,
	"trimmed": true,
	"spriteSourceSize": {"x":0,"y":1,"w":258,"h":51},
	"sourceSize": {"w":259,"h":53}
},
"bigGoldPortrait_014.png":
{
	"frame": {"x":521,"y":256,"w":258,"h":50},
	"rotated": false,
	"trimmed": true,
	"spriteSourceSize": {"x":0,"y":2,"w":258,"h":50},
	"sourceSize": {"w":259,"h":53}
},
"bigGoldPortrait_015.png":
{
	"frame": {"x":1,"y":308,"w":258,"h":50},
	"rotated": false,
	"trimmed": true,
	"spriteSourceSize": {"x":0,"y":2,"w":258,"h":50},
	"sourceSize": {"w":259,"h":53}
},
"bigGoldPortrait_016.png":
{
	"frame": {"x":261,"y":256,"w":258,"h":50},
	"rotated": false,
	"trimmed": true,
	"spriteSourceSize": {"x":0,"y":2,"w":258,"h":50},
	"sourceSize": {"w":259,"h":53}
},
"bigGoldPortrait_017.png":
{
	"frame": {"x":781,"y":256,"w":258,"h":50},
	"rotated": false,
	"trimmed": true,
	"spriteSourceSize": {"x":0,"y":2,"w":258,"h":50},
	"sourceSize": {"w":259,"h":53}
},
"bigGoldPortrait_018.png":
{
	"frame": {"x":1561,"y":256,"w":258,"h":50},
	"rotated": false,
	"trimmed": true,
	"spriteSourceSize": {"x":0,"y":2,"w":258,"h":50},
	"sourceSize": {"w":259,"h":53}
},
"bigGoldPortrait_019.png":
{
	"frame": {"x":1041,"y":256,"w":258,"h":50},
	"rotated": false,
	"trimmed": true,
	"spriteSourceSize": {"x":0,"y":2,"w":258,"h":50},
	"sourceSize": {"w":259,"h":53}
},
"bigGoldPortrait_020.png":
{
	"frame": {"x":1301,"y":256,"w":258,"h":50},
	"rotated": false,
	"trimmed": true,
	"spriteSourceSize": {"x":0,"y":2,"w":258,"h":50},
	"sourceSize": {"w":259,"h":53}
},
"bigGoldPortrait_021.png":
{
	"frame": {"x":261,"y":308,"w":258,"h":50},
	"rotated": false,
	"trimmed": true,
	"spriteSourceSize": {"x":0,"y":2,"w":258,"h":50},
	"sourceSize": {"w":259,"h":53}
},
"bigGoldPortrait_022.png":
{
	"frame": {"x":261,"y":308,"w":258,"h":50},
	"rotated": false,
	"trimmed": true,
	"spriteSourceSize": {"x":0,"y":2,"w":258,"h":50},
	"sourceSize": {"w":259,"h":53}
},
"bigGoldPortrait_023.png":
{
	"frame": {"x":261,"y":308,"w":258,"h":50},
	"rotated": false,
	"trimmed": true,
	"spriteSourceSize": {"x":0,"y":2,"w":258,"h":50},
	"sourceSize": {"w":259,"h":53}
},
"bigGoldPortrait_024.png":
{
	"frame": {"x":261,"y":308,"w":258,"h":50},
	"rotated": false,
	"trimmed": true,
	"spriteSourceSize": {"x":0,"y":2,"w":258,"h":50},
	"sourceSize": {"w":259,"h":53}
},
"bigGoldPortrait_025.png":
{
	"frame": {"x":261,"y":308,"w":258,"h":50},
	"rotated": false,
	"trimmed": true,
	"spriteSourceSize": {"x":0,"y":2,"w":258,"h":50},
	"sourceSize": {"w":259,"h":53}
},
"bigGoldPortrait_026.png":
{
	"frame": {"x":261,"y":308,"w":258,"h":50},
	"rotated": false,
	"trimmed": true,
	"spriteSourceSize": {"x":0,"y":2,"w":258,"h":50},
	"sourceSize": {"w":259,"h":53}
},
"bigGoldPortrait_027.png":
{
	"frame": {"x":261,"y":308,"w":258,"h":50},
	"rotated": false,
	"trimmed": true,
	"spriteSourceSize": {"x":0,"y":2,"w":258,"h":50},
	"sourceSize": {"w":259,"h":53}
},
"bigPlatinumPortrait_000.png":
{
	"frame": {"x":261,"y":361,"w":255,"h":51},
	"rotated": false,
	"trimmed": false,
	"spriteSourceSize": {"x":0,"y":0,"w":255,"h":51},
	"sourceSize": {"w":255,"h":51}
},
"bigPlatinumPortrait_001.png":
{
	"frame": {"x":261,"y":361,"w":255,"h":51},
	"rotated": false,
	"trimmed": false,
	"spriteSourceSize": {"x":0,"y":0,"w":255,"h":51},
	"sourceSize": {"w":255,"h":51}
},
"bigPlatinumPortrait_002.png":
{
	"frame": {"x":261,"y":361,"w":255,"h":51},
	"rotated": false,
	"trimmed": false,
	"spriteSourceSize": {"x":0,"y":0,"w":255,"h":51},
	"sourceSize": {"w":255,"h":51}
},
"bigPlatinumPortrait_003.png":
{
	"frame": {"x":1035,"y":361,"w":255,"h":51},
	"rotated": false,
	"trimmed": false,
	"spriteSourceSize": {"x":0,"y":0,"w":255,"h":51},
	"sourceSize": {"w":255,"h":51}
},
"bigPlatinumPortrait_004.png":
{
	"frame": {"x":772,"y":414,"w":255,"h":51},
	"rotated": false,
	"trimmed": false,
	"spriteSourceSize": {"x":0,"y":0,"w":255,"h":51},
	"sourceSize": {"w":255,"h":51}
},
"bigPlatinumPortrait_005.png":
{
	"frame": {"x":515,"y":414,"w":255,"h":51},
	"rotated": false,
	"trimmed": false,
	"spriteSourceSize": {"x":0,"y":0,"w":255,"h":51},
	"sourceSize": {"w":255,"h":51}
},
"bigPlatinumPortrait_006.png":
{
	"frame": {"x":1029,"y":414,"w":255,"h":51},
	"rotated": false,
	"trimmed": false,
	"spriteSourceSize": {"x":0,"y":0,"w":255,"h":51},
	"sourceSize": {"w":255,"h":51}
},
"bigPlatinumPortrait_007.png":
{
	"frame": {"x":258,"y":414,"w":255,"h":51},
	"rotated": false,
	"trimmed": false,
	"spriteSourceSize": {"x":0,"y":0,"w":255,"h":51},
	"sourceSize": {"w":255,"h":51}
},
"bigPlatinumPortrait_008.png":
{
	"frame": {"x":1549,"y":361,"w":255,"h":51},
	"rotated": false,
	"trimmed": false,
	"spriteSourceSize": {"x":0,"y":0,"w":255,"h":51},
	"sourceSize": {"w":255,"h":51}
},
"bigPlatinumPortrait_009.png":
{
	"frame": {"x":1292,"y":361,"w":255,"h":51},
	"rotated": false,
	"trimmed": false,
	"spriteSourceSize": {"x":0,"y":0,"w":255,"h":51},
	"sourceSize": {"w":255,"h":51}
},
"bigPlatinumPortrait_010.png":
{
	"frame": {"x":1,"y":414,"w":255,"h":51},
	"rotated": false,
	"trimmed": false,
	"spriteSourceSize": {"x":0,"y":0,"w":255,"h":51},
	"sourceSize": {"w":255,"h":51}
},
"bigPlatinumPortrait_011.png":
{
	"frame": {"x":1029,"y":467,"w":255,"h":51},
	"rotated": false,
	"trimmed": false,
	"spriteSourceSize": {"x":0,"y":0,"w":255,"h":51},
	"sourceSize": {"w":255,"h":51}
},
"bigPlatinumPortrait_012.png":
{
	"frame": {"x":1286,"y":467,"w":255,"h":51},
	"rotated": false,
	"trimmed": false,
	"spriteSourceSize": {"x":0,"y":0,"w":255,"h":51},
	"sourceSize": {"w":255,"h":51}
},
"bigPlatinumPortrait_013.png":
{
	"frame": {"x":1543,"y":467,"w":255,"h":51},
	"rotated": false,
	"trimmed": false,
	"spriteSourceSize": {"x":0,"y":0,"w":255,"h":51},
	"sourceSize": {"w":255,"h":51}
},
"bigPlatinumPortrait_014.png":
{
	"frame": {"x":1,"y":467,"w":255,"h":51},
	"rotated": false,
	"trimmed": false,
	"spriteSourceSize": {"x":0,"y":0,"w":255,"h":51},
	"sourceSize": {"w":255,"h":51}
},
"bigPlatinumPortrait_015.png":
{
	"frame": {"x":1543,"y":414,"w":255,"h":51},
	"rotated": false,
	"trimmed": false,
	"spriteSourceSize": {"x":0,"y":0,"w":255,"h":51},
	"sourceSize": {"w":255,"h":51}
},
"bigPlatinumPortrait_016.png":
{
	"frame": {"x":258,"y":467,"w":255,"h":51},
	"rotated": false,
	"trimmed": false,
	"spriteSourceSize": {"x":0,"y":0,"w":255,"h":51},
	"sourceSize": {"w":255,"h":51}
},
"bigPlatinumPortrait_017.png":
{
	"frame": {"x":772,"y":467,"w":255,"h":51},
	"rotated": false,
	"trimmed": false,
	"spriteSourceSize": {"x":0,"y":0,"w":255,"h":51},
	"sourceSize": {"w":255,"h":51}
},
"bigPlatinumPortrait_018.png":
{
	"frame": {"x":515,"y":467,"w":255,"h":51},
	"rotated": false,
	"trimmed": false,
	"spriteSourceSize": {"x":0,"y":0,"w":255,"h":51},
	"sourceSize": {"w":255,"h":51}
},
"bigPlatinumPortrait_019.png":
{
	"frame": {"x":1286,"y":414,"w":255,"h":51},
	"rotated": false,
	"trimmed": false,
	"spriteSourceSize": {"x":0,"y":0,"w":255,"h":51},
	"sourceSize": {"w":255,"h":51}
},
"bigPlatinumPortrait_020.png":
{
	"frame": {"x":778,"y":361,"w":255,"h":51},
	"rotated": false,
	"trimmed": false,
	"spriteSourceSize": {"x":0,"y":0,"w":255,"h":51},
	"sourceSize": {"w":255,"h":51}
},
"bigPlatinumPortrait_021.png":
{
	"frame": {"x":1561,"y":308,"w":255,"h":51},
	"rotated": false,
	"trimmed": false,
	"spriteSourceSize": {"x":0,"y":0,"w":255,"h":51},
	"sourceSize": {"w":255,"h":51}
},
"bigPlatinumPortrait_022.png":
{
	"frame": {"x":1561,"y":308,"w":255,"h":51},
	"rotated": false,
	"trimmed": false,
	"spriteSourceSize": {"x":0,"y":0,"w":255,"h":51},
	"sourceSize": {"w":255,"h":51}
},
"bigPlatinumPortrait_023.png":
{
	"frame": {"x":1561,"y":308,"w":255,"h":51},
	"rotated": false,
	"trimmed": false,
	"spriteSourceSize": {"x":0,"y":0,"w":255,"h":51},
	"sourceSize": {"w":255,"h":51}
},
"bigPlatinumPortrait_024.png":
{
	"frame": {"x":1561,"y":308,"w":255,"h":51},
	"rotated": false,
	"trimmed": false,
	"spriteSourceSize": {"x":0,"y":0,"w":255,"h":51},
	"sourceSize": {"w":255,"h":51}
},
"bigPlatinumPortrait_025.png":
{
	"frame": {"x":1561,"y":308,"w":255,"h":51},
	"rotated": false,
	"trimmed": false,
	"spriteSourceSize": {"x":0,"y":0,"w":255,"h":51},
	"sourceSize": {"w":255,"h":51}
},
"bigPlatinumPortrait_026.png":
{
	"frame": {"x":1561,"y":308,"w":255,"h":51},
	"rotated": false,
	"trimmed": false,
	"spriteSourceSize": {"x":0,"y":0,"w":255,"h":51},
	"sourceSize": {"w":255,"h":51}
},
"bigPlatinumPortrait_027.png":
{
	"frame": {"x":1561,"y":308,"w":255,"h":51},
	"rotated": false,
	"trimmed": false,
	"spriteSourceSize": {"x":0,"y":0,"w":255,"h":51},
	"sourceSize": {"w":255,"h":51}
},
"bigSilverPortrait_000.png":
{
	"frame": {"x":1,"y":1,"w":231,"h":49},
	"rotated": false,
	"trimmed": true,
	"spriteSourceSize": {"x":1,"y":0,"w":231,"h":49},
	"sourceSize": {"w":233,"h":49}
},
"bigSilverPortrait_001.png":
{
	"frame": {"x":1,"y":1,"w":231,"h":49},
	"rotated": false,
	"trimmed": true,
	"spriteSourceSize": {"x":1,"y":0,"w":231,"h":49},
	"sourceSize": {"w":233,"h":49}
},
"bigSilverPortrait_002.png":
{
	"frame": {"x":1,"y":1,"w":231,"h":49},
	"rotated": false,
	"trimmed": true,
	"spriteSourceSize": {"x":1,"y":0,"w":231,"h":49},
	"sourceSize": {"w":233,"h":49}
},
"bigSilverPortrait_003.png":
{
	"frame": {"x":1399,"y":1,"w":231,"h":49},
	"rotated": false,
	"trimmed": true,
	"spriteSourceSize": {"x":1,"y":0,"w":231,"h":49},
	"sourceSize": {"w":233,"h":49}
},
"bigSilverPortrait_004.png":
{
	"frame": {"x":1,"y":52,"w":231,"h":49},
	"rotated": false,
	"trimmed": true,
	"spriteSourceSize": {"x":1,"y":0,"w":231,"h":49},
	"sourceSize": {"w":233,"h":49}
},
"bigSilverPortrait_005.png":
{
	"frame": {"x":1632,"y":1,"w":231,"h":49},
	"rotated": false,
	"trimmed": true,
	"spriteSourceSize": {"x":1,"y":0,"w":231,"h":49},
	"sourceSize": {"w":233,"h":49}
},
"bigSilverPortrait_006.png":
{
	"frame": {"x":1166,"y":1,"w":231,"h":49},
	"rotated": false,
	"trimmed": true,
	"spriteSourceSize": {"x":1,"y":0,"w":231,"h":49},
	"sourceSize": {"w":233,"h":49}
},
"bigSilverPortrait_007.png":
{
	"frame": {"x":933,"y":1,"w":231,"h":49},
	"rotated": false,
	"trimmed": true,
	"spriteSourceSize": {"x":1,"y":0,"w":231,"h":49},
	"sourceSize": {"w":233,"h":49}
},
"bigSilverPortrait_008.png":
{
	"frame": {"x":234,"y":1,"w":231,"h":49},
	"rotated": false,
	"trimmed": true,
	"spriteSourceSize": {"x":1,"y":0,"w":231,"h":49},
	"sourceSize": {"w":233,"h":49}
},
"bigSilverPortrait_009.png":
{
	"frame": {"x":700,"y":1,"w":231,"h":49},
	"rotated": false,
	"trimmed": true,
	"spriteSourceSize": {"x":1,"y":0,"w":231,"h":49},
	"sourceSize": {"w":233,"h":49}
},
"bigSilverPortrait_010.png":
{
	"frame": {"x":467,"y":1,"w":231,"h":49},
	"rotated": false,
	"trimmed": true,
	"spriteSourceSize": {"x":1,"y":0,"w":231,"h":49},
	"sourceSize": {"w":233,"h":49}
},
"bigSilverPortrait_011.png":
{
	"frame": {"x":234,"y":52,"w":231,"h":49},
	"rotated": false,
	"trimmed": true,
	"spriteSourceSize": {"x":1,"y":0,"w":231,"h":49},
	"sourceSize": {"w":233,"h":49}
},
"bigSilverPortrait_012.png":
{
	"frame": {"x":467,"y":52,"w":231,"h":49},
	"rotated": false,
	"trimmed": true,
	"spriteSourceSize": {"x":1,"y":0,"w":231,"h":49},
	"sourceSize": {"w":233,"h":49}
},
"bigSilverPortrait_013.png":
{
	"frame": {"x":1,"y":103,"w":231,"h":49},
	"rotated": false,
	"trimmed": true,
	"spriteSourceSize": {"x":1,"y":0,"w":231,"h":49},
	"sourceSize": {"w":233,"h":49}
},
"bigSilverPortrait_014.png":
{
	"frame": {"x":467,"y":103,"w":231,"h":49},
	"rotated": false,
	"trimmed": true,
	"spriteSourceSize": {"x":1,"y":0,"w":231,"h":49},
	"sourceSize": {"w":233,"h":49}
},
"bigSilverPortrait_015.png":
{
	"frame": {"x":234,"y":103,"w":231,"h":49},
	"rotated": false,
	"trimmed": true,
	"spriteSourceSize": {"x":1,"y":0,"w":231,"h":49},
	"sourceSize": {"w":233,"h":49}
},
"bigSilverPortrait_016.png":
{
	"frame": {"x":1632,"y":52,"w":231,"h":49},
	"rotated": false,
	"trimmed": true,
	"spriteSourceSize": {"x":1,"y":0,"w":231,"h":49},
	"sourceSize": {"w":233,"h":49}
},
"bigSilverPortrait_017.png":
{
	"frame": {"x":1399,"y":52,"w":231,"h":49},
	"rotated": false,
	"trimmed": true,
	"spriteSourceSize": {"x":1,"y":0,"w":231,"h":49},
	"sourceSize": {"w":233,"h":49}
},
"bigSilverPortrait_018.png":
{
	"frame": {"x":700,"y":52,"w":231,"h":49},
	"rotated": false,
	"trimmed": true,
	"spriteSourceSize": {"x":1,"y":0,"w":231,"h":49},
	"sourceSize": {"w":233,"h":49}
},
"bigSilverPortrait_019.png":
{
	"frame": {"x":1166,"y":52,"w":231,"h":49},
	"rotated": false,
	"trimmed": true,
	"spriteSourceSize": {"x":1,"y":0,"w":231,"h":49},
	"sourceSize": {"w":233,"h":49}
},
"bigSilverPortrait_020.png":
{
	"frame": {"x":933,"y":52,"w":231,"h":49},
	"rotated": false,
	"trimmed": true,
	"spriteSourceSize": {"x":1,"y":0,"w":231,"h":49},
	"sourceSize": {"w":233,"h":49}
},
"bigSilverPortrait_021.png":
{
	"frame": {"x":700,"y":103,"w":231,"h":49},
	"rotated": false,
	"trimmed": true,
	"spriteSourceSize": {"x":1,"y":0,"w":231,"h":49},
	"sourceSize": {"w":233,"h":49}
},
"bigSilverPortrait_022.png":
{
	"frame": {"x":700,"y":103,"w":231,"h":49},
	"rotated": false,
	"trimmed": true,
	"spriteSourceSize": {"x":1,"y":0,"w":231,"h":49},
	"sourceSize": {"w":233,"h":49}
},
"bigSilverPortrait_023.png":
{
	"frame": {"x":700,"y":103,"w":231,"h":49},
	"rotated": false,
	"trimmed": true,
	"spriteSourceSize": {"x":1,"y":0,"w":231,"h":49},
	"sourceSize": {"w":233,"h":49}
},
"bigSilverPortrait_024.png":
{
	"frame": {"x":700,"y":103,"w":231,"h":49},
	"rotated": false,
	"trimmed": true,
	"spriteSourceSize": {"x":1,"y":0,"w":231,"h":49},
	"sourceSize": {"w":233,"h":49}
},
"bigSilverPortrait_025.png":
{
	"frame": {"x":700,"y":103,"w":231,"h":49},
	"rotated": false,
	"trimmed": true,
	"spriteSourceSize": {"x":1,"y":0,"w":231,"h":49},
	"sourceSize": {"w":233,"h":49}
},
"bigSilverPortrait_026.png":
{
	"frame": {"x":700,"y":103,"w":231,"h":49},
	"rotated": false,
	"trimmed": true,
	"spriteSourceSize": {"x":1,"y":0,"w":231,"h":49},
	"sourceSize": {"w":233,"h":49}
},
"bigSilverPortrait_027.png":
{
	"frame": {"x":700,"y":103,"w":231,"h":49},
	"rotated": false,
	"trimmed": true,
	"spriteSourceSize": {"x":1,"y":0,"w":231,"h":49},
	"sourceSize": {"w":233,"h":49}
}},
"meta": {
	"app": "https://www.codeandweb.com/texturepacker",
	"version": "1.0",
	"image": "portrait_JP_Panels_Animation.png",
	"format": "RGBA8888",
	"size": {"w":2048,"h":2048},
	"scale": "1",
	"smartupdate": "$TexturePacker:SmartUpdate:2fcff2fef480d5d852c5c48cbf1772d0:a3515231e0b473f3d53366bc08f743ef:87be4778f0d59bfacedb9342583b96a3$"
}
}
