{"frames": {

"small_bronze_portrait_000.png":
{
	"frame": {"x":1,"y":1,"w":75,"h":35},
	"rotated": false,
	"trimmed": true,
	"spriteSourceSize": {"x":8,"y":6,"w":75,"h":35},
	"sourceSize": {"w":90,"h":47}
},
"small_bronze_portrait_001.png":
{
	"frame": {"x":1,"y":1,"w":75,"h":35},
	"rotated": false,
	"trimmed": true,
	"spriteSourceSize": {"x":8,"y":6,"w":75,"h":35},
	"sourceSize": {"w":90,"h":47}
},
"small_bronze_portrait_002.png":
{
	"frame": {"x":1,"y":1,"w":75,"h":35},
	"rotated": false,
	"trimmed": true,
	"spriteSourceSize": {"x":8,"y":6,"w":75,"h":35},
	"sourceSize": {"w":90,"h":47}
},
"small_bronze_portrait_003.png":
{
	"frame": {"x":1,"y":1,"w":75,"h":35},
	"rotated": false,
	"trimmed": true,
	"spriteSourceSize": {"x":8,"y":6,"w":75,"h":35},
	"sourceSize": {"w":90,"h":47}
},
"small_bronze_portrait_004.png":
{
	"frame": {"x":1,"y":1,"w":75,"h":35},
	"rotated": false,
	"trimmed": true,
	"spriteSourceSize": {"x":8,"y":6,"w":75,"h":35},
	"sourceSize": {"w":90,"h":47}
},
"small_bronze_portrait_005.png":
{
	"frame": {"x":78,"y":1,"w":83,"h":41},
	"rotated": false,
	"trimmed": true,
	"spriteSourceSize": {"x":0,"y":0,"w":83,"h":41},
	"sourceSize": {"w":90,"h":47}
},
"small_bronze_portrait_006.png":
{
	"frame": {"x":163,"y":1,"w":83,"h":41},
	"rotated": false,
	"trimmed": true,
	"spriteSourceSize": {"x":0,"y":0,"w":83,"h":41},
	"sourceSize": {"w":90,"h":47}
},
"small_bronze_portrait_007.png":
{
	"frame": {"x":248,"y":1,"w":83,"h":41},
	"rotated": false,
	"trimmed": true,
	"spriteSourceSize": {"x":0,"y":0,"w":83,"h":41},
	"sourceSize": {"w":90,"h":47}
},
"small_bronze_portrait_008.png":
{
	"frame": {"x":333,"y":1,"w":83,"h":41},
	"rotated": false,
	"trimmed": true,
	"spriteSourceSize": {"x":0,"y":0,"w":83,"h":41},
	"sourceSize": {"w":90,"h":47}
},
"small_bronze_portrait_009.png":
{
	"frame": {"x":418,"y":1,"w":83,"h":41},
	"rotated": false,
	"trimmed": true,
	"spriteSourceSize": {"x":0,"y":0,"w":83,"h":41},
	"sourceSize": {"w":90,"h":47}
},
"small_bronze_portrait_010.png":
{
	"frame": {"x":503,"y":1,"w":89,"h":43},
	"rotated": false,
	"trimmed": true,
	"spriteSourceSize": {"x":1,"y":0,"w":89,"h":43},
	"sourceSize": {"w":90,"h":47}
},
"small_bronze_portrait_011.png":
{
	"frame": {"x":594,"y":1,"w":89,"h":43},
	"rotated": false,
	"trimmed": true,
	"spriteSourceSize": {"x":1,"y":0,"w":89,"h":43},
	"sourceSize": {"w":90,"h":47}
},
"small_bronze_portrait_012.png":
{
	"frame": {"x":685,"y":1,"w":88,"h":43},
	"rotated": false,
	"trimmed": true,
	"spriteSourceSize": {"x":1,"y":0,"w":88,"h":43},
	"sourceSize": {"w":90,"h":47}
},
"small_bronze_portrait_013.png":
{
	"frame": {"x":775,"y":1,"w":86,"h":41},
	"rotated": false,
	"trimmed": true,
	"spriteSourceSize": {"x":2,"y":1,"w":86,"h":41},
	"sourceSize": {"w":90,"h":47}
},
"small_bronze_portrait_014.png":
{
	"frame": {"x":863,"y":1,"w":85,"h":41},
	"rotated": false,
	"trimmed": true,
	"spriteSourceSize": {"x":2,"y":1,"w":85,"h":41},
	"sourceSize": {"w":90,"h":47}
},
"small_bronze_portrait_015.png":
{
	"frame": {"x":1,"y":46,"w":84,"h":39},
	"rotated": false,
	"trimmed": true,
	"spriteSourceSize": {"x":3,"y":2,"w":84,"h":39},
	"sourceSize": {"w":90,"h":47}
},
"small_bronze_portrait_016.png":
{
	"frame": {"x":87,"y":46,"w":84,"h":39},
	"rotated": false,
	"trimmed": true,
	"spriteSourceSize": {"x":3,"y":2,"w":84,"h":39},
	"sourceSize": {"w":90,"h":47}
},
"small_bronze_portrait_017.png":
{
	"frame": {"x":173,"y":46,"w":82,"h":38},
	"rotated": false,
	"trimmed": true,
	"spriteSourceSize": {"x":4,"y":3,"w":82,"h":38},
	"sourceSize": {"w":90,"h":47}
},
"small_bronze_portrait_018.png":
{
	"frame": {"x":257,"y":46,"w":82,"h":38},
	"rotated": false,
	"trimmed": true,
	"spriteSourceSize": {"x":4,"y":3,"w":82,"h":38},
	"sourceSize": {"w":90,"h":47}
},
"small_bronze_portrait_019.png":
{
	"frame": {"x":341,"y":46,"w":81,"h":37},
	"rotated": false,
	"trimmed": true,
	"spriteSourceSize": {"x":5,"y":4,"w":81,"h":37},
	"sourceSize": {"w":90,"h":47}
},
"small_bronze_portrait_020.png":
{
	"frame": {"x":424,"y":46,"w":80,"h":40},
	"rotated": false,
	"trimmed": true,
	"spriteSourceSize": {"x":5,"y":4,"w":80,"h":40},
	"sourceSize": {"w":90,"h":47}
},
"small_bronze_portrait_021.png":
{
	"frame": {"x":506,"y":46,"w":78,"h":40},
	"rotated": false,
	"trimmed": true,
	"spriteSourceSize": {"x":6,"y":4,"w":78,"h":40},
	"sourceSize": {"w":90,"h":47}
},
"small_bronze_portrait_022.png":
{
	"frame": {"x":586,"y":46,"w":78,"h":39},
	"rotated": false,
	"trimmed": true,
	"spriteSourceSize": {"x":6,"y":5,"w":78,"h":39},
	"sourceSize": {"w":90,"h":47}
},
"small_bronze_portrait_023.png":
{
	"frame": {"x":666,"y":46,"w":76,"h":39},
	"rotated": false,
	"trimmed": true,
	"spriteSourceSize": {"x":7,"y":5,"w":76,"h":39},
	"sourceSize": {"w":90,"h":47}
},
"small_bronze_portrait_024.png":
{
	"frame": {"x":744,"y":46,"w":75,"h":37},
	"rotated": false,
	"trimmed": true,
	"spriteSourceSize": {"x":8,"y":6,"w":75,"h":37},
	"sourceSize": {"w":90,"h":47}
},
"small_bronze_portrait_025.png":
{
	"frame": {"x":821,"y":46,"w":75,"h":37},
	"rotated": false,
	"trimmed": true,
	"spriteSourceSize": {"x":8,"y":6,"w":75,"h":37},
	"sourceSize": {"w":90,"h":47}
},
"small_bronze_portrait_026.png":
{
	"frame": {"x":898,"y":46,"w":75,"h":36},
	"rotated": false,
	"trimmed": true,
	"spriteSourceSize": {"x":8,"y":6,"w":75,"h":36},
	"sourceSize": {"w":90,"h":47}
},
"small_bronze_portrait_027.png":
{
	"frame": {"x":1,"y":88,"w":75,"h":36},
	"rotated": false,
	"trimmed": true,
	"spriteSourceSize": {"x":8,"y":6,"w":75,"h":36},
	"sourceSize": {"w":90,"h":47}
},
"small_bronze_portrait_028.png":
{
	"frame": {"x":78,"y":88,"w":75,"h":35},
	"rotated": false,
	"trimmed": true,
	"spriteSourceSize": {"x":8,"y":6,"w":75,"h":35},
	"sourceSize": {"w":90,"h":47}
},
"small_gold_portrait_000.png":
{
	"frame": {"x":155,"y":88,"w":116,"h":35},
	"rotated": false,
	"trimmed": true,
	"spriteSourceSize": {"x":2,"y":6,"w":116,"h":35},
	"sourceSize": {"w":120,"h":47}
},
"small_gold_portrait_001.png":
{
	"frame": {"x":155,"y":88,"w":116,"h":35},
	"rotated": false,
	"trimmed": true,
	"spriteSourceSize": {"x":2,"y":6,"w":116,"h":35},
	"sourceSize": {"w":120,"h":47}
},
"small_gold_portrait_002.png":
{
	"frame": {"x":273,"y":88,"w":116,"h":35},
	"rotated": false,
	"trimmed": true,
	"spriteSourceSize": {"x":2,"y":6,"w":116,"h":35},
	"sourceSize": {"w":120,"h":47}
},
"small_gold_portrait_003.png":
{
	"frame": {"x":391,"y":88,"w":116,"h":35},
	"rotated": false,
	"trimmed": true,
	"spriteSourceSize": {"x":2,"y":6,"w":116,"h":35},
	"sourceSize": {"w":120,"h":47}
},
"small_gold_portrait_004.png":
{
	"frame": {"x":509,"y":88,"w":116,"h":35},
	"rotated": false,
	"trimmed": true,
	"spriteSourceSize": {"x":2,"y":6,"w":116,"h":35},
	"sourceSize": {"w":120,"h":47}
},
"small_gold_portrait_005.png":
{
	"frame": {"x":627,"y":88,"w":116,"h":41},
	"rotated": false,
	"trimmed": true,
	"spriteSourceSize": {"x":2,"y":0,"w":116,"h":41},
	"sourceSize": {"w":120,"h":47}
},
"small_gold_portrait_006.png":
{
	"frame": {"x":745,"y":88,"w":116,"h":41},
	"rotated": false,
	"trimmed": true,
	"spriteSourceSize": {"x":2,"y":0,"w":116,"h":41},
	"sourceSize": {"w":120,"h":47}
},
"small_gold_portrait_007.png":
{
	"frame": {"x":863,"y":88,"w":116,"h":41},
	"rotated": false,
	"trimmed": true,
	"spriteSourceSize": {"x":2,"y":0,"w":116,"h":41},
	"sourceSize": {"w":120,"h":47}
},
"small_gold_portrait_008.png":
{
	"frame": {"x":1,"y":131,"w":116,"h":41},
	"rotated": false,
	"trimmed": true,
	"spriteSourceSize": {"x":2,"y":0,"w":116,"h":41},
	"sourceSize": {"w":120,"h":47}
},
"small_gold_portrait_009.png":
{
	"frame": {"x":119,"y":131,"w":116,"h":41},
	"rotated": false,
	"trimmed": true,
	"spriteSourceSize": {"x":2,"y":0,"w":116,"h":41},
	"sourceSize": {"w":120,"h":47}
},
"small_gold_portrait_010.png":
{
	"frame": {"x":237,"y":131,"w":116,"h":43},
	"rotated": false,
	"trimmed": true,
	"spriteSourceSize": {"x":2,"y":0,"w":116,"h":43},
	"sourceSize": {"w":120,"h":47}
},
"small_gold_portrait_011.png":
{
	"frame": {"x":355,"y":131,"w":116,"h":43},
	"rotated": false,
	"trimmed": true,
	"spriteSourceSize": {"x":2,"y":0,"w":116,"h":43},
	"sourceSize": {"w":120,"h":47}
},
"small_gold_portrait_012.png":
{
	"frame": {"x":473,"y":131,"w":116,"h":43},
	"rotated": false,
	"trimmed": true,
	"spriteSourceSize": {"x":2,"y":0,"w":116,"h":43},
	"sourceSize": {"w":120,"h":47}
},
"small_gold_portrait_013.png":
{
	"frame": {"x":591,"y":131,"w":116,"h":41},
	"rotated": false,
	"trimmed": true,
	"spriteSourceSize": {"x":2,"y":1,"w":116,"h":41},
	"sourceSize": {"w":120,"h":47}
},
"small_gold_portrait_014.png":
{
	"frame": {"x":709,"y":131,"w":116,"h":41},
	"rotated": false,
	"trimmed": true,
	"spriteSourceSize": {"x":2,"y":1,"w":116,"h":41},
	"sourceSize": {"w":120,"h":47}
},
"small_gold_portrait_015.png":
{
	"frame": {"x":827,"y":131,"w":116,"h":39},
	"rotated": false,
	"trimmed": true,
	"spriteSourceSize": {"x":2,"y":2,"w":116,"h":39},
	"sourceSize": {"w":120,"h":47}
},
"small_gold_portrait_016.png":
{
	"frame": {"x":1,"y":176,"w":116,"h":39},
	"rotated": false,
	"trimmed": true,
	"spriteSourceSize": {"x":2,"y":2,"w":116,"h":39},
	"sourceSize": {"w":120,"h":47}
},
"small_gold_portrait_017.png":
{
	"frame": {"x":119,"y":176,"w":116,"h":38},
	"rotated": false,
	"trimmed": true,
	"spriteSourceSize": {"x":2,"y":3,"w":116,"h":38},
	"sourceSize": {"w":120,"h":47}
},
"small_gold_portrait_018.png":
{
	"frame": {"x":237,"y":176,"w":116,"h":38},
	"rotated": false,
	"trimmed": true,
	"spriteSourceSize": {"x":2,"y":3,"w":116,"h":38},
	"sourceSize": {"w":120,"h":47}
},
"small_gold_portrait_019.png":
{
	"frame": {"x":355,"y":176,"w":116,"h":37},
	"rotated": false,
	"trimmed": true,
	"spriteSourceSize": {"x":2,"y":4,"w":116,"h":37},
	"sourceSize": {"w":120,"h":47}
},
"small_gold_portrait_020.png":
{
	"frame": {"x":473,"y":176,"w":116,"h":40},
	"rotated": false,
	"trimmed": true,
	"spriteSourceSize": {"x":2,"y":4,"w":116,"h":40},
	"sourceSize": {"w":120,"h":47}
},
"small_gold_portrait_021.png":
{
	"frame": {"x":591,"y":176,"w":116,"h":40},
	"rotated": false,
	"trimmed": true,
	"spriteSourceSize": {"x":2,"y":4,"w":116,"h":40},
	"sourceSize": {"w":120,"h":47}
},
"small_gold_portrait_022.png":
{
	"frame": {"x":709,"y":176,"w":116,"h":39},
	"rotated": false,
	"trimmed": true,
	"spriteSourceSize": {"x":2,"y":5,"w":116,"h":39},
	"sourceSize": {"w":120,"h":47}
},
"small_gold_portrait_023.png":
{
	"frame": {"x":827,"y":176,"w":116,"h":39},
	"rotated": false,
	"trimmed": true,
	"spriteSourceSize": {"x":2,"y":5,"w":116,"h":39},
	"sourceSize": {"w":120,"h":47}
},
"small_gold_portrait_024.png":
{
	"frame": {"x":1,"y":218,"w":116,"h":37},
	"rotated": false,
	"trimmed": true,
	"spriteSourceSize": {"x":2,"y":6,"w":116,"h":37},
	"sourceSize": {"w":120,"h":47}
},
"small_gold_portrait_025.png":
{
	"frame": {"x":119,"y":218,"w":116,"h":37},
	"rotated": false,
	"trimmed": true,
	"spriteSourceSize": {"x":2,"y":6,"w":116,"h":37},
	"sourceSize": {"w":120,"h":47}
},
"small_gold_portrait_026.png":
{
	"frame": {"x":237,"y":218,"w":116,"h":36},
	"rotated": false,
	"trimmed": true,
	"spriteSourceSize": {"x":2,"y":6,"w":116,"h":36},
	"sourceSize": {"w":120,"h":47}
},
"small_gold_portrait_027.png":
{
	"frame": {"x":355,"y":218,"w":116,"h":36},
	"rotated": false,
	"trimmed": true,
	"spriteSourceSize": {"x":2,"y":6,"w":116,"h":36},
	"sourceSize": {"w":120,"h":47}
},
"small_gold_portrait_028.png":
{
	"frame": {"x":473,"y":218,"w":116,"h":35},
	"rotated": false,
	"trimmed": true,
	"spriteSourceSize": {"x":2,"y":6,"w":116,"h":35},
	"sourceSize": {"w":120,"h":47}
},
"small_platinum_portrait_000.png":
{
	"frame": {"x":591,"y":218,"w":136,"h":35},
	"rotated": false,
	"trimmed": true,
	"spriteSourceSize": {"x":7,"y":6,"w":136,"h":35},
	"sourceSize": {"w":150,"h":47}
},
"small_platinum_portrait_001.png":
{
	"frame": {"x":591,"y":218,"w":136,"h":35},
	"rotated": false,
	"trimmed": true,
	"spriteSourceSize": {"x":7,"y":6,"w":136,"h":35},
	"sourceSize": {"w":150,"h":47}
},
"small_platinum_portrait_002.png":
{
	"frame": {"x":591,"y":218,"w":136,"h":35},
	"rotated": false,
	"trimmed": true,
	"spriteSourceSize": {"x":7,"y":6,"w":136,"h":35},
	"sourceSize": {"w":150,"h":47}
},
"small_platinum_portrait_003.png":
{
	"frame": {"x":729,"y":218,"w":136,"h":35},
	"rotated": false,
	"trimmed": true,
	"spriteSourceSize": {"x":7,"y":6,"w":136,"h":35},
	"sourceSize": {"w":150,"h":47}
},
"small_platinum_portrait_004.png":
{
	"frame": {"x":867,"y":218,"w":136,"h":35},
	"rotated": false,
	"trimmed": true,
	"spriteSourceSize": {"x":7,"y":6,"w":136,"h":35},
	"sourceSize": {"w":150,"h":47}
},
"small_platinum_portrait_005.png":
{
	"frame": {"x":1,"y":257,"w":136,"h":41},
	"rotated": false,
	"trimmed": true,
	"spriteSourceSize": {"x":7,"y":0,"w":136,"h":41},
	"sourceSize": {"w":150,"h":47}
},
"small_platinum_portrait_006.png":
{
	"frame": {"x":139,"y":257,"w":136,"h":41},
	"rotated": false,
	"trimmed": true,
	"spriteSourceSize": {"x":7,"y":0,"w":136,"h":41},
	"sourceSize": {"w":150,"h":47}
},
"small_platinum_portrait_007.png":
{
	"frame": {"x":277,"y":257,"w":136,"h":41},
	"rotated": false,
	"trimmed": true,
	"spriteSourceSize": {"x":7,"y":0,"w":136,"h":41},
	"sourceSize": {"w":150,"h":47}
},
"small_platinum_portrait_008.png":
{
	"frame": {"x":415,"y":257,"w":136,"h":41},
	"rotated": false,
	"trimmed": true,
	"spriteSourceSize": {"x":7,"y":0,"w":136,"h":41},
	"sourceSize": {"w":150,"h":47}
},
"small_platinum_portrait_009.png":
{
	"frame": {"x":553,"y":257,"w":136,"h":41},
	"rotated": false,
	"trimmed": true,
	"spriteSourceSize": {"x":7,"y":0,"w":136,"h":41},
	"sourceSize": {"w":150,"h":47}
},
"small_platinum_portrait_010.png":
{
	"frame": {"x":691,"y":257,"w":136,"h":43},
	"rotated": false,
	"trimmed": true,
	"spriteSourceSize": {"x":7,"y":0,"w":136,"h":43},
	"sourceSize": {"w":150,"h":47}
},
"small_platinum_portrait_011.png":
{
	"frame": {"x":829,"y":257,"w":136,"h":43},
	"rotated": false,
	"trimmed": true,
	"spriteSourceSize": {"x":7,"y":0,"w":136,"h":43},
	"sourceSize": {"w":150,"h":47}
},
"small_platinum_portrait_012.png":
{
	"frame": {"x":1,"y":302,"w":136,"h":43},
	"rotated": false,
	"trimmed": true,
	"spriteSourceSize": {"x":7,"y":0,"w":136,"h":43},
	"sourceSize": {"w":150,"h":47}
},
"small_platinum_portrait_013.png":
{
	"frame": {"x":139,"y":302,"w":136,"h":41},
	"rotated": false,
	"trimmed": true,
	"spriteSourceSize": {"x":7,"y":1,"w":136,"h":41},
	"sourceSize": {"w":150,"h":47}
},
"small_platinum_portrait_014.png":
{
	"frame": {"x":277,"y":302,"w":136,"h":41},
	"rotated": false,
	"trimmed": true,
	"spriteSourceSize": {"x":7,"y":1,"w":136,"h":41},
	"sourceSize": {"w":150,"h":47}
},
"small_platinum_portrait_015.png":
{
	"frame": {"x":415,"y":302,"w":136,"h":39},
	"rotated": false,
	"trimmed": true,
	"spriteSourceSize": {"x":7,"y":2,"w":136,"h":39},
	"sourceSize": {"w":150,"h":47}
},
"small_platinum_portrait_016.png":
{
	"frame": {"x":553,"y":302,"w":136,"h":39},
	"rotated": false,
	"trimmed": true,
	"spriteSourceSize": {"x":7,"y":2,"w":136,"h":39},
	"sourceSize": {"w":150,"h":47}
},
"small_platinum_portrait_017.png":
{
	"frame": {"x":691,"y":302,"w":136,"h":38},
	"rotated": false,
	"trimmed": true,
	"spriteSourceSize": {"x":7,"y":3,"w":136,"h":38},
	"sourceSize": {"w":150,"h":47}
},
"small_platinum_portrait_018.png":
{
	"frame": {"x":829,"y":302,"w":136,"h":38},
	"rotated": false,
	"trimmed": true,
	"spriteSourceSize": {"x":7,"y":3,"w":136,"h":38},
	"sourceSize": {"w":150,"h":47}
},
"small_platinum_portrait_019.png":
{
	"frame": {"x":1,"y":347,"w":136,"h":37},
	"rotated": false,
	"trimmed": true,
	"spriteSourceSize": {"x":7,"y":4,"w":136,"h":37},
	"sourceSize": {"w":150,"h":47}
},
"small_platinum_portrait_020.png":
{
	"frame": {"x":139,"y":347,"w":136,"h":40},
	"rotated": false,
	"trimmed": true,
	"spriteSourceSize": {"x":7,"y":4,"w":136,"h":40},
	"sourceSize": {"w":150,"h":47}
},
"small_platinum_portrait_021.png":
{
	"frame": {"x":277,"y":347,"w":136,"h":40},
	"rotated": false,
	"trimmed": true,
	"spriteSourceSize": {"x":7,"y":4,"w":136,"h":40},
	"sourceSize": {"w":150,"h":47}
},
"small_platinum_portrait_022.png":
{
	"frame": {"x":415,"y":347,"w":136,"h":39},
	"rotated": false,
	"trimmed": true,
	"spriteSourceSize": {"x":7,"y":5,"w":136,"h":39},
	"sourceSize": {"w":150,"h":47}
},
"small_platinum_portrait_023.png":
{
	"frame": {"x":553,"y":347,"w":136,"h":39},
	"rotated": false,
	"trimmed": true,
	"spriteSourceSize": {"x":7,"y":5,"w":136,"h":39},
	"sourceSize": {"w":150,"h":47}
},
"small_platinum_portrait_024.png":
{
	"frame": {"x":691,"y":347,"w":136,"h":37},
	"rotated": false,
	"trimmed": true,
	"spriteSourceSize": {"x":7,"y":6,"w":136,"h":37},
	"sourceSize": {"w":150,"h":47}
},
"small_platinum_portrait_025.png":
{
	"frame": {"x":829,"y":347,"w":136,"h":37},
	"rotated": false,
	"trimmed": true,
	"spriteSourceSize": {"x":7,"y":6,"w":136,"h":37},
	"sourceSize": {"w":150,"h":47}
},
"small_platinum_portrait_026.png":
{
	"frame": {"x":1,"y":389,"w":136,"h":36},
	"rotated": false,
	"trimmed": true,
	"spriteSourceSize": {"x":7,"y":6,"w":136,"h":36},
	"sourceSize": {"w":150,"h":47}
},
"small_platinum_portrait_027.png":
{
	"frame": {"x":139,"y":389,"w":136,"h":36},
	"rotated": false,
	"trimmed": true,
	"spriteSourceSize": {"x":7,"y":6,"w":136,"h":36},
	"sourceSize": {"w":150,"h":47}
},
"small_platinum_portrait_028.png":
{
	"frame": {"x":277,"y":389,"w":136,"h":35},
	"rotated": false,
	"trimmed": true,
	"spriteSourceSize": {"x":7,"y":6,"w":136,"h":35},
	"sourceSize": {"w":150,"h":47}
},
"small_silver_portrait_000.png":
{
	"frame": {"x":415,"y":389,"w":92,"h":35},
	"rotated": false,
	"trimmed": true,
	"spriteSourceSize": {"x":9,"y":6,"w":92,"h":35},
	"sourceSize": {"w":110,"h":47}
},
"small_silver_portrait_001.png":
{
	"frame": {"x":415,"y":389,"w":92,"h":35},
	"rotated": false,
	"trimmed": true,
	"spriteSourceSize": {"x":9,"y":6,"w":92,"h":35},
	"sourceSize": {"w":110,"h":47}
},
"small_silver_portrait_002.png":
{
	"frame": {"x":415,"y":389,"w":92,"h":35},
	"rotated": false,
	"trimmed": true,
	"spriteSourceSize": {"x":9,"y":6,"w":92,"h":35},
	"sourceSize": {"w":110,"h":47}
},
"small_silver_portrait_003.png":
{
	"frame": {"x":415,"y":389,"w":92,"h":35},
	"rotated": false,
	"trimmed": true,
	"spriteSourceSize": {"x":9,"y":6,"w":92,"h":35},
	"sourceSize": {"w":110,"h":47}
},
"small_silver_portrait_004.png":
{
	"frame": {"x":509,"y":389,"w":92,"h":35},
	"rotated": false,
	"trimmed": true,
	"spriteSourceSize": {"x":9,"y":6,"w":92,"h":35},
	"sourceSize": {"w":110,"h":47}
},
"small_silver_portrait_005.png":
{
	"frame": {"x":603,"y":389,"w":93,"h":41},
	"rotated": false,
	"trimmed": true,
	"spriteSourceSize": {"x":8,"y":0,"w":93,"h":41},
	"sourceSize": {"w":110,"h":47}
},
"small_silver_portrait_006.png":
{
	"frame": {"x":698,"y":389,"w":93,"h":41},
	"rotated": false,
	"trimmed": true,
	"spriteSourceSize": {"x":8,"y":0,"w":93,"h":41},
	"sourceSize": {"w":110,"h":47}
},
"small_silver_portrait_007.png":
{
	"frame": {"x":793,"y":389,"w":92,"h":41},
	"rotated": false,
	"trimmed": true,
	"spriteSourceSize": {"x":9,"y":0,"w":92,"h":41},
	"sourceSize": {"w":110,"h":47}
},
"small_silver_portrait_008.png":
{
	"frame": {"x":887,"y":389,"w":92,"h":41},
	"rotated": false,
	"trimmed": true,
	"spriteSourceSize": {"x":9,"y":0,"w":92,"h":41},
	"sourceSize": {"w":110,"h":47}
},
"small_silver_portrait_009.png":
{
	"frame": {"x":1,"y":432,"w":92,"h":41},
	"rotated": false,
	"trimmed": true,
	"spriteSourceSize": {"x":9,"y":0,"w":92,"h":41},
	"sourceSize": {"w":110,"h":47}
},
"small_silver_portrait_010.png":
{
	"frame": {"x":95,"y":432,"w":92,"h":43},
	"rotated": false,
	"trimmed": true,
	"spriteSourceSize": {"x":9,"y":0,"w":92,"h":43},
	"sourceSize": {"w":110,"h":47}
},
"small_silver_portrait_011.png":
{
	"frame": {"x":189,"y":432,"w":92,"h":43},
	"rotated": false,
	"trimmed": true,
	"spriteSourceSize": {"x":9,"y":0,"w":92,"h":43},
	"sourceSize": {"w":110,"h":47}
},
"small_silver_portrait_012.png":
{
	"frame": {"x":283,"y":432,"w":92,"h":43},
	"rotated": false,
	"trimmed": true,
	"spriteSourceSize": {"x":9,"y":0,"w":92,"h":43},
	"sourceSize": {"w":110,"h":47}
},
"small_silver_portrait_013.png":
{
	"frame": {"x":377,"y":432,"w":92,"h":41},
	"rotated": false,
	"trimmed": true,
	"spriteSourceSize": {"x":9,"y":1,"w":92,"h":41},
	"sourceSize": {"w":110,"h":47}
},
"small_silver_portrait_014.png":
{
	"frame": {"x":471,"y":432,"w":92,"h":41},
	"rotated": false,
	"trimmed": true,
	"spriteSourceSize": {"x":9,"y":1,"w":92,"h":41},
	"sourceSize": {"w":110,"h":47}
},
"small_silver_portrait_015.png":
{
	"frame": {"x":565,"y":432,"w":92,"h":39},
	"rotated": false,
	"trimmed": true,
	"spriteSourceSize": {"x":9,"y":2,"w":92,"h":39},
	"sourceSize": {"w":110,"h":47}
},
"small_silver_portrait_016.png":
{
	"frame": {"x":659,"y":432,"w":92,"h":39},
	"rotated": false,
	"trimmed": true,
	"spriteSourceSize": {"x":9,"y":2,"w":92,"h":39},
	"sourceSize": {"w":110,"h":47}
},
"small_silver_portrait_017.png":
{
	"frame": {"x":753,"y":432,"w":92,"h":38},
	"rotated": false,
	"trimmed": true,
	"spriteSourceSize": {"x":9,"y":3,"w":92,"h":38},
	"sourceSize": {"w":110,"h":47}
},
"small_silver_portrait_018.png":
{
	"frame": {"x":847,"y":432,"w":92,"h":38},
	"rotated": false,
	"trimmed": true,
	"spriteSourceSize": {"x":9,"y":3,"w":92,"h":38},
	"sourceSize": {"w":110,"h":47}
},
"small_silver_portrait_019.png":
{
	"frame": {"x":1,"y":477,"w":92,"h":37},
	"rotated": false,
	"trimmed": true,
	"spriteSourceSize": {"x":9,"y":4,"w":92,"h":37},
	"sourceSize": {"w":110,"h":47}
},
"small_silver_portrait_020.png":
{
	"frame": {"x":95,"y":477,"w":92,"h":40},
	"rotated": false,
	"trimmed": true,
	"spriteSourceSize": {"x":9,"y":4,"w":92,"h":40},
	"sourceSize": {"w":110,"h":47}
},
"small_silver_portrait_021.png":
{
	"frame": {"x":189,"y":477,"w":92,"h":40},
	"rotated": false,
	"trimmed": true,
	"spriteSourceSize": {"x":9,"y":4,"w":92,"h":40},
	"sourceSize": {"w":110,"h":47}
},
"small_silver_portrait_022.png":
{
	"frame": {"x":283,"y":477,"w":92,"h":39},
	"rotated": false,
	"trimmed": true,
	"spriteSourceSize": {"x":9,"y":5,"w":92,"h":39},
	"sourceSize": {"w":110,"h":47}
},
"small_silver_portrait_023.png":
{
	"frame": {"x":377,"y":477,"w":92,"h":39},
	"rotated": false,
	"trimmed": true,
	"spriteSourceSize": {"x":9,"y":5,"w":92,"h":39},
	"sourceSize": {"w":110,"h":47}
},
"small_silver_portrait_024.png":
{
	"frame": {"x":471,"y":477,"w":92,"h":37},
	"rotated": false,
	"trimmed": true,
	"spriteSourceSize": {"x":9,"y":6,"w":92,"h":37},
	"sourceSize": {"w":110,"h":47}
},
"small_silver_portrait_025.png":
{
	"frame": {"x":565,"y":477,"w":92,"h":37},
	"rotated": false,
	"trimmed": true,
	"spriteSourceSize": {"x":9,"y":6,"w":92,"h":37},
	"sourceSize": {"w":110,"h":47}
},
"small_silver_portrait_026.png":
{
	"frame": {"x":659,"y":477,"w":92,"h":36},
	"rotated": false,
	"trimmed": true,
	"spriteSourceSize": {"x":9,"y":6,"w":92,"h":36},
	"sourceSize": {"w":110,"h":47}
},
"small_silver_portrait_027.png":
{
	"frame": {"x":753,"y":477,"w":92,"h":36},
	"rotated": false,
	"trimmed": true,
	"spriteSourceSize": {"x":9,"y":6,"w":92,"h":36},
	"sourceSize": {"w":110,"h":47}
},
"small_silver_portrait_028.png":
{
	"frame": {"x":847,"y":477,"w":92,"h":35},
	"rotated": false,
	"trimmed": true,
	"spriteSourceSize": {"x":9,"y":6,"w":92,"h":35},
	"sourceSize": {"w":110,"h":47}
}},
"meta": {
	"app": "https://www.codeandweb.com/texturepacker",
	"version": "1.0",
	"image": "portraitJPPanelsAnimationSmall.png",
	"format": "RGBA8888",
	"size": {"w":1024,"h":1024},
	"scale": "1",
	"smartupdate": "$TexturePacker:SmartUpdate:b29dbc36eb3a4c1a8cf285e204de4f51:cca362302a20e27c4f2e0e9b69e90bbf:b7310edf36e343f2fe52c9f2e9801e0b$"
}
}
