{"frames": {

"00.png":
{
	"frame": {"x":1,"y":1,"w":132,"h":132},
	"rotated": false,
	"trimmed": false,
	"spriteSourceSize": {"x":0,"y":0,"w":132,"h":132},
	"sourceSize": {"w":132,"h":132}
},
"01.png":
{
	"frame": {"x":135,"y":1,"w":132,"h":132},
	"rotated": false,
	"trimmed": false,
	"spriteSourceSize": {"x":0,"y":0,"w":132,"h":132},
	"sourceSize": {"w":132,"h":132}
},
"02.png":
{
	"frame": {"x":269,"y":1,"w":132,"h":132},
	"rotated": false,
	"trimmed": false,
	"spriteSourceSize": {"x":0,"y":0,"w":132,"h":132},
	"sourceSize": {"w":132,"h":132}
},
"03.png":
{
	"frame": {"x":403,"y":1,"w":3,"h":3},
	"rotated": false,
	"trimmed": true,
	"spriteSourceSize": {"x":0,"y":0,"w":3,"h":3},
	"sourceSize": {"w":132,"h":132}
},
"04.png":
{
	"frame": {"x":1,"y":135,"w":132,"h":132},
	"rotated": false,
	"trimmed": false,
	"spriteSourceSize": {"x":0,"y":0,"w":132,"h":132},
	"sourceSize": {"w":132,"h":132}
}},
"meta": {
	"app": "https://www.codeandweb.com/texturepacker",
	"version": "1.0",
	"image": "reelImagesEQ.png",
	"format": "RGBA8888",
	"size": {"w":512,"h":512},
	"scale": "1",
	"smartupdate": "$TexturePacker:SmartUpdate:e0e9d48d14e7050cd83875e195f3daf1:fd321816ac4a92f7d90c30c053a9a20d:0fe7ca86fe258be62b2cd08d8ea27311$"
}
}
